Temperature (K),Pressure (MPa),Enthalpy (kJ/mol),Reference
130.0,5.0,0.5668,van Kasteren-1979  
140.0,5.0,1.1505,van Kasteren-1979  
150.0,5.0,1.7581,van Kasteren-1979  
160.0,5.0,2.3977,van Kasteren-1979  
170.0,5.0,3.0898,van Kasteren-1979  
180.0,5.0,3.8884,van Kasteren-1979  
185.0,5.0,4.369,van Kasteren-1979  
190.0,5.0,5.0348,van Kasteren-1979  
195.0,5.0,7.403,van Kasteren-1979   
200.0,5.0,8.3099,van Kasteren-1979   
210.0,5.0,9.2266,van Kasteren-1979  
220.0,5.0,9.8531,van Kasteren-1979  
230.0,5.0,10.396,van Kasteren-1979  
240.0,5.0,10.8962,van Kasteren-1979  
250.0,5.0,11.3668,van Kasteren-1979  
255.0,5.0,11.5964,van Kasteren-1979  
150.0,3.2,0.6101,van Kasteren-1979 
160.0,3.2,1.2694,van Kasteren-1979 
170.0,3.2,1.9975,van Kasteren-1979  
175.0,3.2,2.4354,van Kasteren-1979  
180.0,3.2,7.157,van Kasteren-1979  
185.0,3.2,7.5817,van Kasteren-1979  
190.0,3.2,7.9245,van Kasteren-1979  
200.0,3.2,8.5083,van Kasteren-1979  
210.0,3.2,8.9741,van Kasteren-1979     
338.71,3.45,0.4254,Dillard-1968
338.71,6.89,0.8479,Dillard-1968
338.71,10.34,1.2581,Dillard-1968
338.71,13.79,1.6163,Dillard-1968
294.26,3.45,0.5661,Budenholzer-1939       
294.26,6.89,1.1211,Budenholzer-1939       
294.26,10.34,1.6645,Budenholzer-1939       
310.93,3.45,0.4993,Budenholzer-1939   
310.93,6.89,0.9931,Budenholzer-1939   
310.93,10.34,1.4629,Budenholzer-1939   
327.59,3.45,0.4553,Budenholzer-1939     
327.59,6.89,0.899,Budenholzer-1939     
327.59,10.34,1.3133,Budenholzer-1939     
344.26,3.45,0.4191,Budenholzer-1939   
344.26,6.89,0.8154,Budenholzer-1939   
344.26,10.34,1.1696,Budenholzer-1939   
360.93,3.45,0.3803,Budenholzer-1939   
360.93,6.89,0.7486,Budenholzer-1939    
360.93,10.34,1.0778,Budenholzer-1939    
377.59,3.45,0.3512,Budenholzer-1939   
377.59,6.89,0.6815,Budenholzer-1939   
377.59,10.34,0.9849,Budenholzer-1939 
99.82,0.0,8.4493,Jones-1963
105.37,0.0,8.6321,Jones-1963
110.93,0.0,8.8187,Jones-1963
116.48,0.0,9.0016,Jones-1963
122.04,0.0,9.1845,Jones-1963
127.59,0.0,9.3673,Jones-1963
133.15,0.0,9.5539,Jones-1963
138.71,0.0,9.7368,Jones-1963
144.26,0.0,9.9197,Jones-1963
149.82,0.0,10.1026,Jones-1963
155.37,0.0,10.2892,Jones-1963
160.93,0.0,10.472,Jones-1963
166.48,0.0,10.6549,Jones-1963
172.04,0.0,10.8378,Jones-1963
177.59,0.0,11.0244,Jones-1963
183.15,0.0,11.2072,Jones-1963
185.93,0.0,11.3005,Jones-1963
188.71,0.0,11.3938,Jones-1963
190.59,0.0,11.4573,Jones-1963
194.26,0.0,11.5804,Jones-1963
197.04,0.0,11.6737,Jones-1963
199.82,0.0,11.767,Jones-1963
202.59,0.0,11.8603,Jones-1963
205.37,0.0,11.9536,Jones-1963
210.93,0.0,12.1402,Jones-1963
216.48,0.0,12.3268,Jones-1963
222.04,0.0,12.5134,Jones-1963
227.59,0.0,12.7,Jones-1963
233.15,0.0,12.8866,Jones-1963
238.71,0.0,13.0732,Jones-1963
244.26,0.0,13.2598,Jones-1963
249.82,0.0,13.4502,Jones-1963
255.37,0.0,13.6405,Jones-1963
260.93,0.0,13.8308,Jones-1963
266.48,0.0,14.0212,Jones-1963
272.04,0.0,14.2152,Jones-1963
277.59,0.0,14.4093,Jones-1963
283.15,0.0,14.6034,Jones-1963
99.82,0.34,0.0,Jones-1963
105.37,0.34,0.2986,Jones-1963
110.93,0.34,0.6009,Jones-1963
116.48,0.34,0.9069,Jones-1963
122.04,0.34,1.2166,Jones-1963
127.59,0.34,1.5339,Jones-1963
133.15,0.34,9.3599,Jones-1963
138.71,0.34,9.5465,Jones-1963
144.26,0.34,9.7331,Jones-1963
149.82,0.34,9.9271,Jones-1963
155.37,0.34,10.1212,Jones-1963
160.93,0.34,10.3153,Jones-1963
166.48,0.34,10.5093,Jones-1963
172.04,0.34,10.7034,Jones-1963
177.59,0.34,10.8975,Jones-1963
183.15,0.34,11.0878,Jones-1963
185.93,0.34,11.1848,Jones-1963
188.71,0.34,11.2781,Jones-1963
190.59,0.34,11.3453,Jones-1963
194.26,0.34,11.4685,Jones-1963
197.04,0.34,11.5655,Jones-1963
199.82,0.34,11.6588,Jones-1963
202.59,0.34,11.7558,Jones-1963
205.37,0.34,11.8491,Jones-1963
210.93,0.34,12.0395,Jones-1963
216.48,0.34,12.2298,Jones-1963
222.04,0.34,12.4201,Jones-1963
227.59,0.34,12.6105,Jones-1963
233.15,0.34,12.8008,Jones-1963
238.71,0.34,12.9911,Jones-1963
244.26,0.34,13.1852,Jones-1963
249.82,0.34,13.3755,Jones-1963
255.37,0.34,13.5659,Jones-1963
260.93,0.34,13.7599,Jones-1963
266.48,0.34,13.954,Jones-1963
272.04,0.34,14.1518,Jones-1963
277.59,0.34,14.3496,Jones-1963
283.15,0.34,14.5474,Jones-1963
99.82,0.69,0.0,Jones-1963
105.37,0.69,0.2986,Jones-1963
110.93,0.69,0.6009,Jones-1963
116.48,0.69,0.9069,Jones-1963
122.04,0.69,1.2166,Jones-1963
127.59,0.69,1.5339,Jones-1963
133.15,0.69,1.8585,Jones-1963
138.71,0.69,2.1907,Jones-1963
144.26,0.69,9.5316,Jones-1963
149.82,0.69,9.7331,Jones-1963
155.37,0.69,9.9383,Jones-1963
160.93,0.69,10.1436,Jones-1963
166.48,0.69,10.3451,Jones-1963
172.04,0.69,10.5467,Jones-1963
177.59,0.69,10.7482,Jones-1963
183.15,0.69,10.946,Jones-1963
185.93,0.69,11.0467,Jones-1963
188.71,0.69,11.1438,Jones-1963
190.59,0.69,11.211,Jones-1963
194.26,0.69,11.3416,Jones-1963
197.04,0.69,11.4423,Jones-1963
199.82,0.69,11.5394,Jones-1963
202.59,0.69,11.6439,Jones-1963
205.37,0.69,11.7372,Jones-1963
210.93,0.69,11.935,Jones-1963
216.48,0.69,12.129,Jones-1963
222.04,0.69,12.3231,Jones-1963
227.59,0.69,12.5172,Jones-1963
233.15,0.69,12.715,Jones-1963
238.71,0.69,12.9128,Jones-1963
244.26,0.69,13.1068,Jones-1963
249.82,0.69,13.3009,Jones-1963
255.37,0.69,13.4987,Jones-1963
260.93,0.69,13.6965,Jones-1963
266.48,0.69,13.8943,Jones-1963
272.04,0.69,14.0921,Jones-1963
277.59,0.69,14.2899,Jones-1963
283.15,0.69,14.4877,Jones-1963
99.82,1.03,0.0,Jones-1963
105.37,1.03,0.2986,Jones-1963
110.93,1.03,0.6009,Jones-1963
116.48,1.03,0.9031,Jones-1963
122.04,1.03,1.2129,Jones-1963
127.59,1.03,1.5301,Jones-1963
133.15,1.03,1.8548,Jones-1963
138.71,1.03,2.187,Jones-1963
144.26,1.03,2.5378,Jones-1963
149.82,1.03,2.8923,Jones-1963
155.37,1.03,9.707,Jones-1963
160.93,1.03,9.9383,Jones-1963
166.48,1.03,10.166,Jones-1963
172.04,1.03,10.3825,Jones-1963
177.59,1.03,10.5952,Jones-1963
183.15,1.03,10.8079,Jones-1963
185.93,1.03,10.9161,Jones-1963
188.71,1.03,11.0169,Jones-1963
190.59,1.03,11.0654,Jones-1963
194.26,1.03,11.2222,Jones-1963
197.04,1.03,11.3267,Jones-1963
199.82,1.03,11.4274,Jones-1963
202.59,1.03,11.5319,Jones-1963
205.37,1.03,11.6327,Jones-1963
210.93,1.03,11.8342,Jones-1963
216.48,1.03,12.0357,Jones-1963
222.04,1.03,12.2335,Jones-1963
227.59,1.03,12.4351,Jones-1963
233.15,1.03,12.6366,Jones-1963
238.71,1.03,12.8344,Jones-1963
244.26,1.03,13.0322,Jones-1963
249.82,1.03,13.23,Jones-1963
255.37,1.03,13.4315,Jones-1963
260.93,1.03,13.6293,Jones-1963
266.48,1.03,13.8308,Jones-1963
272.04,1.03,14.0324,Jones-1963
277.59,1.03,14.2339,Jones-1963
283.15,1.03,14.4317,Jones-1963
99.82,1.38,0.0,Jones-1963
105.37,1.38,0.2986,Jones-1963
110.93,1.38,0.5971,Jones-1963
116.48,1.38,0.9031,Jones-1963
122.04,1.38,1.2129,Jones-1963
127.59,1.38,1.5301,Jones-1963
133.15,1.38,1.8548,Jones-1963
138.71,1.38,2.187,Jones-1963
144.26,1.38,2.534,Jones-1963
149.82,1.38,2.8848,Jones-1963
155.37,1.38,3.2506,Jones-1963
160.93,1.38,9.707,Jones-1963
166.48,1.38,9.9607,Jones-1963
172.04,1.38,10.1996,Jones-1963
177.59,1.38,10.431,Jones-1963
183.15,1.38,10.6586,Jones-1963
185.93,1.38,10.7706,Jones-1963
188.71,1.38,10.8788,Jones-1963
190.59,1.38,10.9534,Jones-1963
194.26,1.38,11.0953,Jones-1963
197.04,1.38,11.2035,Jones-1963
199.82,1.38,11.3117,Jones-1963
202.59,1.38,11.4125,Jones-1963
205.37,1.38,11.5207,Jones-1963
210.93,1.38,11.7297,Jones-1963
216.48,1.38,11.935,Jones-1963
222.04,1.38,12.1402,Jones-1963
227.59,1.38,12.3455,Jones-1963
233.15,1.38,12.5507,Jones-1963
238.71,1.38,12.756,Jones-1963
244.26,1.38,12.9575,Jones-1963
249.82,1.38,13.1591,Jones-1963
255.37,1.38,13.3606,Jones-1963
260.93,1.38,13.5621,Jones-1963
266.48,1.38,13.7637,Jones-1963
272.04,1.38,13.9652,Jones-1963
277.59,1.38,14.1667,Jones-1963
283.15,1.38,14.3682,Jones-1963
99.82,1.72,0.0,Jones-1963
105.37,1.72,0.2986,Jones-1963
110.93,1.72,0.5971,Jones-1963
116.48,1.72,0.9031,Jones-1963
122.04,1.72,1.2129,Jones-1963
127.59,1.72,1.5301,Jones-1963
133.15,1.72,1.8548,Jones-1963
138.71,1.72,2.187,Jones-1963
144.26,1.72,2.5303,Jones-1963
149.82,1.72,2.8811,Jones-1963
155.37,1.72,3.2394,Jones-1963
160.93,1.72,3.6275,Jones-1963
166.48,1.72,9.7256,Jones-1963
172.04,1.72,9.9981,Jones-1963
177.59,1.72,10.2556,Jones-1963
183.15,1.72,10.4944,Jones-1963
185.93,1.72,10.6138,Jones-1963
188.71,1.72,10.7295,Jones-1963
190.59,1.72,10.8079,Jones-1963
194.26,1.72,10.9572,Jones-1963
197.04,1.72,11.0691,Jones-1963
199.82,1.72,11.1811,Jones-1963
202.59,1.72,11.2931,Jones-1963
205.37,1.72,11.3976,Jones-1963
216.48,1.72,11.8305,Jones-1963
222.04,1.72,12.0432,Jones-1963
227.59,1.72,12.2522,Jones-1963
233.15,1.72,12.4612,Jones-1963
238.71,1.72,12.6702,Jones-1963
244.26,1.72,12.8754,Jones-1963
249.82,1.72,13.0807,Jones-1963
255.37,1.72,13.286,Jones-1963
260.93,1.72,13.4912,Jones-1963
266.48,1.72,13.6965,Jones-1963
272.04,1.72,13.9017,Jones-1963
277.59,1.72,14.107,Jones-1963
283.15,1.72,14.3123,Jones-1963
99.82,2.07,0.0,Jones-1963
105.37,2.07,0.2986,Jones-1963
110.93,2.07,0.5971,Jones-1963
116.48,2.07,0.9031,Jones-1963
122.04,2.07,1.2129,Jones-1963
127.59,2.07,1.5301,Jones-1963
133.15,2.07,1.8548,Jones-1963
138.71,2.07,2.187,Jones-1963
144.26,2.07,2.5228,Jones-1963
149.82,2.07,2.8736,Jones-1963
155.37,2.07,3.2319,Jones-1963
160.93,2.07,3.6163,Jones-1963
166.48,2.07,4.0268,Jones-1963
172.04,2.07,9.7555,Jones-1963
177.59,2.07,10.0503,Jones-1963
183.15,2.07,10.3227,Jones-1963
185.93,2.07,10.4496,Jones-1963
188.71,2.07,10.5728,Jones-1963
190.59,2.07,10.6586,Jones-1963
194.26,2.07,10.8191,Jones-1963
197.04,2.07,10.9348,Jones-1963
199.82,2.07,11.0579,Jones-1963
202.59,2.07,11.1699,Jones-1963
205.37,2.07,11.2856,Jones-1963
210.93,2.07,11.5095,Jones-1963
216.48,2.07,11.726,Jones-1963
222.04,2.07,11.9424,Jones-1963
227.59,2.07,12.1589,Jones-1963
233.15,2.07,12.3716,Jones-1963
238.71,2.07,12.5843,Jones-1963
244.26,2.07,12.7933,Jones-1963
249.82,2.07,13.0023,Jones-1963
255.37,2.07,13.2113,Jones-1963
260.93,2.07,13.4203,Jones-1963
266.48,2.07,13.6293,Jones-1963
272.04,2.07,13.8383,Jones-1963
277.59,2.07,14.0436,Jones-1963
283.15,2.07,14.2525,Jones-1963
99.82,2.41,0.0037,Jones-1963
105.37,2.41,0.3023,Jones-1963
110.93,2.41,0.6009,Jones-1963
116.48,2.41,0.9069,Jones-1963
122.04,2.41,1.2166,Jones-1963
127.59,2.41,1.5339,Jones-1963
133.15,2.41,1.8548,Jones-1963
138.71,2.41,2.1832,Jones-1963
144.26,2.41,2.5191,Jones-1963
149.82,2.41,2.8699,Jones-1963
155.37,2.41,3.2245,Jones-1963
160.93,2.41,3.6089,Jones-1963
166.48,2.41,4.0044,Jones-1963
172.04,2.41,9.4606,Jones-1963
177.59,2.41,9.8152,Jones-1963
183.15,2.41,10.1212,Jones-1963
185.93,2.41,10.263,Jones-1963
188.71,2.41,10.4011,Jones-1963
190.59,2.41,10.4907,Jones-1963
194.26,2.41,10.6624,Jones-1963
197.04,2.41,10.793,Jones-1963
199.82,2.41,10.9161,Jones-1963
202.59,2.41,11.0393,Jones-1963
205.37,2.41,11.1587,Jones-1963
210.93,2.41,11.3901,Jones-1963
216.48,2.41,11.6177,Jones-1963
222.04,2.41,11.8417,Jones-1963
227.59,2.41,12.0619,Jones-1963
233.15,2.41,12.282,Jones-1963
238.71,2.41,12.5022,Jones-1963
244.26,2.41,12.715,Jones-1963
249.82,2.41,12.9277,Jones-1963
255.37,2.41,13.1404,Jones-1963
260.93,2.41,13.3531,Jones-1963
266.48,2.41,13.5659,Jones-1963
272.04,2.41,13.7748,Jones-1963
277.59,2.41,13.9838,Jones-1963
283.15,2.41,14.1928,Jones-1963
99.82,2.76,0.0037,Jones-1963
105.37,2.76,0.3023,Jones-1963
110.93,2.76,0.6009,Jones-1963
116.48,2.76,0.9069,Jones-1963
122.04,2.76,1.2166,Jones-1963
127.59,2.76,1.5339,Jones-1963
133.15,2.76,1.8548,Jones-1963
138.71,2.76,2.1832,Jones-1963
144.26,2.76,2.5191,Jones-1963
149.82,2.76,2.8662,Jones-1963
155.37,2.76,3.2133,Jones-1963
160.93,2.76,3.5977,Jones-1963
166.48,2.76,3.9933,Jones-1963
172.04,2.76,4.4486,Jones-1963
177.59,2.76,9.5129,Jones-1963
183.15,2.76,9.8786,Jones-1963
185.93,2.76,10.0391,Jones-1963
188.71,2.76,10.1959,Jones-1963
190.59,2.76,10.3003,Jones-1963
194.26,2.76,10.4869,Jones-1963
197.04,2.76,10.625,Jones-1963
199.82,2.76,10.7594,Jones-1963
202.59,2.76,10.8863,Jones-1963
205.37,2.76,11.0132,Jones-1963
210.93,2.76,11.2595,Jones-1963
216.48,2.76,11.4983,Jones-1963
222.04,2.76,11.7334,Jones-1963
227.59,2.76,11.9611,Jones-1963
233.15,2.76,12.185,Jones-1963
238.71,2.76,12.4089,Jones-1963
244.26,2.76,12.6291,Jones-1963
249.82,2.76,12.8456,Jones-1963
255.37,2.76,13.062,Jones-1963
260.93,2.76,13.2785,Jones-1963
266.48,2.76,13.4949,Jones-1963
272.04,2.76,13.7077,Jones-1963
277.59,2.76,13.9204,Jones-1963
283.15,2.76,14.1331,Jones-1963
99.82,3.1,0.0037,Jones-1963
105.37,3.1,0.3023,Jones-1963
110.93,3.1,0.6009,Jones-1963
116.48,3.1,0.9069,Jones-1963
122.04,3.1,1.2166,Jones-1963
127.59,3.1,1.5339,Jones-1963
133.15,3.1,1.8548,Jones-1963
138.71,3.1,2.1832,Jones-1963
144.26,3.1,2.5191,Jones-1963
149.82,3.1,2.8662,Jones-1963
155.37,3.1,3.2133,Jones-1963
160.93,3.1,3.5902,Jones-1963
166.48,3.1,3.9858,Jones-1963
172.04,3.1,4.415,Jones-1963
177.59,3.1,4.9188,Jones-1963
183.15,3.1,9.5913,Jones-1963
185.93,3.1,9.7891,Jones-1963
188.71,3.1,9.9682,Jones-1963
190.59,3.1,10.0876,Jones-1963
194.26,3.1,10.2966,Jones-1963
197.04,3.1,10.4459,Jones-1963
199.82,3.1,10.5914,Jones-1963
202.59,3.1,10.7333,Jones-1963
205.37,3.1,10.8676,Jones-1963
210.93,3.1,11.1289,Jones-1963
216.48,3.1,11.3789,Jones-1963
222.04,3.1,11.6215,Jones-1963
227.59,3.1,11.8566,Jones-1963
233.15,3.1,12.088,Jones-1963
238.71,3.1,12.3194,Jones-1963
244.26,3.1,12.5433,Jones-1963
249.82,3.1,12.7635,Jones-1963
255.37,3.1,12.9837,Jones-1963
260.93,3.1,13.2039,Jones-1963
266.48,3.1,13.4203,Jones-1963
272.04,3.1,13.6368,Jones-1963
277.59,3.1,13.8532,Jones-1963
283.15,3.1,14.0697,Jones-1963
99.82,3.45,0.0075,Jones-1963
105.37,3.45,0.306,Jones-1963
110.93,3.45,0.6046,Jones-1963
116.48,3.45,0.9106,Jones-1963
122.04,3.45,1.2204,Jones-1963
127.59,3.45,1.5376,Jones-1963
133.15,3.45,1.8585,Jones-1963
138.71,3.45,2.1795,Jones-1963
144.26,3.45,2.5154,Jones-1963
149.82,3.45,2.855,Jones-1963
155.37,3.45,3.1983,Jones-1963
160.93,3.45,3.5753,Jones-1963
166.48,3.45,3.9709,Jones-1963
172.04,3.45,4.3926,Jones-1963
177.59,3.45,4.8777,Jones-1963
183.15,3.45,9.2181,Jones-1963
185.93,3.45,9.4718,Jones-1963
188.71,3.45,9.6958,Jones-1963
190.59,3.45,9.8488,Jones-1963
194.26,3.45,10.0876,Jones-1963
197.04,3.45,10.2593,Jones-1963
199.82,3.45,10.416,Jones-1963
202.59,3.45,10.5691,Jones-1963
205.37,3.45,10.7146,Jones-1963
210.93,3.45,10.9908,Jones-1963
216.48,3.45,11.252,Jones-1963
222.04,3.45,11.5058,Jones-1963
227.59,3.45,11.7484,Jones-1963
233.15,3.45,11.9872,Jones-1963
238.71,3.45,12.2223,Jones-1963
244.26,3.45,12.4537,Jones-1963
249.82,3.45,12.6776,Jones-1963
255.37,3.45,12.9016,Jones-1963
260.93,3.45,13.1255,Jones-1963
266.48,3.45,13.3457,Jones-1963
272.04,3.45,13.5659,Jones-1963
277.59,3.45,13.786,Jones-1963
283.15,3.45,14.0062,Jones-1963
99.82,3.79,0.0112,Jones-1963
105.37,3.79,0.3098,Jones-1963
110.93,3.79,0.6083,Jones-1963
116.48,3.79,0.9143,Jones-1963
122.04,3.79,1.2241,Jones-1963
127.59,3.79,1.5376,Jones-1963
133.15,3.79,1.8585,Jones-1963
138.71,3.79,2.1795,Jones-1963
144.26,3.79,2.5116,Jones-1963
149.82,3.79,2.8475,Jones-1963
155.37,3.79,3.1946,Jones-1963
160.93,3.79,3.5641,Jones-1963
166.48,3.79,3.9559,Jones-1963
172.04,3.79,4.3739,Jones-1963
177.59,3.79,4.8479,Jones-1963
183.15,3.79,5.4375,Jones-1963
185.93,3.79,9.0352,Jones-1963
188.71,3.79,9.3785,Jones-1963
190.59,3.79,9.5651,Jones-1963
194.26,3.79,9.8525,Jones-1963
197.04,3.79,10.0466,Jones-1963
199.82,3.79,10.222,Jones-1963
202.59,3.79,10.3862,Jones-1963
205.37,3.79,10.5429,Jones-1963
210.93,3.79,10.8452,Jones-1963
216.48,3.79,11.1251,Jones-1963
222.04,3.79,11.3864,Jones-1963
227.59,3.79,11.6401,Jones-1963
233.15,3.79,11.8902,Jones-1963
238.71,3.79,12.1328,Jones-1963
244.26,3.79,12.3679,Jones-1963
249.82,3.79,12.5993,Jones-1963
255.37,3.79,12.8307,Jones-1963
260.93,3.79,13.0583,Jones-1963
266.48,3.79,13.2822,Jones-1963
272.04,3.79,13.5061,Jones-1963
277.59,3.79,13.7301,Jones-1963
283.15,3.79,13.9503,Jones-1963
99.82,4.14,0.0149,Jones-1963
105.37,4.14,0.3135,Jones-1963
110.93,4.14,0.612,Jones-1963
116.48,4.14,0.9181,Jones-1963
122.04,4.14,1.2278,Jones-1963
127.59,4.14,1.5413,Jones-1963
133.15,4.14,1.8585,Jones-1963
138.71,4.14,2.1795,Jones-1963
144.26,4.14,2.5116,Jones-1963
149.82,4.14,2.8438,Jones-1963
155.37,4.14,3.1909,Jones-1963
160.93,4.14,3.5566,Jones-1963
166.48,4.14,3.9447,Jones-1963
172.04,4.14,4.3515,Jones-1963
177.59,4.14,4.8143,Jones-1963
183.15,4.14,5.3666,Jones-1963
185.93,4.14,5.751,Jones-1963
188.71,4.14,8.8896,Jones-1963
190.59,4.14,9.1733,Jones-1963
194.26,4.14,9.5539,Jones-1963
197.04,4.14,9.7928,Jones-1963
199.82,4.14,9.9981,Jones-1963
202.59,4.14,10.1847,Jones-1963
205.37,4.14,10.3638,Jones-1963
210.93,4.14,10.6847,Jones-1963
216.48,4.14,10.9833,Jones-1963
222.04,4.14,11.2632,Jones-1963
227.59,4.14,11.5282,Jones-1963
233.15,4.14,11.7857,Jones-1963
238.71,4.14,12.032,Jones-1963
244.26,4.14,12.2746,Jones-1963
249.82,4.14,12.5134,Jones-1963
255.37,4.14,12.7485,Jones-1963
260.93,4.14,12.9799,Jones-1963
266.48,4.14,13.2113,Jones-1963
272.04,4.14,13.4352,Jones-1963
277.59,4.14,13.6592,Jones-1963
283.15,4.14,13.8831,Jones-1963
99.82,4.31,0.0149,Jones-1963
105.37,4.31,0.3135,Jones-1963
110.93,4.31,0.612,Jones-1963
116.48,4.31,0.9181,Jones-1963
122.04,4.31,1.2278,Jones-1963
127.59,4.31,1.5413,Jones-1963
133.15,4.31,1.8585,Jones-1963
138.71,4.31,2.1795,Jones-1963
144.26,4.31,2.5116,Jones-1963
149.82,4.31,2.8438,Jones-1963
155.37,4.31,3.1909,Jones-1963
160.93,4.31,3.5529,Jones-1963
166.48,4.31,3.9373,Jones-1963
172.04,4.31,4.3403,Jones-1963
177.59,4.31,4.8031,Jones-1963
183.15,4.31,5.3405,Jones-1963
185.93,4.31,5.695,Jones-1963
190.59,4.31,8.9232,Jones-1963
194.26,4.31,9.3823,Jones-1963
197.04,4.31,9.6398,Jones-1963
199.82,4.31,9.8637,Jones-1963
202.59,4.31,10.069,Jones-1963
205.37,4.31,10.2556,Jones-1963
210.93,4.31,10.5989,Jones-1963
216.48,4.31,10.9087,Jones-1963
222.04,4.31,11.196,Jones-1963
227.59,4.31,11.4685,Jones-1963
233.15,4.31,11.7372,Jones-1963
238.71,4.31,11.9835,Jones-1963
244.26,4.31,12.2298,Jones-1963
249.82,4.31,12.4724,Jones-1963
255.37,4.31,12.7075,Jones-1963
260.93,4.31,12.9426,Jones-1963
266.48,4.31,13.174,Jones-1963
272.04,4.31,13.4016,Jones-1963
277.59,4.31,13.6293,Jones-1963
283.15,4.31,13.857,Jones-1963
99.82,4.69,0.0224,Jones-1963
105.37,4.69,0.321,Jones-1963
110.93,4.69,0.6195,Jones-1963
116.48,4.69,0.9255,Jones-1963
122.04,4.69,1.2353,Jones-1963
127.59,4.69,1.5451,Jones-1963
133.15,4.69,1.8585,Jones-1963
138.71,4.69,2.1795,Jones-1963
144.26,4.69,2.5116,Jones-1963
149.82,4.69,2.8438,Jones-1963
155.37,4.69,3.1871,Jones-1963
160.93,4.69,3.5417,Jones-1963
166.48,4.69,3.9186,Jones-1963
172.04,4.69,4.3217,Jones-1963
177.59,4.69,4.7732,Jones-1963
183.15,4.69,5.2808,Jones-1963
185.93,4.69,5.5756,Jones-1963
188.71,4.69,5.9787,Jones-1963
190.59,4.69,6.4414,Jones-1963
194.26,4.69,8.8262,Jones-1963
197.04,4.69,9.2479,Jones-1963
199.82,4.69,9.539,Jones-1963
202.59,4.69,9.7853,Jones-1963
205.37,4.69,10.0093,Jones-1963
210.93,4.69,10.3974,Jones-1963
216.48,4.69,10.7407,Jones-1963
222.04,4.69,11.0505,Jones-1963
227.59,4.69,11.3378,Jones-1963
233.15,4.69,11.6103,Jones-1963
238.71,4.69,11.8715,Jones-1963
244.26,4.69,12.129,Jones-1963
249.82,4.69,12.3791,Jones-1963
255.37,4.69,12.6179,Jones-1963
260.93,4.69,12.8568,Jones-1963
266.48,4.69,13.0919,Jones-1963
272.04,4.69,13.327,Jones-1963
277.59,4.69,13.5584,Jones-1963
283.15,4.69,13.7898,Jones-1963
99.82,4.83,0.0261,Jones-1963
105.37,4.83,0.3247,Jones-1963
110.93,4.83,0.6232,Jones-1963
116.48,4.83,0.9293,Jones-1963
122.04,4.83,1.239,Jones-1963
127.59,4.83,1.5488,Jones-1963
133.15,4.83,1.8623,Jones-1963
138.71,4.83,2.1832,Jones-1963
144.26,4.83,2.5116,Jones-1963
149.82,4.83,2.8438,Jones-1963
155.37,4.83,3.1871,Jones-1963
160.93,4.83,3.5417,Jones-1963
166.48,4.83,3.9186,Jones-1963
172.04,4.83,4.3142,Jones-1963
177.59,4.83,4.7546,Jones-1963
183.15,4.83,5.2584,Jones-1963
185.93,4.83,5.5495,Jones-1963
188.71,4.83,5.9152,Jones-1963
190.59,4.83,6.2548,Jones-1963
194.26,4.83,8.397,Jones-1963
197.04,4.83,9.0352,Jones-1963
199.82,4.83,9.4084,Jones-1963
202.59,4.83,9.6771,Jones-1963
205.37,4.83,9.9197,Jones-1963
210.93,4.83,10.3265,Jones-1963
216.48,4.83,10.6773,Jones-1963
222.04,4.83,10.9908,Jones-1963
227.59,4.83,11.2856,Jones-1963
233.15,4.83,11.5618,Jones-1963
238.71,4.83,11.8267,Jones-1963
244.26,4.83,12.0842,Jones-1963
249.82,4.83,12.338,Jones-1963
255.37,4.83,12.5806,Jones-1963
260.93,4.83,12.8232,Jones-1963
266.48,4.83,13.062,Jones-1963
272.04,4.83,13.2972,Jones-1963
277.59,4.83,13.5285,Jones-1963
283.15,4.83,13.7599,Jones-1963
99.82,5.52,0.0411,Jones-1963
105.37,5.52,0.3396,Jones-1963
110.93,5.52,0.6382,Jones-1963
116.48,5.52,0.9405,Jones-1963
122.04,5.52,1.2465,Jones-1963
127.59,5.52,1.5562,Jones-1963
133.15,5.52,1.866,Jones-1963
138.71,5.52,2.187,Jones-1963
144.26,5.52,2.5116,Jones-1963
149.82,5.52,2.8438,Jones-1963
155.37,5.52,3.1871,Jones-1963
160.93,5.52,3.5417,Jones-1963
166.48,5.52,3.9111,Jones-1963
172.04,5.52,4.2993,Jones-1963
177.59,5.52,4.721,Jones-1963
183.15,5.52,5.1838,Jones-1963
185.93,5.52,5.4375,Jones-1963
188.71,5.52,5.7361,Jones-1963
190.59,5.52,5.9749,Jones-1963
194.26,5.52,6.6131,Jones-1963
197.04,5.52,7.5834,Jones-1963
199.82,5.52,8.5463,Jones-1963
202.59,5.52,9.0315,Jones-1963
205.37,5.52,9.3673,Jones-1963
210.93,5.52,9.9048,Jones-1963
216.48,5.52,10.3265,Jones-1963
222.04,5.52,10.6922,Jones-1963
227.59,5.52,11.0206,Jones-1963
233.15,5.52,11.3229,Jones-1963
238.71,5.52,11.6103,Jones-1963
244.26,5.52,11.8865,Jones-1963
249.82,5.52,12.1514,Jones-1963
255.37,5.52,12.4089,Jones-1963
260.93,5.52,12.659,Jones-1963
266.48,5.52,12.9053,Jones-1963
272.04,5.52,13.1516,Jones-1963
277.59,5.52,13.3942,Jones-1963
283.15,5.52,13.633,Jones-1963
99.82,6.21,0.0634,Jones-1963
105.37,6.21,0.362,Jones-1963
110.93,6.21,0.6606,Jones-1963
116.48,6.21,0.9629,Jones-1963
122.04,6.21,1.2689,Jones-1963
127.59,6.21,1.5786,Jones-1963
133.15,6.21,1.8884,Jones-1963
138.71,6.21,2.2093,Jones-1963
144.26,6.21,2.534,Jones-1963
149.82,6.21,2.8662,Jones-1963
155.37,6.21,3.2058,Jones-1963
160.93,6.21,3.5566,Jones-1963
166.48,6.21,3.9111,Jones-1963
172.04,6.21,4.2881,Jones-1963
177.59,6.21,4.6986,Jones-1963
183.15,6.21,5.1464,Jones-1963
185.93,6.21,5.3853,Jones-1963
188.71,6.21,5.6577,Jones-1963
190.59,6.21,5.8518,Jones-1963
194.26,6.21,6.2996,Jones-1963
197.04,6.21,6.7661,Jones-1963
199.82,6.21,7.3483,Jones-1963
202.59,6.21,8.0537,Jones-1963
205.37,6.21,8.5687,Jones-1963
210.93,6.21,9.3636,Jones-1963
216.48,6.21,9.8936,Jones-1963
222.04,6.21,10.3302,Jones-1963
227.59,6.21,10.7183,Jones-1963
233.15,6.21,11.0729,Jones-1963
238.71,6.21,11.3826,Jones-1963
244.26,6.21,11.6737,Jones-1963
249.82,6.21,11.9574,Jones-1963
255.37,6.21,12.2335,Jones-1963
260.93,6.21,12.4948,Jones-1963
266.48,6.21,12.756,Jones-1963
272.04,6.21,13.0098,Jones-1963
277.59,6.21,13.2598,Jones-1963
283.15,6.21,13.5061,Jones-1963
99.82,6.89,0.0896,Jones-1963
105.37,6.89,0.3881,Jones-1963
110.93,6.89,0.6867,Jones-1963
116.48,6.89,0.989,Jones-1963
122.04,6.89,1.295,Jones-1963
127.59,6.89,1.601,Jones-1963
133.15,6.89,1.9108,Jones-1963
138.71,6.89,2.228,Jones-1963
144.26,6.89,2.5527,Jones-1963
149.82,6.89,2.8811,Jones-1963
155.37,6.89,3.2207,Jones-1963
160.93,6.89,3.5678,Jones-1963
166.48,6.89,3.9223,Jones-1963
172.04,6.89,4.2881,Jones-1963
177.59,6.89,4.6874,Jones-1963
183.15,6.89,5.1203,Jones-1963
185.93,6.89,5.3517,Jones-1963
188.71,6.89,5.6017,Jones-1963
190.59,6.89,5.7809,Jones-1963
194.26,6.89,6.1541,Jones-1963
197.04,6.89,6.4788,Jones-1963
199.82,6.89,6.8482,Jones-1963
202.59,6.89,7.2998,Jones-1963
205.37,6.89,7.8335,Jones-1963
210.93,6.89,8.7814,Jones-1963
216.48,6.89,9.4383,Jones-1963
222.04,6.89,9.9645,Jones-1963
227.59,6.89,10.4123,Jones-1963
233.15,6.89,10.8004,Jones-1963
238.71,6.89,11.1475,Jones-1963
244.26,6.89,11.4685,Jones-1963
249.82,6.89,11.767,Jones-1963
255.37,6.89,12.0544,Jones-1963
260.93,6.89,12.3306,Jones-1963
266.48,6.89,12.5993,Jones-1963
272.04,6.89,12.8642,Jones-1963
277.59,6.89,13.1217,Jones-1963
283.15,6.89,13.3755,Jones-1963
99.82,8.27,0.1605,Jones-1963
105.37,8.27,0.459,Jones-1963
110.93,8.27,0.7576,Jones-1963
116.48,8.27,1.0562,Jones-1963
122.04,8.27,1.3585,Jones-1963
127.59,8.27,1.6645,Jones-1963
133.15,8.27,1.9742,Jones-1963
138.71,8.27,2.2915,Jones-1963
144.26,8.27,2.6124,Jones-1963
149.82,8.27,2.9371,Jones-1963
155.37,8.27,3.2692,Jones-1963
160.93,8.27,3.6089,Jones-1963
166.48,8.27,3.9597,Jones-1963
172.04,8.27,4.3179,Jones-1963
177.59,8.27,4.6911,Jones-1963
183.15,8.27,5.0979,Jones-1963
185.93,8.27,5.3069,Jones-1963
188.71,8.27,5.5271,Jones-1963
190.59,8.27,5.6801,Jones-1963
194.26,8.27,5.9936,Jones-1963
197.04,8.27,6.2474,Jones-1963
199.82,8.27,6.5236,Jones-1963
202.59,8.27,6.8258,Jones-1963
205.37,8.27,7.1505,Jones-1963
210.93,8.27,7.8857,Jones-1963
216.48,8.27,8.6396,Jones-1963
222.04,8.27,9.289,Jones-1963
227.59,8.27,9.8189,Jones-1963
233.15,8.27,10.2742,Jones-1963
238.71,8.27,10.6773,Jones-1963
244.26,8.27,11.043,Jones-1963
249.82,8.27,11.3826,Jones-1963
255.37,8.27,11.7036,Jones-1963
260.93,8.27,12.0021,Jones-1963
266.48,8.27,12.2932,Jones-1963
272.04,8.27,12.5769,Jones-1963
277.59,8.27,12.853,Jones-1963
283.15,8.27,13.1217,Jones-1963
99.82,10.34,0.2575,Jones-1963
105.37,10.34,0.5561,Jones-1963
110.93,10.34,0.8546,Jones-1963
116.48,10.34,1.1532,Jones-1963
122.04,10.34,1.4555,Jones-1963
127.59,10.34,1.7578,Jones-1963
133.15,10.34,2.0675,Jones-1963
138.71,10.34,2.381,Jones-1963
144.26,10.34,2.6982,Jones-1963
149.82,10.34,3.0192,Jones-1963
155.37,10.34,3.3476,Jones-1963
160.93,10.34,3.6798,Jones-1963
166.48,10.34,4.0194,Jones-1963
172.04,10.34,4.3665,Jones-1963
177.59,10.34,4.7247,Jones-1963
183.15,10.34,5.0979,Jones-1963
185.93,10.34,5.2845,Jones-1963
188.71,10.34,5.4898,Jones-1963
190.59,10.34,5.6204,Jones-1963
194.26,10.34,5.9003,Jones-1963
197.04,10.34,6.113,Jones-1963
199.82,10.34,6.3407,Jones-1963
202.59,10.34,6.5721,Jones-1963
205.37,10.34,6.8147,Jones-1963
210.93,10.34,7.3409,Jones-1963
216.48,10.34,7.9007,Jones-1963
222.04,10.34,8.4791,Jones-1963
227.59,10.34,9.0389,Jones-1963
233.15,10.34,9.5577,Jones-1963
238.71,10.34,10.0242,Jones-1963
244.26,10.34,10.4459,Jones-1963
249.82,10.34,10.834,Jones-1963
255.37,10.34,11.1923,Jones-1963
260.93,10.34,11.5244,Jones-1963
266.48,10.34,11.8454,Jones-1963
272.04,10.34,12.1552,Jones-1963
277.59,10.34,12.4537,Jones-1963
283.15,10.34,12.7448,Jones-1963
99.82,13.79,0.3545,Jones-1963
105.37,13.79,0.6531,Jones-1963
110.93,13.79,0.9517,Jones-1963
116.48,13.79,1.2502,Jones-1963
122.04,13.79,1.5525,Jones-1963
127.59,13.79,1.8548,Jones-1963
133.15,13.79,2.1608,Jones-1963
138.71,13.79,2.4669,Jones-1963
144.26,13.79,2.7766,Jones-1963
149.82,13.79,3.0901,Jones-1963
155.37,13.79,3.4073,Jones-1963
160.93,13.79,3.7283,Jones-1963
166.48,13.79,4.0567,Jones-1963
172.04,13.79,4.3926,Jones-1963
177.59,13.79,4.7322,Jones-1963
183.15,13.79,5.0793,Jones-1963
185.93,13.79,5.2584,Jones-1963
188.71,13.79,5.4375,Jones-1963
190.59,13.79,5.5607,Jones-1963
194.26,13.79,5.8033,Jones-1963
197.04,13.79,5.9861,Jones-1963
199.82,13.79,6.1802,Jones-1963
202.59,13.79,6.3743,Jones-1963
205.37,13.79,6.5683,Jones-1963
210.93,13.79,6.9677,Jones-1963
216.48,13.79,7.3856,Jones-1963
222.04,13.79,7.8186,Jones-1963
227.59,13.79,8.2627,Jones-1963
233.15,13.79,8.7105,Jones-1963
238.71,13.79,9.1584,Jones-1963
244.26,13.79,9.5875,Jones-1963
249.82,13.79,10.0055,Jones-1963
255.37,13.79,10.4048,Jones-1963
260.93,13.79,10.7855,Jones-1963
266.48,13.79,11.1475,Jones-1963
272.04,13.79,11.4983,Jones-1963
277.59,13.79,11.8342,Jones-1963
283.15,13.79,12.1589,Jones-1963
