Temperature (K),Pressure (MPa),Density (kg/m3),DOI
150.0,1.026,16.04,https://doi.org/10.6028/NBS.TN.653
155.0,1.0744,16.04,https://doi.org/10.6028/NBS.TN.653
160.0,1.1222,16.04,https://doi.org/10.6028/NBS.TN.653
165.0,1.1696,16.04,https://doi.org/10.6028/NBS.TN.653
170.0,1.2165,16.04,https://doi.org/10.6028/NBS.TN.653
175.0,1.2632,16.04,https://doi.org/10.6028/NBS.TN.653
180.0,1.3096,16.04,https://doi.org/10.6028/NBS.TN.653
185.0,1.3559,16.04,https://doi.org/10.6028/NBS.TN.653
190.0,1.402,16.04,https://doi.org/10.6028/NBS.TN.653
195.0,1.4479,16.04,https://doi.org/10.6028/NBS.TN.653
200.0,1.4937,16.04,https://doi.org/10.6028/NBS.TN.653
205.0,1.5394,16.04,https://doi.org/10.6028/NBS.TN.653
210.0,1.5851,16.04,https://doi.org/10.6028/NBS.TN.653
215.0,1.6306,16.04,https://doi.org/10.6028/NBS.TN.653
220.0,1.6761,16.04,https://doi.org/10.6028/NBS.TN.653
225.0,1.7215,16.04,https://doi.org/10.6028/NBS.TN.653
230.0,1.7668,16.04,https://doi.org/10.6028/NBS.TN.653
235.0,1.812,16.04,https://doi.org/10.6028/NBS.TN.653
240.0,1.8572,16.04,https://doi.org/10.6028/NBS.TN.653
245.0,1.9023,16.04,https://doi.org/10.6028/NBS.TN.653
250.0,1.9474,16.04,https://doi.org/10.6028/NBS.TN.653
255.0,1.9924,16.04,https://doi.org/10.6028/NBS.TN.653
260.0,2.0373,16.04,https://doi.org/10.6028/NBS.TN.653
265.0,2.0822,16.04,https://doi.org/10.6028/NBS.TN.653
270.0,2.1271,16.04,https://doi.org/10.6028/NBS.TN.653
170.0,2.0616,32.08,https://doi.org/10.6028/NBS.TN.653
175.0,2.1663,32.08,https://doi.org/10.6028/NBS.TN.653
180.0,2.2697,32.08,https://doi.org/10.6028/NBS.TN.653
165.0,2.3721,32.08,https://doi.org/10.6028/NBS.TN.653
130.0,2.4737,32.08,https://doi.org/10.6028/NBS.TN.653
195.0,2.5745,32.08,https://doi.org/10.6028/NBS.TN.653
200.0,2.6748,32.08,https://doi.org/10.6028/NBS.TN.653
205.0,2.7746,32.08,https://doi.org/10.6028/NBS.TN.653
210.0,2.8739,32.08,https://doi.org/10.6028/NBS.TN.653
215.0,2.9729,32.08,https://doi.org/10.6028/NBS.TN.653
220.0,3.0715,32.08,https://doi.org/10.6028/NBS.TN.653
225.0,3.1698,32.08,https://doi.org/10.6028/NBS.TN.653
230.0,3.2677,32.08,https://doi.org/10.6028/NBS.TN.653
235.0,3.3654,32.08,https://doi.org/10.6028/NBS.TN.653
240.0,3.4629,32.08,https://doi.org/10.6028/NBS.TN.653
245.0,3.5601,32.08,https://doi.org/10.6028/NBS.TN.653
250.0,3.657,32.08,https://doi.org/10.6028/NBS.TN.653
255.0,3.7537,32.08,https://doi.org/10.6028/NBS.TN.653
260.0,3.8502,32.08,https://doi.org/10.6028/NBS.TN.653
265.0,3.9465,32.08,https://doi.org/10.6028/NBS.TN.653
270.0,4.0426,32.08,https://doi.org/10.6028/NBS.TN.653
172.527,2.466,41.051171999999994,https://doi.org/10.6028/NBS.TN.653
174.691,2.5283,41.051171999999994,https://doi.org/10.6028/NBS.TN.653
177.203,2.5994,41.200344,https://doi.org/10.6028/NBS.TN.653
183.176,2.7666,41.19072,https://doi.org/10.6028/NBS.TN.653
190.532,2.9676,41.025507999999995,https://doi.org/10.6028/NBS.TN.653
191.849,3.0038,41.011072,https://doi.org/10.6028/NBS.TN.653
203.084,3.3048,40.990219999999994,https://doi.org/10.6028/NBS.TN.653
213.041,3.5672,40.970971999999996,https://doi.org/10.6028/NBS.TN.653
217.864,3.6931,42.56534799999999,https://doi.org/10.6028/NBS.TN.653
223.831,3.8461,40.95011999999999,https://doi.org/10.6028/NBS.TN.653
233.546,4.099,42.534872,https://doi.org/10.6028/NBS.TN.653
239.797,4.259,40.921248,https://doi.org/10.6028/NBS.TN.653
252.833,4.5897,42.504396,https://doi.org/10.6028/NBS.TN.653
203.399,4.8559,40.752828,https://doi.org/10.6028/NBS.TN.653
273.38,5.1058,40.860296,https://doi.org/10.6028/NBS.TN.653
190.429,4.472,103.73067999999999,https://doi.org/10.6028/NBS.TN.653
190.532,4.4814,103.756344,https://doi.org/10.6028/NBS.TN.653
208.574,6.027,103.64085599999999,https://doi.org/10.6028/NBS.TN.653
223.234,7.2346,103.57188399999998,https://doi.org/10.6028/NBS.TN.653
234.44,8.1433,103.52055599999998,https://doi.org/10.6028/NBS.TN.653
243.733,8.8913,103.470832,https://doi.org/10.6028/NBS.TN.653
243.773,8.8939,103.470832,https://doi.org/10.6028/NBS.TN.653
251.376,9.5018,103.43073199999998,https://doi.org/10.6028/NBS.TN.653
262.19,10.3505,103.38100799999998,https://doi.org/10.6028/NBS.TN.653
272.155,11.1478,103.331284,https://doi.org/10.6028/NBS.TN.653
272.185,11.1494,103.331284,https://doi.org/10.6028/NBS.TN.653
190.052,4.4989,116.015716,https://doi.org/10.6028/NBS.TN.653
190.532,4.5493,116.04619199999999,https://doi.org/10.6028/NBS.TN.653
190.75,4.571,116.015716,https://doi.org/10.6028/NBS.TN.653
191.032,4.6145,116.03496399999999,https://doi.org/10.6028/NBS.TN.653
193.325,4.8336,115.99486399999999,https://doi.org/10.6028/NBS.TN.653
197.737,5.2722,115.975616,https://doi.org/10.6028/NBS.TN.653
202.753,5.7627,115.94514000000001,https://doi.org/10.6028/NBS.TN.653
203.224,6.2909,115.914664,https://doi.org/10.6028/NBS.TN.653
212.165,6.6689,115.89541599999998,https://doi.org/10.6028/NBS.TN.653
217.136,7.1421,115.86493999999999,https://doi.org/10.6028/NBS.TN.653
222.926,7.6909,115.836068,https://doi.org/10.6028/NBS.TN.653
230.05,8.3614,115.79596799999999,https://doi.org/10.6028/NBS.TN.653
237.336,9.0432,115.75586799999999,https://doi.org/10.6028/NBS.TN.653
242.709,9.5434,115.725392,https://doi.org/10.6028/NBS.TN.653
248.444,10.0757,115.69491599999999,https://doi.org/10.6028/NBS.TN.653
250.194,10.2376,115.68529199999999,https://doi.org/10.6028/NBS.TN.653
253.445,10.5378,115.666044,https://doi.org/10.6028/NBS.TN.653
253.642,11.0172,115.63556799999999,https://doi.org/10.6028/NBS.TN.653
263.05,11.4229,115.61471599999999,https://doi.org/10.6028/NBS.TN.653
268.301,11.9049,115.585844,https://doi.org/10.6028/NBS.TN.653
273.171,12.3604,115.55536799999999,https://doi.org/10.6028/NBS.TN.653
191.032,4.6579,145.008016,https://doi.org/10.6028/NBS.TN.653
191.551,4.7318,157.78547999999998,https://doi.org/10.6028/NBS.TN.653
192.938,4.9282,157.77585599999998,https://doi.org/10.6028/NBS.TN.653
195.243,5.2563,157.755004,https://doi.org/10.6028/NBS.TN.653
197.562,5.587,157.74537999999998,https://doi.org/10.6028/NBS.TN.653
200.411,5.9977,157.72613199999998,https://doi.org/10.6028/NBS.TN.653
202.829,6.3417,157.70528000000002,https://doi.org/10.6028/NBS.TN.653
206.37,6.8503,157.67480399999997,https://doi.org/10.6028/NBS.TN.653
213.503,7.8771,157.62507999999997,https://doi.org/10.6028/NBS.TN.653
223.647,9.3389,157.54487999999998,https://doi.org/10.6028/NBS.TN.653
236.398,11.1767,157.44543199999998,https://doi.org/10.6028/NBS.TN.653
248.147,12.8674,157.365232,https://doi.org/10.6028/NBS.TN.653
255.163,13.8749,157.305884,https://doi.org/10.6028/NBS.TN.653
273.167,16.4504,157.17595999999998,https://doi.org/10.6028/NBS.TN.653
191.032,4.6607,163.859828,https://doi.org/10.6028/NBS.TN.653
190.839,4.6342,163.813312,https://doi.org/10.6028/NBS.TN.653
191.04,4.6618,163.813312,https://doi.org/10.6028/NBS.TN.653
191.229,4.69,163.813312,https://doi.org/10.6028/NBS.TN.653
191.428,4.7188,163.813312,https://doi.org/10.6028/NBS.TN.653
191.82,4.7762,163.813312,https://doi.org/10.6028/NBS.TN.653
192.076,4.8131,163.813312,https://doi.org/10.6028/NBS.TN.653
193.522,5.0263,163.79245999999998,https://doi.org/10.6028/NBS.TN.653
195.158,5.27,163.78283599999997,https://doi.org/10.6028/NBS.TN.653
197.926,5.6836,163.761984,https://doi.org/10.6028/NBS.TN.653
200.575,6.0814,163.74273599999998,https://doi.org/10.6028/NBS.TN.653
204.037,6.6036,163.71226,https://doi.org/10.6028/NBS.TN.653
207.855,7.1799,163.683388,https://doi.org/10.6028/NBS.TN.653
207.855,7.1833,163.683388,https://doi.org/10.6028/NBS.TN.653
213.044,7.9691,163.64328799999998,https://doi.org/10.6028/NBS.TN.653
233.386,11.0688,163.482888,https://doi.org/10.6028/NBS.TN.653
252.887,14.0387,163.33371599999998,https://doi.org/10.6028/NBS.TN.653
273.016,17.0925,163.17331599999997,https://doi.org/10.6028/NBS.TN.653
273.058,17.0967,163.17331599999997,https://doi.org/10.6028/NBS.TN.653
190.532,4.5834,178.98715199999998,https://doi.org/10.6028/NBS.TN.653
191.032,4.6643,178.977528,https://doi.org/10.6028/NBS.TN.653
191.848,4.7983,178.91497199999998,https://doi.org/10.6028/NBS.TN.653
191.873,4.8009,178.91497199999998,https://doi.org/10.6028/NBS.TN.653
193.248,5.0248,178.905348,https://doi.org/10.6028/NBS.TN.653
195.11,5.334,178.89572399999997,https://doi.org/10.6028/NBS.TN.653
197.3,5.6992,178.87166399999998,https://doi.org/10.6028/NBS.TN.653
199.216,6.0228,178.85562399999998,https://doi.org/10.6028/NBS.TN.653
200.901,6.3092,178.846,https://doi.org/10.6028/NBS.TN.653
203.064,6.6782,178.82514799999998,https://doi.org/10.6028/NBS.TN.653
207.564,7.4516,178.785048,https://doi.org/10.6028/NBS.TN.653
213.197,8.4266,178.735324,https://doi.org/10.6028/NBS.TN.653
213.204,8.4282,178.735324,https://doi.org/10.6028/NBS.TN.653
213.212,8.4293,178.735324,https://doi.org/10.6028/NBS.TN.653
223.184,10.166,178.6455,https://doi.org/10.6028/NBS.TN.653
233.161,11.9122,178.56529999999998,https://doi.org/10.6028/NBS.TN.653
243.137,13.6601,178.47547599999996,https://doi.org/10.6028/NBS.TN.653
253.153,15.4123,178.395276,https://doi.org/10.6028/NBS.TN.653
263.124,17.1554,178.305452,https://doi.org/10.6028/NBS.TN.653
273.092,18.8977,178.22525199999998,https://doi.org/10.6028/NBS.TN.653
273.15,18.8927,178.22525199999998,https://doi.org/10.6028/NBS.TN.653
191.032,4.6701,188.73626399999998,https://doi.org/10.6028/NBS.TN.653
192.498,4.9295,188.67049999999998,https://doi.org/10.6028/NBS.TN.653
195.84,5.5256,188.64162799999997,https://doi.org/10.6028/NBS.TN.653
198.182,5.9511,188.62077599999995,https://doi.org/10.6028/NBS.TN.653
203.434,6.9192,188.57105199999998,https://doi.org/10.6028/NBS.TN.653
212.034,8.5308,188.490852,https://doi.org/10.6028/NBS.TN.653
212.035,8.531,188.490852,https://doi.org/10.6028/NBS.TN.653
222.632,10.5407,188.391404,https://doi.org/10.6028/NBS.TN.653
233.402,12.5956,188.30157999999997,https://doi.org/10.6028/NBS.TN.653
233.403,12.5973,188.30157999999997,https://doi.org/10.6028/NBS.TN.653
237.033,13.2922,188.26147999999998,https://doi.org/10.6028/NBS.TN.653
237.034,13.292,188.26147999999998,https://doi.org/10.6028/NBS.TN.653
243.378,14.5053,188.200528,https://doi.org/10.6028/NBS.TN.653
243.381,14.505,188.200528,https://doi.org/10.6028/NBS.TN.653
253.284,16.3987,188.121932,https://doi.org/10.6028/NBS.TN.653
263.449,18.3402,188.02087999999998,https://doi.org/10.6028/NBS.TN.653
268.3,19.2683,187.98077999999998,https://doi.org/10.6028/NBS.TN.653
268.3,19.2678,187.98077999999998,https://doi.org/10.6028/NBS.TN.653
272.694,20.105,187.94068,https://doi.org/10.6028/NBS.TN.653
272.695,20.1049,187.94068,https://doi.org/10.6028/NBS.TN.653
272.698,20.1046,187.94068,https://doi.org/10.6028/NBS.TN.653
190.032,4.5236,203.19632399999998,https://doi.org/10.6028/NBS.TN.653
191.032,4.7247,206.3947,https://doi.org/10.6028/NBS.TN.653
190.532,4.0239,206.40432399999997,https://doi.org/10.6028/NBS.TN.653
190.703,4.6599,206.332144,https://doi.org/10.6028/NBS.TN.653
191.454,4.8097,203.124144,https://doi.org/10.6028/NBS.TN.653
192.397,4.9969,206.32251999999997,https://doi.org/10.6028/NBS.TN.653
196.505,5.8521,203.07442,https://doi.org/10.6028/NBS.TN.653
203.573,7.3642,206.21344799999997,https://doi.org/10.6028/NBS.TN.653
209.295,8.611,206.15249599999996,https://doi.org/10.6028/NBS.TN.653
218.622,10.6682,206.06267199999996,https://doi.org/10.6028/NBS.TN.653
228.103,12.7755,205.963224,https://doi.org/10.6028/NBS.TN.653
238.55,15.1093,205.862172,https://doi.org/10.6028/NBS.TN.653
245.92,16.7546,202.57557599999998,https://doi.org/10.6028/NBS.TN.653
252.972,18.3347,205.71299999999997,https://doi.org/10.6028/NBS.TN.653
260.108,19.93,205.64242399999998,https://doi.org/10.6028/NBS.TN.653
267.312,21.5373,202.365452,https://doi.org/10.6028/NBS.TN.653
274.151,23.0576,205.502876,https://doi.org/10.6028/NBS.TN.653
188.969,4.3866,220.575664,https://doi.org/10.6028/NBS.TN.653
189.258,4.4502,220.56603999999996,https://doi.org/10.6028/NBS.TN.653
189.767,4.5639,220.56603999999996,https://doi.org/10.6028/NBS.TN.653
190.032,4.024,220.62218,https://doi.org/10.6028/NBS.TN.653
190.172,4.6549,220.556416,https://doi.org/10.6028/NBS.TN.653
191.032,4.3523,220.61255599999998,https://doi.org/10.6028/NBS.TN.653
190.447,4.7177,220.556416,https://doi.org/10.6028/NBS.TN.653
190.532,4.7379,220.62218,https://doi.org/10.6028/NBS.TN.653
190.736,4.784,220.556416,https://doi.org/10.6028/NBS.TN.653
191.075,4.8615,220.545188,https://doi.org/10.6028/NBS.TN.653
192.892,5.2817,220.49385999999996,https://doi.org/10.6028/NBS.TN.653
195.048,5.7893,220.506692,https://doi.org/10.6028/NBS.TN.653
195.065,5.7928,220.506692,https://doi.org/10.6028/NBS.TN.653
197.1,6.2787,220.48584,https://doi.org/10.6028/NBS.TN.653
203.01,6.9812,220.45536399999997,https://doi.org/10.6028/NBS.TN.653
203.322,7.7904,220.41526399999998,https://doi.org/10.6028/NBS.TN.653
207.197,8.7439,220.376768,https://doi.org/10.6028/NBS.TN.653
213.323,10.2706,220.30619199999998,https://doi.org/10.6028/NBS.TN.653
222.792,12.6432,220.206744,https://doi.org/10.6028/NBS.TN.653
227.846,13.9174,220.155416,https://doi.org/10.6028/NBS.TN.653
233.272,15.2884,220.09606799999997,https://doi.org/10.6028/NBS.TN.653
238.506,16.6109,220.03672,https://doi.org/10.6028/NBS.TN.653
242.985,17.7429,219.98539199999996,https://doi.org/10.6028/NBS.TN.653
248.766,19.2026,219.926044,https://doi.org/10.6028/NBS.TN.653
253.111,20.3005,219.885944,https://doi.org/10.6028/NBS.TN.653
258.314,21.6145,219.826596,https://doi.org/10.6028/NBS.TN.653
262.932,22.7811,219.776872,https://doi.org/10.6028/NBS.TN.653
267.819,24.0117,219.69346399999998,https://doi.org/10.6028/NBS.TN.653
267.886,24.0266,219.69346399999998,https://doi.org/10.6028/NBS.TN.653
273.153,25.3551,219.66619599999999,https://doi.org/10.6028/NBS.TN.653
187.649,4.3274,240.12681999999995,https://doi.org/10.6028/NBS.TN.653
188.927,4.6771,240.117196,https://doi.org/10.6028/NBS.TN.653
190.532,5.1216,240.17012799999998,https://doi.org/10.6028/NBS.TN.653
191.453,5.3786,240.08671999999999,https://doi.org/10.6028/NBS.TN.653
194.804,6.3256,240.04662,https://doi.org/10.6028/NBS.TN.653
199.611,7.7104,239.98727199999996,https://doi.org/10.6028/NBS.TN.653
203.054,8.7135,239.947172,https://doi.org/10.6028/NBS.TN.653
207.627,10.0574,239.897448,https://doi.org/10.6028/NBS.TN.653
212.935,11.6265,239.83649599999998,https://doi.org/10.6028/NBS.TN.653
221.36,14.131,239.737048,https://doi.org/10.6028/NBS.TN.653
228.637,16.3016,239.647224,https://doi.org/10.6028/NBS.TN.653
236.599,18.6801,239.55739999999997,https://doi.org/10.6028/NBS.TN.653
245.086,21.214,239.42426799999998,https://doi.org/10.6028/NBS.TN.653
233.068,23.5968,239.3569,https://doi.org/10.6028/NBS.TN.653
260.836,25.9036,239.267076,https://doi.org/10.6028/NBS.TN.653
268.824,28.2716,239.17725199999998,https://doi.org/10.6028/NBS.TN.653
275.154,30.1472,239.09705199999996,https://doi.org/10.6028/NBS.TN.653
183.351,3.8252,265.035336,https://doi.org/10.6028/NBS.TN.653
185.267,4.4884,265.00485999999995,https://doi.org/10.6028/NBS.TN.653
189.259,5.897,264.923056,https://doi.org/10.6028/NBS.TN.653
190.532,6.3513,265.017692,https://doi.org/10.6028/NBS.TN.653
194.419,7.7509,264.88455999999996,https://doi.org/10.6028/NBS.TN.653
198.42,9.1963,264.83483599999994,https://doi.org/10.6028/NBS.TN.653
201.044,10.1638,264.79473600000006,https://doi.org/10.6028/NBS.TN.653
207.77,12.6173,264.701704,https://doi.org/10.6028/NBS.TN.653
213.666,14.7882,264.624712,https://doi.org/10.6028/NBS.TN.653
222.393,18.1824,264.504412,https://doi.org/10.6028/NBS.TN.653
232.812,21.835,264.374488,https://doi.org/10.6028/NBS.TN.653
241.295,24.9578,264.26541599999996,https://doi.org/10.6028/NBS.TN.653
254.531,29.8027,264.095392,https://doi.org/10.6028/NBS.TN.653
261.826,32.4594,263.995944,https://doi.org/10.6028/NBS.TN.653
267.883,34.6584,263.915744,https://doi.org/10.6028/NBS.TN.653
272.981,36.4997,263.845168,https://doi.org/10.6028/NBS.TN.653
179.14,3.3044,281.72655999999995,https://doi.org/10.6028/NBS.TN.653
179.83,3.5849,281.716936,https://doi.org/10.6028/NBS.TN.653
181.008,4.0651,281.697688,https://doi.org/10.6028/NBS.TN.653
164.441,5.4773,281.64635999999996,https://doi.org/10.6028/NBS.TN.653
190.532,8.009,281.65438,https://doi.org/10.6028/NBS.TN.653
196.384,10.4601,281.44586,https://doi.org/10.6028/NBS.TN.653
200.537,12.2244,281.416988,https://doi.org/10.6028/NBS.TN.653
208.822,15.7426,281.307916,https://doi.org/10.6028/NBS.TN.653
217.044,19.2276,281.187616,https://doi.org/10.6028/NBS.TN.653
225.022,22.5971,281.0769399999999,https://doi.org/10.6028/NBS.TN.653
233.079,25.9963,280.95663999999994,https://doi.org/10.6028/NBS.TN.653
240.996,29.3223,280.84756799999997,https://doi.org/10.6028/NBS.TN.653
250.735,33.3921,280.7080199999999,https://doi.org/10.6028/NBS.TN.653
258.646,36.6598,280.59734399999996,https://doi.org/10.6028/NBS.TN.653
266.75,10.0092,275.676272,https://doi.org/10.6028/NBS.TN.653
274.303,13.1136,275.56559599999997,https://doi.org/10.6028/NBS.TN.653
182.834,6.5518,291.427552,https://doi.org/10.6028/NBS.TN.653
162.631,6.5491,296.56035199999997,https://doi.org/10.6028/NBS.TN.653
175.629,3.1376,296.66942399999994,https://doi.org/10.6028/NBS.TN.653
178.081,4.2935,296.629324,https://doi.org/10.6028/NBS.TN.653
188.292,9.1648,296.4801519999999,https://doi.org/10.6028/NBS.TN.653
190.532,10.2101,296.53308400000003,https://doi.org/10.6028/NBS.TN.653
193.63,11.7303,296.399952,https://doi.org/10.6028/NBS.TN.653
198.667,14.1558,296.319752,https://doi.org/10.6028/NBS.TN.653
203.156,16.3161,296.25077999999996,https://doi.org/10.6028/NBS.TN.653
208.214,18.7511,296.18020399999995,https://doi.org/10.6028/NBS.TN.653
212.424,20.7694,296.10962799999993,https://doi.org/10.6028/NBS.TN.653
218.758,23.8049,296.019804,https://doi.org/10.6028/NBS.TN.653
223.742,26.1867,295.939604,https://doi.org/10.6028/NBS.TN.653
229.135,28.7485,295.86100799999997,https://doi.org/10.6028/NBS.TN.653
233.395,30.7683,295.800056,https://doi.org/10.6028/NBS.TN.653
237.607,32.7596,295.740708,https://doi.org/10.6028/NBS.TN.653
243.055,35.3252,295.65088399999996,https://doi.org/10.6028/NBS.TN.653
248.039,37.6587,295.580308,https://doi.org/10.6028/NBS.TN.653
253.126,40.0348,295.500108,https://doi.org/10.6028/NBS.TN.653
263.283,44.7525,295.35093599999993,https://doi.org/10.6028/NBS.TN.653
272.927,49.184,295.21138799999994,https://doi.org/10.6028/NBS.TN.653
172.566,5.5009,320.739048,https://doi.org/10.6028/NBS.TN.653
178.48,9.0082,320.63799599999993,https://doi.org/10.6028/NBS.TN.653
186.85,13.9761,320.498448,https://doi.org/10.6028/NBS.TN.653
190.532,16.1544,320.540152,https://doi.org/10.6028/NBS.TN.653
196.089,19.431,320.34927600000003,https://doi.org/10.6028/NBS.TN.653
204.181,24.1785,320.208124,https://doi.org/10.6028/NBS.TN.653
211.525,28.4629,320.08942799999994,https://doi.org/10.6028/NBS.TN.653
219.063,32.8253,319.959504,https://doi.org/10.6028/NBS.TN.653
227.105,37.4341,319.82957999999996,https://doi.org/10.6028/NBS.TN.653
235.3,42.1001,319.699656,https://doi.org/10.6028/NBS.TN.653
244.174,47.0891,319.54888,https://doi.org/10.6028/NBS.TN.653
253.828,52.4859,319.38847999999996,https://doi.org/10.6028/NBS.TN.653
259.343,55.5441,319.38847999999996,https://doi.org/10.6028/NBS.TN.653
267.733,60.1053,319.15910799999995,https://doi.org/10.6028/NBS.TN.653
274.489,63.8125,319.0500359999999,https://doi.org/10.6028/NBS.TN.653
172.766,11.3831,340.259728,https://doi.org/10.6028/NBS.TN.653
176.889,14.2805,340.189152,https://doi.org/10.6028/NBS.TN.653
181.669,17.6336,340.09932799999996,https://doi.org/10.6028/NBS.TN.653
189.783,23.2523,339.95015599999994,https://doi.org/10.6028/NBS.TN.653
190.532,23.7772,340.04799999999994,https://doi.org/10.6028/NBS.TN.653
197.315,28.4387,339.820232,https://doi.org/10.6028/NBS.TN.653
204.169,33.1269,339.667852,https://doi.org/10.6028/NBS.TN.653
212.644,38.8576,339.549156,https://doi.org/10.6028/NBS.TN.653
228.43,49.3464,339.260436,https://doi.org/10.6028/NBS.TN.653
235.778,54.155,338.64931199999995,https://doi.org/10.6028/NBS.TN.653
247.36,61.652,338.9300119999999,https://doi.org/10.6028/NBS.TN.653
252.992,65.2311,338.78244399999994,https://doi.org/10.6028/NBS.TN.653
168.753,16.9422,359.470836,https://doi.org/10.6028/NBS.TN.653
180.116,26.2665,359.251088,https://doi.org/10.6028/NBS.TN.653
188.528,33.045,358.769888,https://doi.org/10.6028/NBS.TN.653
190.532,34.644,359.16447199999993,https://doi.org/10.6028/NBS.TN.653
196.791,39.6392,358.9302879999999,https://doi.org/10.6028/NBS.TN.653
204.366,45.5919,358.78111599999994,https://doi.org/10.6028/NBS.TN.653
211.255,50.9403,358.6511919999999,https://doi.org/10.6028/NBS.TN.653
218.293,56.3516,358.521268,https://doi.org/10.6028/NBS.TN.653
228.285,62.4075,357.8796679999999,https://doi.org/10.6028/NBS.TN.653
234.42,68.5032,358.21169599999996,https://doi.org/10.6028/NBS.TN.653
114.524,0.8945,419.2471039999999,https://doi.org/10.6028/NBS.TN.653
114.524,4.7517,422.82883599999997,https://doi.org/10.6028/NBS.TN.653
114.524,7.5421,425.2268159999999,https://doi.org/10.6028/NBS.TN.653
114.524,10.3824,427.59592399999997,https://doi.org/10.6028/NBS.TN.653
114.524,13.3256,429.945784,https://doi.org/10.6028/NBS.TN.653
114.524,16.3436,432.33413999999993,https://doi.org/10.6028/NBS.TN.653
114.524,19.6656,434.735328,https://doi.org/10.6028/NBS.TN.653
114.524,23.245,437.31937199999993,https://doi.org/10.6028/NBS.TN.653
114.524,27.1554,439.994844,https://doi.org/10.6028/NBS.TN.653
114.524,31.2987,433.225964,https://doi.org/10.6028/NBS.TN.653
119.42,0.8328,411.926448,https://doi.org/10.6028/NBS.TN.653
119.42,3.0274,414.38537999999994,https://doi.org/10.6028/NBS.TN.653
119.42,6.2146,417.53403199999997,https://doi.org/10.6028/NBS.TN.653
119.42,10.4007,421.340324,https://doi.org/10.6028/NBS.TN.653
119.42,14.9093,425.11453599999993,https://doi.org/10.6028/NBS.TN.653
119.42,19.8372,429.03792,https://doi.org/10.6028/NBS.TN.653
119.42,25.3748,433.1618039999999,https://doi.org/10.6028/NBS.TN.653
119.42,31.691,437.16378399999996,https://doi.org/10.6028/NBS.TN.653
124.917,0.9796,404.22403999999995,https://doi.org/10.6028/NBS.TN.653
124.917,4.496,408.0912839999999,https://doi.org/10.6028/NBS.TN.653
124.917,8.4186,412.085244,https://doi.org/10.6028/NBS.TN.653
124.917,12.519,416.05033199999997,https://doi.org/10.6028/NBS.TN.653
124.917,16.8629,419.8069,https://doi.org/10.6028/NBS.TN.653
124.917,21.7985,423.879456,https://doi.org/10.6028/NBS.TN.653
124.917,27.3638,428.213464,https://doi.org/10.6028/NBS.TN.653
130.987,1.5025,394.462096,https://doi.org/10.6028/NBS.TN.653
130.987,4.6246,395.16304399999996,https://doi.org/10.6028/NBS.TN.653
130.987,7.9344,403.096428,https://doi.org/10.6028/NBS.TN.653
130.987,11.52,406.652496,https://doi.org/10.6028/NBS.TN.653
130.987,15.7736,410.34490399999993,https://doi.org/10.6028/NBS.TN.653
130.987,20.0714,414.23460399999993,https://doi.org/10.6028/NBS.TN.653
130.987,24.9306,418.449916,https://doi.org/10.6028/NBS.TN.653
130.987,30.2874,422.905828,https://doi.org/10.6028/NBS.TN.653
134.328,0.6891,388.086196,https://doi.org/10.6028/NBS.TN.653
134.328,2.7123,391.066428,https://doi.org/10.6028/NBS.TN.653
134.328,5.7831,395.278532,https://doi.org/10.6028/NBS.TN.653
134.328,9.1296,399.44251599999996,https://doi.org/10.6028/NBS.TN.653
134.328,12.7826,403.460536,https://doi.org/10.6028/NBS.TN.653
134.328,16.6255,407.5106359999999,https://doi.org/10.6028/NBS.TN.653
134.328,20.9466,411.64093599999995,https://doi.org/10.6028/NBS.TN.653
134.328,25.7678,415.954092,https://doi.org/10.6028/NBS.TN.653
134.328,31.029,420.52228399999996,https://doi.org/10.6028/NBS.TN.653
139.061,1.2524,380.699776,https://doi.org/10.6028/NBS.TN.653
139.061,3.8254,384.89263199999994,https://doi.org/10.6028/NBS.TN.653
139.061,0.749,389.159272,https://doi.org/10.6028/NBS.TN.653
139.061,9.8761,393.35854399999994,https://doi.org/10.6028/NBS.TN.653
139.061,13.23,397.47280399999994,https://doi.org/10.6028/NBS.TN.653
139.061,16.9001,401.532528,https://doi.org/10.6028/NBS.TN.653
139.061,20.9662,405.70613599999996,https://doi.org/10.6028/NBS.TN.653
139.361,25.4969,409.93588399999993,https://doi.org/10.6028/NBS.TN.653
139.061,30.6,414.57786,https://doi.org/10.6028/NBS.TN.653
145.556,1.2996,368.67619199999996,https://doi.org/10.6028/NBS.TN.653
145.556,3.5276,373.12729199999995,https://doi.org/10.6028/NBS.TN.653
145.556,6.0368,377.5094199999999,https://doi.org/10.6028/NBS.TN.653
145.556,8.7361,381.9861839999999,https://doi.org/10.6028/NBS.TN.653
145.556,11.7186,386.30094399999996,https://doi.org/10.6028/NBS.TN.653
145.556,14.9131,390.60928799999994,https://doi.org/10.6028/NBS.TN.653
145.556,18.4018,394.908008,https://doi.org/10.6028/NBS.TN.653
145.556,22.2583,399.333444,https://doi.org/10.6028/NBS.TN.653
145.556,26.5891,403.877576,https://doi.org/10.6028/NBS.TN.653
145.556,31.4581,408.54842399999995,https://doi.org/10.6028/NBS.TN.653
150.75,3.1021,362.755828,https://doi.org/10.6028/NBS.TN.653
150.75,5.1885,363.998928,https://doi.org/10.6028/NBS.TN.653
150.75,7.5115,371.58905599999997,https://doi.org/10.6028/NBS.TN.653
150.75,10.0392,375.934292,https://doi.org/10.6028/NBS.TN.653
150.75,12.8071,380.13998,https://doi.org/10.6028/NBS.TN.653
150.75,15.7454,384.36652,https://doi.org/10.6028/NBS.TN.653
150.75,19.0,388.565792,https://doi.org/10.6028/NBS.TN.653
150.75,22.6137,392.93508799999995,https://doi.org/10.6028/NBS.TN.653
150.75,26.6405,397.36373199999997,https://doi.org/10.6028/NBS.TN.653
150.75,30.9862,401.923904,https://doi.org/10.6028/NBS.TN.653
158.238,2.2895,345.370072,https://doi.org/10.6028/NBS.TN.653
158.238,3.9627,350.21896399999997,https://doi.org/10.6028/NBS.TN.653
158.238,5.8951,355.07908399999997,https://doi.org/10.6028/NBS.TN.653
158.238,8.0251,359.891084,https://doi.org/10.6028/NBS.TN.653
158.238,10.3898,364.577972,https://doi.org/10.6028/NBS.TN.653
158.238,12.9358,369.194284,https://doi.org/10.6028/NBS.TN.653
158.238,15.7625,373.744832,https://doi.org/10.6028/NBS.TN.653
158.238,18.908,378.284152,https://doi.org/10.6028/NBS.TN.653
158.238,22.3624,382.90687999999994,https://doi.org/10.6028/NBS.TN.653
158.238,26.1723,387.673968,https://doi.org/10.6028/NBS.TN.653
158.238,30.4591,392.511632,https://doi.org/10.6028/NBS.TN.653
158.316,3.0556,328.23774799999995,https://doi.org/10.6028/NBS.TN.653
158.816,4.2201,333.0561639999999,https://doi.org/10.6028/NBS.TN.653
158.816,5.6269,337.840896,https://doi.org/10.6028/NBS.TN.653
158.816,7.1461,342.56627999999995,https://doi.org/10.6028/NBS.TN.653
165.816,8.7639,347.275624,https://doi.org/10.6028/NBS.TN.653
165.816,10.6276,351.84702400000003,https://doi.org/10.6028/NBS.TN.653
165.816,12.5484,356.39757199999997,https://doi.org/10.6028/NBS.TN.653
165.816,14.6708,360.919248,https://doi.org/10.6028/NBS.TN.653
165.816,16.9635,365.37516,https://doi.org/10.6028/NBS.TN.653
165.816,19.4903,369.87438,https://doi.org/10.6028/NBS.TN.653
165.816,25.2431,379.0251999999999,https://doi.org/10.6028/NBS.TN.653
165.816,28.8859,383.585372,https://doi.org/10.6028/NBS.TN.653
171.02,3.0512,312.14802399999996,https://doi.org/10.6028/NBS.TN.653
171.02,3.962,316.91511199999997,https://doi.org/10.6028/NBS.TN.653
171.02,4.9881,321.88751199999996,https://doi.org/10.6028/NBS.TN.653
171.02,6.1856,326.80056399999995,https://doi.org/10.6028/NBS.TN.653
171.02,7.5316,331.671912,https://doi.org/10.6028/NBS.TN.653
171.02,9.0173,336.522408,https://doi.org/10.6028/NBS.TN.653
171.02,10.6293,341.239772,https://doi.org/10.6028/NBS.TN.653
171.02,12.408,345.86891599999996,https://doi.org/10.6028/NBS.TN.653
171.02,14.2859,350.416256,https://doi.org/10.6028/NBS.TN.653
171.02,16.3662,354.921892,https://doi.org/10.6028/NBS.TN.653
171.32,18.6301,359.4884799999999,https://doi.org/10.6028/NBS.TN.653
171.02,21.0832,363.94920399999995,https://doi.org/10.6028/NBS.TN.653
171.02,23.8168,368.54947599999997,https://doi.org/10.6028/NBS.TN.653
171.02,26.8002,373.2058879999999,https://doi.org/10.6028/NBS.TN.653
171.02,30.0808,379.51442,https://doi.org/10.6028/NBS.TN.653
172.812,2.6918,303.213744,https://doi.org/10.6028/NBS.TN.653
172.812,3.4176,308.242284,https://doi.org/10.6028/NBS.TN.653
172.812,4.3111,313.4713239999999,https://doi.org/10.6028/NBS.TN.653
172.312,5.3641,318.652244,https://doi.org/10.6028/NBS.TN.653
172.812,6.5532,323.804292,https://doi.org/10.6028/NBS.TN.653
172.812,7.8943,330.454476,https://doi.org/10.6028/NBS.TN.653
172.812,9.3956,330.6245,https://doi.org/10.6028/NBS.TN.653
172.812,11.0311,338.705452,https://doi.org/10.6028/NBS.TN.653
172.812,12.3956,343.48376799999994,https://doi.org/10.6028/NBS.TN.653
172.812,14.8729,348.26368799999995,https://doi.org/10.6028/NBS.TN.653
172.312,16.9458,352.98586399999994,https://doi.org/10.6028/NBS.TN.653
172.812,19.3398,357.71606,https://doi.org/10.6028/NBS.TN.653
172.812,21.9091,362.502396,https://doi.org/10.6028/NBS.TN.653
172.812,24.7494,367.309584,https://doi.org/10.6028/NBS.TN.653
172.312,27.9157,372.18413999999996,https://doi.org/10.6028/NBS.TN.653
172.812,31.3431,377.110024,https://doi.org/10.6028/NBS.TN.653
179.526,3.8288,286.336456,https://doi.org/10.6028/NBS.TN.653
179.526,4.3914,291.672964,https://doi.org/10.6028/NBS.TN.653
179.526,5.0375,297.009472,https://doi.org/10.6028/NBS.TN.653
179.526,5.8367,302.230492,https://doi.org/10.6028/NBS.TN.653
179.526,6.7352,307.445096,https://doi.org/10.6028/NBS.TN.653
179.526,7.7613,312.5426079999999,https://doi.org/10.6028/NBS.TN.653
179.526,8.9123,317.617664,https://doi.org/10.6028/NBS.TN.653
179.526,10.2227,322.58043999999995,https://doi.org/10.6028/NBS.TN.653
179.526,11.6557,327.50792799999994,https://doi.org/10.6028/NBS.TN.653
179.526,13.2223,332.39371199999994,https://doi.org/10.6028/NBS.TN.653
179.526,14.9605,337.2009,https://doi.org/10.6028/NBS.TN.653
179.526,16.6544,341.97440399999994,https://doi.org/10.6028/NBS.TN.653
179.526,18.9445,346.75111599999997,https://doi.org/10.6028/NBS.TN.653
179.526,21.2479,351.53905599999996,https://doi.org/10.6028/NBS.TN.653
179.526,23.7559,356.3494519999999,https://doi.org/10.6028/NBS.TN.653
179.526,26.5059,361.18069999999994,https://doi.org/10.6028/NBS.TN.653
179.526,29.5185,358.056108,https://doi.org/10.6028/NBS.TN.653
183.221,5.3258,261.817712,https://doi.org/10.6028/NBS.TN.653
188.221,5.7034,267.26168799999994,https://doi.org/10.6028/NBS.TN.653
188.221,6.1386,272.70566399999996,https://doi.org/10.6028/NBS.TN.653
188.221,6.6632,278.11435199999994,https://doi.org/10.6028/NBS.TN.653
188.221,7.2749,273.84771199999994,https://doi.org/10.6028/NBS.TN.653
188.221,7.9651,288.77453599999996,https://doi.org/10.6028/NBS.TN.653
188.221,8.7679,294.026032,https://doi.org/10.6028/NBS.TN.653
183.221,8.8439,294.50081599999993,https://doi.org/10.6028/NBS.TN.653
188.221,9.7425,299.689756,https://doi.org/10.6028/NBS.TN.653
188.221,10.7955,304.774436,https://doi.org/10.6028/NBS.TN.653
188.221,11.9512,309.81420399999996,https://doi.org/10.6028/NBS.TN.653
133.221,13.1343,314.84916000000004,https://doi.org/10.6028/NBS.TN.653
133.221,14.5061,319.82156,https://doi.org/10.6028/NBS.TN.653
188.221,16.1461,324.82764399999996,https://doi.org/10.6028/NBS.TN.653
188.221,17.8513,329.504908,https://doi.org/10.6028/NBS.TN.653
188.221,19.7206,334.382672,https://doi.org/10.6028/NBS.TN.653
188.221,21.7789,339.24118799999997,https://doi.org/10.6028/NBS.TN.653
188.221,24.3259,344.13980399999997,https://doi.org/10.6028/NBS.TN.653
138.221,26.4984,348.99992399999996,https://doi.org/10.6028/NBS.TN.653
188.221,29.1744,353.75578399999995,https://doi.org/10.6028/NBS.TN.653
273.15,1.6376,12.03,https://doi.org/10.6028/NBS.TN.653
298.142,1.802,12.03,https://doi.org/10.6028/NBS.TN.653
303.143,1.8347,12.03,https://doi.org/10.6028/NBS.TN.653
323.14,1.9656,12.03,https://doi.org/10.6028/NBS.TN.653
398.143,2.1292,12.03,https://doi.org/10.6028/NBS.TN.653
373.15,2.2925,12.03,https://doi.org/10.6028/NBS.TN.653
398.16,2.4557,12.03,https://doi.org/10.6028/NBS.TN.653
273.15,2.1558,16.04,https://doi.org/10.6028/NBS.TN.653
298.142,2.3786,16.04,https://doi.org/10.6028/NBS.TN.653
303.143,2.4232,16.04,https://doi.org/10.6028/NBS.TN.653
323.14,2.6006,16.04,https://doi.org/10.6028/NBS.TN.653
348.143,2.8221,16.04,https://doi.org/10.6028/NBS.TN.653
373.15,3.0431,16.04,https://doi.org/10.6028/NBS.TN.653
398.16,3.2637,16.04,https://doi.org/10.6028/NBS.TN.653
273.15,3.1539,24.06,https://doi.org/10.6028/NBS.TN.653
298.142,3.4993,24.06,https://doi.org/10.6028/NBS.TN.653
303.143,3.5685,24.06,https://doi.org/10.6028/NBS.TN.653
323.14,3.8427,24.06,https://doi.org/10.6028/NBS.TN.653
348.143,4.1852,24.06,https://doi.org/10.6028/NBS.TN.653
373.15,4.5267,24.06,https://doi.org/10.6028/NBS.TN.653
398.16,4.8676,24.06,https://doi.org/10.6028/NBS.TN.653
273.15,4.1053,32.08,https://doi.org/10.6028/NBS.TN.653
298.142,4.5804,32.08,https://doi.org/10.6028/NBS.TN.653
303.143,4.6753,32.08,https://doi.org/10.6028/NBS.TN.653
323.14,5.053,32.08,https://doi.org/10.6028/NBS.TN.653
348.143,5.5222,32.08,https://doi.org/10.6028/NBS.TN.653
373.15,5.992,32.08,https://doi.org/10.6028/NBS.TN.653
398.16,6.4582,32.08,https://doi.org/10.6028/NBS.TN.653
273.15,5.0139,40.099999999999994,https://doi.org/10.6028/NBS.TN.653
298.142,5.6263,40.099999999999994,https://doi.org/10.6028/NBS.TN.653
303.143,5.7485,40.099999999999994,https://doi.org/10.6028/NBS.TN.653
323.14,5.2343,40.099999999999994,https://doi.org/10.6028/NBS.TN.653
348.143,6.839,40.099999999999994,https://doi.org/10.6028/NBS.TN.653
373.15,7.4424,40.099999999999994,https://doi.org/10.6028/NBS.TN.653
398.16,8.0411,40.099999999999994,https://doi.org/10.6028/NBS.TN.653
273.15,5.8842,48.12,https://doi.org/10.6028/NBS.TN.653
298.142,6.6415,48.12,https://doi.org/10.6028/NBS.TN.653
303.143,6.794,48.12,https://doi.org/10.6028/NBS.TN.653
323.14,7.3926,48.12,https://doi.org/10.6028/NBS.TN.653
348.143,8.1391,48.12,https://doi.org/10.6028/NBS.TN.653
373.15,8.8835,48.12,https://doi.org/10.6028/NBS.TN.653
398.16,9.6229,48.12,https://doi.org/10.6028/NBS.TN.653
273.15,6.7222,56.13999999999999,https://doi.org/10.6028/NBS.TN.653
298.142,7.6307,56.13999999999999,https://doi.org/10.6028/NBS.TN.653
303.143,7.6146,56.13999999999999,https://doi.org/10.6028/NBS.TN.653
323.14,8.5324,56.13999999999999,https://doi.org/10.6028/NBS.TN.653
348.143,9.4279,56.13999999999999,https://doi.org/10.6028/NBS.TN.653
373.15,10.32,56.13999999999999,https://doi.org/10.6028/NBS.TN.653
398.16,11.207,56.13999999999999,https://doi.org/10.6028/NBS.TN.653
273.15,7.5307,64.16,https://doi.org/10.6028/NBS.TN.653
298.142,8.5992,64.16,https://doi.org/10.6028/NBS.TN.653
303.143,8.8142,64.16,https://doi.org/10.6028/NBS.TN.653
323.14,9.6585,64.16,https://doi.org/10.6028/NBS.TN.653
348.143,10.7094,64.16,https://doi.org/10.6028/NBS.TN.653
373.15,11.7577,64.16,https://doi.org/10.6028/NBS.TN.653
398.16,12.7993,64.16,https://doi.org/10.6028/NBS.TN.653
273.15,6.3156,72.17999999999999,https://doi.org/10.6028/NBS.TN.653
298.142,9.5511,72.17999999999999,https://doi.org/10.6028/NBS.TN.653
303.143,9.6002,72.17999999999999,https://doi.org/10.6028/NBS.TN.653
323.14,10.7779,72.17999999999999,https://doi.org/10.6028/NBS.TN.653
348.143,11.992,72.17999999999999,https://doi.org/10.6028/NBS.TN.653
373.15,13.2013,72.17999999999999,https://doi.org/10.6028/NBS.TN.653
398.16,14.4083,72.17999999999999,https://doi.org/10.6028/NBS.TN.653
273.15,9.0802,80.19999999999999,https://doi.org/10.6028/NBS.TN.653
298.142,10.4911,80.19999999999999,https://doi.org/10.6028/NBS.TN.653
303.143,10.7745,80.19999999999999,https://doi.org/10.6028/NBS.TN.653
323.14,11.8912,80.19999999999999,https://doi.org/10.6028/NBS.TN.653
348.143,13.2781,80.19999999999999,https://doi.org/10.6028/NBS.TN.653
373.15,14.6583,80.19999999999999,https://doi.org/10.6028/NBS.TN.653
398.16,16.0346,80.19999999999999,https://doi.org/10.6028/NBS.TN.653
273.15,9.8315,88.22,https://doi.org/10.6028/NBS.TN.653
298.142,11.4261,88.22,https://doi.org/10.6028/NBS.TN.653
303.143,11.7449,88.22,https://doi.org/10.6028/NBS.TN.653
323.14,13.003,88.22,https://doi.org/10.6028/NBS.TN.653
348.143,14.5746,88.22,https://doi.org/10.6028/NBS.TN.653
373.15,16.1321,88.22,https://doi.org/10.6028/NBS.TN.653
393.16,17.6887,88.22,https://doi.org/10.6028/NBS.TN.653
273.15,10.566,96.24,https://doi.org/10.6028/NBS.TN.653
298.142,12.3585,96.24,https://doi.org/10.6028/NBS.TN.653
303.143,12.716,96.24,https://doi.org/10.6028/NBS.TN.653
323.14,14.1261,96.24,https://doi.org/10.6028/NBS.TN.653
343.143,15.8896,96.24,https://doi.org/10.6028/NBS.TN.653
373.15,17.6308,96.24,https://doi.org/10.6028/NBS.TN.653
398.16,19.3701,96.24,https://doi.org/10.6028/NBS.TN.653
273.15,11.3057,104.25999999999999,https://doi.org/10.6028/NBS.TN.653
298.142,13.2941,104.25999999999999,https://doi.org/10.6028/NBS.TN.653
303.143,13.6921,104.25999999999999,https://doi.org/10.6028/NBS.TN.653
323.14,15.2692,104.25999999999999,https://doi.org/10.6028/NBS.TN.653
348.143,17.2195,104.25999999999999,https://doi.org/10.6028/NBS.TN.653
373.15,19.1585,104.25999999999999,https://doi.org/10.6028/NBS.TN.653
393.16,21.1015,104.25999999999999,https://doi.org/10.6028/NBS.TN.653
273.15,12.0494,112.27999999999999,https://doi.org/10.6028/NBS.TN.653
298.142,14.2411,112.27999999999999,https://doi.org/10.6028/NBS.TN.653
303.143,14.6809,112.27999999999999,https://doi.org/10.6028/NBS.TN.653
323.14,16.4208,112.27999999999999,https://doi.org/10.6028/NBS.TN.653
348.143,18.5865,112.27999999999999,https://doi.org/10.6028/NBS.TN.653
373.15,20.7347,112.27999999999999,https://doi.org/10.6028/NBS.TN.653
398.16,22.8706,112.27999999999999,https://doi.org/10.6028/NBS.TN.653
273.15,12.7854,120.3,https://doi.org/10.6028/NBS.TN.653
298.142,15.204,120.3,https://doi.org/10.6028/NBS.TN.653
303.143,15.6783,120.3,https://doi.org/10.6028/NBS.TN.653
323.14,17.5966,120.3,https://doi.org/10.6028/NBS.TN.653
343.143,19.9807,120.3,https://doi.org/10.6028/NBS.TN.653
373.15,22.344,120.3,https://doi.org/10.6028/NBS.TN.653
398.16,24.7053,120.3,https://doi.org/10.6028/NBS.TN.653
273.15,13.541,128.32,https://doi.org/10.6028/NBS.TN.653
298.142,16.1873,128.32,https://doi.org/10.6028/NBS.TN.653
303.143,16.7135,128.32,https://doi.org/10.6028/NBS.TN.653
323.14,18.8142,128.32,https://doi.org/10.6028/NBS.TN.653
348.143,21.4218,128.32,https://doi.org/10.6028/NBS.TN.653
373.15,24.0078,128.32,https://doi.org/10.6028/NBS.TN.653
398.16,26.6023,128.32,https://doi.org/10.6028/NBS.TN.653
273.16,14.309,128.32,https://doi.org/10.6028/NBS.TN.653
293.142,17.1979,136.33999999999997,https://doi.org/10.6028/NBS.TN.653
303.143,17.7736,136.33999999999997,https://doi.org/10.6028/NBS.TN.653
323.14,20.0673,136.33999999999997,https://doi.org/10.6028/NBS.TN.653
348.143,22.9193,56.13999999999999,https://doi.org/10.6028/NBS.TN.653
373.15,25.7427,136.33999999999997,https://doi.org/10.6028/NBS.TN.653
398.16,28.5758,136.33999999999997,https://doi.org/10.6028/NBS.TN.653
273.15,15.1095,144.35999999999999,https://doi.org/10.6028/NBS.TN.653
298.142,18.247,144.35999999999999,https://doi.org/10.6028/NBS.TN.653
303.143,18.8733,144.35999999999999,https://doi.org/10.6028/NBS.TN.653
323.14,21.3759,144.35999999999999,https://doi.org/10.6028/NBS.TN.653
348.143,24.4766,144.35999999999999,https://doi.org/10.6028/NBS.TN.653
373.15,27.5434,144.35999999999999,https://doi.org/10.6028/NBS.TN.653
398.16,30.6209,144.35999999999999,https://doi.org/10.6028/NBS.TN.653
273.15,15.9307,152.38,https://doi.org/10.6028/NBS.TN.653
298.142,19.3423,152.38,https://doi.org/10.6028/NBS.TN.653
303.143,20.0116,152.38,https://doi.org/10.6028/NBS.TN.653
323.14,22.7366,152.38,https://doi.org/10.6028/NBS.TN.653
348.143,26.1024,152.38,https://doi.org/10.6028/NBS.TN.653
373.15,29.4478,152.38,https://doi.org/10.6028/NBS.TN.653
398.16,32.7865,152.38,https://doi.org/10.6028/NBS.TN.653
273.15,16.7979,160.39999999999998,https://doi.org/10.6028/NBS.TN.653
298.142,20.4825,160.39999999999998,https://doi.org/10.6028/NBS.TN.653
303.143,21.21,160.39999999999998,https://doi.org/10.6028/NBS.TN.653
323.14,24.1534,160.39999999999998,https://doi.org/10.6028/NBS.TN.653
348.143,27.8048,160.39999999999998,https://doi.org/10.6028/NBS.TN.653
373.15,31.425,160.39999999999998,https://doi.org/10.6028/NBS.TN.653
398.16,35.0494,160.39999999999998,https://doi.org/10.6028/NBS.TN.653
273.15,17.7002,168.42,https://doi.org/10.6028/NBS.TN.653
298.142,21.6938,168.42,https://doi.org/10.6028/NBS.TN.653
303.143,22.4805,168.42,https://doi.org/10.6028/NBS.TN.653
323.14,25.6572,168.42,https://doi.org/10.6028/NBS.TN.653
348.143,29.6014,168.42,https://doi.org/10.6028/NBS.TN.653
373.15,33.5101,168.42,https://doi.org/10.6028/NBS.TN.653
398.16,37.4301,168.42,https://doi.org/10.6028/NBS.TN.653
273.15,18.678,176.44,https://doi.org/10.6028/NBS.TN.653
298.142,22.9688,176.44,https://doi.org/10.6028/NBS.TN.653
303.143,23.8292,176.44,https://doi.org/10.6028/NBS.TN.653
323.14,27.2539,176.44,https://doi.org/10.6028/NBS.TN.653
348.143,31.5031,176.44,https://doi.org/10.6028/NBS.TN.653
373.15,35.7297,176.44,https://doi.org/10.6028/NBS.TN.653
398.16,39.9523,176.44,https://doi.org/10.6028/NBS.TN.653
273.15,19.7051,184.45999999999998,https://doi.org/10.6028/NBS.TN.653
298.142,24.3451,184.45999999999998,https://doi.org/10.6028/NBS.TN.653
303.143,25.2507,184.45999999999998,https://doi.org/10.6028/NBS.TN.653
323.14,28.9542,184.45999999999998,https://doi.org/10.6028/NBS.TN.653
348.143,33.5104,184.45999999999998,https://doi.org/10.6028/NBS.TN.653
373.15,38.0866,184.45999999999998,https://doi.org/10.6028/NBS.TN.653
273.15,20.8211,192.48,https://doi.org/10.6028/NBS.TN.653
298.142,25.795,192.48,https://doi.org/10.6028/NBS.TN.653
303.143,26.7883,192.48,https://doi.org/10.6028/NBS.TN.653
323.14,30.7555,192.48,https://doi.org/10.6028/NBS.TN.653
343.143,35.6651,192.48,https://doi.org/10.6028/NBS.TN.653
373.15,40.5932,192.48,https://doi.org/10.6028/NBS.TN.653
273.15,22.0275,200.49999999999997,https://doi.org/10.6028/NBS.TN.653
293.142,27.3788,200.49999999999997,https://doi.org/10.6028/NBS.TN.653
303.143,28.4252,200.49999999999997,https://doi.org/10.6028/NBS.TN.653
323.14,32.6974,200.49999999999997,https://doi.org/10.6028/NBS.TN.653
348.143,37.9993,200.49999999999997,https://doi.org/10.6028/NBS.TN.653
203.084,0.1013,0.9688159999999999,https://doi.org/10.6028/NBS.TN.653
223.249,0.1013,0.8805959999999998,https://doi.org/10.6028/NBS.TN.653
248.175,0.1013,0.7907719999999999,https://doi.org/10.6028/NBS.TN.653
273.15,0.1013,0.7169879999999998,https://doi.org/10.6028/NBS.TN.653
298.142,0.1013,0.656036,https://doi.org/10.6028/NBS.TN.653
323.14,0.1013,0.606312,https://doi.org/10.6028/NBS.TN.653
373.15,0.1013,0.524508,https://doi.org/10.6028/NBS.TN.653
423.17,0.1013,0.461952,https://doi.org/10.6028/NBS.TN.653
473.193,0.1013,0.413832,https://doi.org/10.6028/NBS.TN.653
203.084,2.0265,22.164071999999997,https://doi.org/10.6028/NBS.TN.653
223.249,2.0265,19.382735999999998,https://doi.org/10.6028/NBS.TN.653
298.142,2.0265,13.600316,https://doi.org/10.6028/NBS.TN.653
203.084,3.0397,36.412403999999995,https://doi.org/10.6028/NBS.TN.653
223.249,3.0397,30.782364,https://doi.org/10.6028/NBS.TN.653
248.175,3.0397,26.299183999999997,https://doi.org/10.6028/NBS.TN.653
273.15,3.0397,23.132887999999998,https://doi.org/10.6028/NBS.TN.653
323.14,3.0397,18.858227999999997,https://doi.org/10.6028/NBS.TN.653
373.15,3.0397,16.046415999999997,https://doi.org/10.6028/NBS.TN.653
423.17,3.0397,14.001316,https://doi.org/10.6028/NBS.TN.653
273.193,3.0397,12.431,https://doi.org/10.6028/NBS.TN.653
203.084,4.053,54.717252,https://doi.org/10.6028/NBS.TN.653
223.249,4.053,43.827695999999996,https://doi.org/10.6028/NBS.TN.653
248.175,4.053,36.446088,https://doi.org/10.6028/NBS.TN.653
273.15,4.053,31.653335999999996,https://doi.org/10.6028/NBS.TN.653
298.142,4.053,28.135763999999998,https://doi.org/10.6028/NBS.TN.653
323.14,4.053,25.428211999999995,https://doi.org/10.6028/NBS.TN.653
203.084,5.0662,81.054932,https://doi.org/10.6028/NBS.TN.653
223.249,5.0662,59.09938,https://doi.org/10.6028/NBS.TN.653
273.15,5.0662,40.605259999999994,https://doi.org/10.6028/NBS.TN.653
373.15,5.0662,26.711411999999996,https://doi.org/10.6028/NBS.TN.653
423.17,5.0662,23.413588,https://doi.org/10.6028/NBS.TN.653
473.193,5.0662,20.722075999999998,https://doi.org/10.6028/NBS.TN.653
203.084,6.0795,127.86767199999998,https://doi.org/10.6028/NBS.TN.653
223.249,6.0795,77.53575599999999,https://doi.org/10.6028/NBS.TN.653
248.175,6.0795,59.423387999999996,https://doi.org/10.6028/NBS.TN.653
273.15,6.0795,49.982243999999994,https://doi.org/10.6028/NBS.TN.653
298.142,6.0795,43.60313599999999,https://doi.org/10.6028/NBS.TN.653
323.14,6.0795,39.0574,https://doi.org/10.6028/NBS.TN.653
423.17,6.0795,28.121328,https://doi.org/10.6028/NBS.TN.653
473.193,6.0795,24.870019999999997,https://doi.org/10.6028/NBS.TN.653
203.084,6.5861,160.12090399999997,https://doi.org/10.6028/NBS.TN.653
203.084,7.0927,190.70918399999996,https://doi.org/10.6028/NBS.TN.653
223.249,7.0927,99.22344,https://doi.org/10.6028/NBS.TN.653
203.084,8.106,224.5199,https://doi.org/10.6028/NBS.TN.653
223.249,8.106,124.64684,https://doi.org/10.6028/NBS.TN.653
248.175,8.106,86.28397199999999,https://doi.org/10.6028/NBS.TN.653
273.15,8.106,69.992144,https://doi.org/10.6028/NBS.TN.653
298.142,8.106,59.971956,https://doi.org/10.6028/NBS.TN.653
323.14,8.106,53.106835999999994,https://doi.org/10.6028/NBS.TN.653
223.249,9.1192,151.33739999999997,https://doi.org/10.6028/NBS.TN.653
203.084,10.1325,255.46266400000002,https://doi.org/10.6028/NBS.TN.653
223.249,10.1325,175.47439199999997,https://doi.org/10.6028/NBS.TN.653
423.17,30.3975,132.56258,https://doi.org/10.6028/NBS.TN.653
473.193,30.3975,116.079876,https://doi.org/10.6028/NBS.TN.653
203.084,40.53,350.56221999999997,https://doi.org/10.6028/NBS.TN.653
223.249,40.53,327.92657199999996,https://doi.org/10.6028/NBS.TN.653
248.175,40.53,300.110004,https://doi.org/10.6028/NBS.TN.653
273.15,40.53,274.10756,https://doi.org/10.6028/NBS.TN.653
296.142,40.53,249.531072,https://doi.org/10.6028/NBS.TN.653
323.14,40.53,227.58193599999998,https://doi.org/10.6028/NBS.TN.653
373.15,40.53,192.20090399999998,https://doi.org/10.6028/NBS.TN.653
423.17,40.53,166.16638,https://doi.org/10.6028/NBS.TN.653
473.193,40.53,146.49973599999998,https://doi.org/10.6028/NBS.TN.653
203.084,50.6625,363.50489600000003,https://doi.org/10.6028/NBS.TN.653
223.249,50.6625,343.78371599999997,https://doi.org/10.6028/NBS.TN.653
248.175,50.6625,319.641912,https://doi.org/10.6028/NBS.TN.653
273.15,50.6625,296.76406,https://doi.org/10.6028/NBS.TN.653
298.142,50.6625,274.5486599999999,https://doi.org/10.6028/NBS.TN.653
323.14,50.6625,251.059684,https://doi.org/10.6028/NBS.TN.653
373.15,50.6625,220.35431199999996,https://doi.org/10.6028/NBS.TN.653
423.17,50.6625,193.435984,https://doi.org/10.6028/NBS.TN.653
473.193,50.6625,172.412356,https://doi.org/10.6028/NBS.TN.653
203.084,60.795,374.687984,https://doi.org/10.6028/NBS.TN.653
223.249,60.795,356.55957599999994,https://doi.org/10.6028/NBS.TN.653
248.175,60.795,334.631292,https://doi.org/10.6028/NBS.TN.653
273.15,60.795,313.957336,https://doi.org/10.6028/NBS.TN.653
298.142,60.795,293.610596,https://doi.org/10.6028/NBS.TN.653
323.14,60.795,274.9656999999999,https://doi.org/10.6028/NBS.TN.653
373.15,60.795,242.76860799999997,https://doi.org/10.6028/NBS.TN.653
423.17,60.795,215.903212,https://doi.org/10.6028/NBS.TN.653
473.193,60.795,194.480188,https://doi.org/10.6028/NBS.TN.653
203.084,70.9275,384.30877599999997,https://doi.org/10.6028/NBS.TN.653
223.249,70.9275,367.57103599999994,https://doi.org/10.6028/NBS.TN.653
248.175,70.9275,347.11522399999996,https://doi.org/10.6028/NBS.TN.653
203.084,81.06,392.22932799999995,https://doi.org/10.6028/NBS.TN.653
223.249,81.06,376.407472,https://doi.org/10.6028/NBS.TN.653
248.175,81.06,357.642276,https://doi.org/10.6028/NBS.TN.653
273.15,81.06,339.690308,https://doi.org/10.6028/NBS.TN.653
298.142,81.06,322.38154399999996,https://doi.org/10.6028/NBS.TN.653
323.14,81.06,305.560396,https://doi.org/10.6028/NBS.TN.653
373.15,81.06,276.645088,https://doi.org/10.6028/NBS.TN.653
423.17,81.06,251.390108,https://doi.org/10.6028/NBS.TN.653
473.193,81.06,230.01841199999998,https://doi.org/10.6028/NBS.TN.653
203.084,91.1925,399.657452,https://doi.org/10.6028/NBS.TN.653
223.249,91.1925,384.3809559999999,https://doi.org/10.6028/NBS.TN.653
248.175,91.1925,366.6760039999999,https://doi.org/10.6028/NBS.TN.653
203.084,101.325,406.28678399999995,https://doi.org/10.6028/NBS.TN.653
223.249,101.325,392.26782399999996,https://doi.org/10.6028/NBS.TN.653
246.175,101.325,375.37449599999997,https://doi.org/10.6028/NBS.TN.653
273.15,101.325,358.67044,https://doi.org/10.6028/NBS.TN.653
298.142,101.325,343.35544799999997,https://doi.org/10.6028/NBS.TN.653
323.14,101.325,328.377296,https://doi.org/10.6028/NBS.TN.653
373.15,101.325,298.740188,https://doi.org/10.6028/NBS.TN.653
423.17,101.325,278.0710439999999,https://doi.org/10.6028/NBS.TN.653
473.193,101.325,257.470872,https://doi.org/10.6028/NBS.TN.653
111.23,28.7,447.66998399999994,https://doi.org/10.6028/NBS.TN.653
111.23,40.2,454.00578399999995,https://doi.org/10.6028/NBS.TN.653
111.23,51.9,460.787496,https://doi.org/10.6028/NBS.TN.653
111.23,72.6,470.9344,https://doi.org/10.6028/NBS.TN.653
121.19,21.8,428.648148,https://doi.org/10.6028/NBS.TN.653
121.19,33.5,437.2953119999999,https://doi.org/10.6028/NBS.TN.653
121.19,74.6,459.993516,https://doi.org/10.6028/NBS.TN.653
121.19,94.2,468.5941639999999,https://doi.org/10.6028/NBS.TN.653
121.19,114.4,476.3879999999999,https://doi.org/10.6028/NBS.TN.653
131.79,46.5,435.514872,https://doi.org/10.6028/NBS.TN.653
131.79,60.7,444.320832,https://doi.org/10.6028/NBS.TN.653
131.79,74.6,451.95908,https://doi.org/10.6028/NBS.TN.653
131.79,89.2,458.809764,https://doi.org/10.6028/NBS.TN.653
131.79,104.8,465.73744,https://doi.org/10.6028/NBS.TN.653
143.82,48.3,423.66612399999997,https://doi.org/10.6028/NBS.TN.653
143.82,70.5,437.773304,https://doi.org/10.6028/NBS.TN.653
143.32,96.8,451.32229199999995,https://doi.org/10.6028/NBS.TN.653
156.96,49.5,409.4963879999999,https://doi.org/10.6028/NBS.TN.653
156.96,61.7,419.56629999999996,https://doi.org/10.6028/NBS.TN.653
156.96,76.9,428.991404,https://doi.org/10.6028/NBS.TN.653
156.96,95.1,439.037256,https://doi.org/10.6028/NBS.TN.653
167.61,41.5004,392.364064,https://doi.org/10.6028/NBS.TN.653
167.61,55.0,405.255412,https://doi.org/10.6028/NBS.TN.653
167.61,75.1,419.23748,https://doi.org/10.6028/NBS.TN.653
167.61,93.6,430.48793599999993,https://doi.org/10.6028/NBS.TN.653
179.29,48.8,387.53281599999997,https://doi.org/10.6028/NBS.TN.653
179.29,75.6,409.81077199999993,https://doi.org/10.6028/NBS.TN.653
179.29,100.3,425.23804399999995,https://doi.org/10.6028/NBS.TN.653
192.87,33.4,353.848816,https://doi.org/10.6028/NBS.TN.653
192.87,52.9,377.980996,https://doi.org/10.6028/NBS.TN.653
192.87,71.4,395.26890799999995,https://doi.org/10.6028/NBS.TN.653
192.87,97.9,413.828792,https://doi.org/10.6028/NBS.TN.653
212.0,40.1,340.696016,https://doi.org/10.6028/NBS.TN.653
212.0,58.6,365.293356,https://doi.org/10.6028/NBS.TN.653
212.0,74.6,380.816868,https://doi.org/10.6028/NBS.TN.653
212.0,95.03,396.930652,https://doi.org/10.6028/NBS.TN.653
225.07,42.8,333.7940039999999,https://doi.org/10.6028/NBS.TN.653
225.07,62.5,356.92047599999995,https://doi.org/10.6028/NBS.TN.653
225.07,82.3,376.61438799999996,https://doi.org/10.6028/NBS.TN.653
225.07,108.7,396.539276,https://doi.org/10.6028/NBS.TN.653
237.57,30.2,287.81694799999997,https://doi.org/10.6028/NBS.TN.653
237.57,60.6,344.27935199999996,https://doi.org/10.6028/NBS.TN.653
237.57,94.2,378.21197199999995,https://doi.org/10.6028/NBS.TN.653
249.43,41.1,301.673904,https://doi.org/10.6028/NBS.TN.653
249.43,58.1,330.449664,https://doi.org/10.6028/NBS.TN.653
249.43,74.4,350.600716,https://doi.org/10.6028/NBS.TN.653
249.43,94.2,369.330624,https://doi.org/10.6028/NBS.TN.653
261.55,40.7,287.351788,https://doi.org/10.6028/NBS.TN.653
261.55,53.3,312.244264,https://doi.org/10.6028/NBS.TN.653
261.55,68.0,332.849248,https://doi.org/10.6028/NBS.TN.653
261.55,82.6,349.075312,https://doi.org/10.6028/NBS.TN.653
261.55,100.1,365.04313199999996,https://doi.org/10.6028/NBS.TN.653
278.71,34.8,253.03741599999995,https://doi.org/10.6028/NBS.TN.653
278.71,50.0,291.53020799999996,https://doi.org/10.6028/NBS.TN.653
278.71,62.4,313.0366399999999,https://doi.org/10.6028/NBS.TN.653
278.71,77.4,332.366444,https://doi.org/10.6028/NBS.TN.653
278.71,95.9,354.91387199999997,https://doi.org/10.6028/NBS.TN.653
293.41,46.5,269.412652,https://doi.org/10.6028/NBS.TN.653
293.41,64.0,302.29946399999994,https://doi.org/10.6028/NBS.TN.653
293.41,94.7,340.19075599999996,https://doi.org/10.6028/NBS.TN.653
303.29,36.9,228.13210799999996,https://doi.org/10.6028/NBS.TN.653
303.29,51.6,267.377176,https://doi.org/10.6028/NBS.TN.653
309.29,66.7,312.09028,https://doi.org/10.6028/NBS.TN.653
309.29,84.7,319.649932,https://doi.org/10.6028/NBS.TN.653
303.29,105.8,341.2044839999999,https://doi.org/10.6028/NBS.TN.653
176.0,2.7962,48.046215999999994,https://doi.org/10.6028/NBS.TN.653
180.0,2.9335,48.017343999999994,https://doi.org/10.6028/NBS.TN.653
184.0,3.0683,47.988471999999994,https://doi.org/10.6028/NBS.TN.653
188.0,3.2008,47.961203999999995,https://doi.org/10.6028/NBS.TN.653
192.0,3.3316,47.932332,https://doi.org/10.6028/NBS.TN.653
196.0,3.461,47.903459999999995,https://doi.org/10.6028/NBS.TN.653
200.0,3.589,47.872983999999995,https://doi.org/10.6028/NBS.TN.653
204.0,3.7158,47.848924,https://doi.org/10.6028/NBS.TN.653
208.0,3.8417,47.820052,https://doi.org/10.6028/NBS.TN.653
212.0,3.9665,47.792784,https://doi.org/10.6028/NBS.TN.653
216.0,4.0907,47.76551599999999,https://doi.org/10.6028/NBS.TN.653
220.0,4.2142,47.736644,https://doi.org/10.6028/NBS.TN.653
225.0,4.3673,47.70135599999999,https://doi.org/10.6028/NBS.TN.653
230.3,4.5196,47.66606799999999,https://doi.org/10.6028/NBS.TN.653
240.3,4.6219,47.598699999999994,https://doi.org/10.6028/NBS.TN.653
250.0,5.1203,47.52652,https://doi.org/10.6028/NBS.TN.653
260.0,5.416,47.454339999999995,https://doi.org/10.6028/NBS.TN.653
270.0,5.7089,47.38216,https://doi.org/10.6028/NBS.TN.653
280.0,5.9996,47.309979999999996,https://doi.org/10.6028/NBS.TN.653
290.0,6.2872,47.23779999999999,https://doi.org/10.6028/NBS.TN.653
300.0,6.5748,47.16080799999999,https://doi.org/10.6028/NBS.TN.653
184.0,3.5156,63.810328,https://doi.org/10.6028/NBS.TN.653
188.0,3.7096,63.768623999999996,https://doi.org/10.6028/NBS.TN.653
192.0,3.8989,63.72691999999999,https://doi.org/10.6028/NBS.TN.653
196.0,4.09,63.68681999999999,https://doi.org/10.6028/NBS.TN.653
200.0,4.275,63.651531999999996,https://doi.org/10.6028/NBS.TN.653
204.0,4.4556,63.605015999999985,https://doi.org/10.6028/NBS.TN.653
208.0,4.6349,63.564916,https://doi.org/10.6028/NBS.TN.653
212.0,4.8124,63.524816,https://doi.org/10.6028/NBS.TN.653
216.0,4.9885,63.484716,https://doi.org/10.6028/NBS.TN.653
220.0,5.1632,63.444615999999996,https://doi.org/10.6028/NBS.TN.653
225.0,5.38,63.39328799999999,https://doi.org/10.6028/NBS.TN.653
230.0,5.5949,63.341959999999986,https://doi.org/10.6028/NBS.TN.653
240.0,6.0204,63.240908,https://doi.org/10.6028/NBS.TN.653
250.0,6.4407,63.138251999999994,https://doi.org/10.6028/NBS.TN.653
260.0,6.8568,63.0372,https://doi.org/10.6028/NBS.TN.653
270.0,7.2682,62.932939999999995,https://doi.org/10.6028/NBS.TN.653
280.0,7.6756,62.82868,https://doi.org/10.6028/NBS.TN.653
290.0,8.0805,62.722816,https://doi.org/10.6028/NBS.TN.653
300.0,8.4819,62.613744,https://doi.org/10.6028/NBS.TN.653
138.0,4.0276,79.08361599999998,https://doi.org/10.6028/NBS.TN.653
192.0,4.277,79.02747599999998,https://doi.org/10.6028/NBS.TN.653
196.0,4.5221,78.974544,https://doi.org/10.6028/NBS.TN.653
200.0,4.7641,78.920008,https://doi.org/10.6028/NBS.TN.653
204.3,5.0036,78.867076,https://doi.org/10.6028/NBS.TN.653
208.0,5.2409,78.81253999999998,https://doi.org/10.6028/NBS.TN.653
212.0,5.4744,78.759608,https://doi.org/10.6028/NBS.TN.653
216.0,5.7052,78.706676,https://doi.org/10.6028/NBS.TN.653
220.0,5.933,78.65213999999999,https://doi.org/10.6028/NBS.TN.653
225.0,6.2178,78.586376,https://doi.org/10.6028/NBS.TN.653
230.3,6.4995,78.51900799999999,https://doi.org/10.6028/NBS.TN.653
240.0,7.0563,78.384272,https://doi.org/10.6028/NBS.TN.653
250.0,7.606,78.24953599999999,https://doi.org/10.6028/NBS.TN.653
260.0,8.1491,78.113196,https://doi.org/10.6028/NBS.TN.653
270.0,8.6867,77.97685599999998,https://doi.org/10.6028/NBS.TN.653
260.0,9.219,77.83730799999998,https://doi.org/10.6028/NBS.TN.653
290.0,9.7469,77.69776,https://doi.org/10.6028/NBS.TN.653
300.0,10.2699,77.558212,https://doi.org/10.6028/NBS.TN.653
192.0,4.5371,95.40271199999998,https://doi.org/10.6028/NBS.TN.653
196.0,4.8493,95.33374,https://doi.org/10.6028/NBS.TN.653
200.0,5.1565,95.26476799999999,https://doi.org/10.6028/NBS.TN.653
204.0,5.458,95.19739999999999,https://doi.org/10.6028/NBS.TN.653
208.0,5.7577,95.12842799999999,https://doi.org/10.6028/NBS.TN.653
212.0,6.3538,95.059456,https://doi.org/10.6028/NBS.TN.653
216.0,6.3471,94.992088,https://doi.org/10.6028/NBS.TN.653
220.0,6.6376,94.92311600000001,https://doi.org/10.6028/NBS.TN.653
225.0,0.9966,94.84131199999999,https://doi.org/10.6028/NBS.TN.653
230.0,7.3565,94.75148799999998,https://doi.org/10.6028/NBS.TN.653
240.0,8.0641,91.37186,https://doi.org/10.6028/NBS.TN.653
253.0,8.7631,94.406628,https://doi.org/10.6028/NBS.TN.653
260.0,9.4542,94.233396,https://doi.org/10.6028/NBS.TN.653
270.0,10.1384,94.05855999999999,https://doi.org/10.6028/NBS.TN.653
260.0,10.8156,93.883724,https://doi.org/10.6028/NBS.TN.653
290.0,11.4673,93.70888799999999,https://doi.org/10.6028/NBS.TN.653
300.0,12.1534,93.53244799999999,https://doi.org/10.6028/NBS.TN.653
192.0,4.6845,111.98807199999999,https://doi.org/10.6028/NBS.TN.653
196.0,5.0661,111.90305999999998,https://doi.org/10.6028/NBS.TN.653
200.0,5.4406,111.81804799999999,https://doi.org/10.6028/NBS.TN.653
204.0,5.811,111.733036,https://doi.org/10.6028/NBS.TN.653
208.0,6.1774,111.64962799999999,https://doi.org/10.6028/NBS.TN.653
212.0,6.541,111.56621999999999,https://doi.org/10.6028/NBS.TN.653
216.0,6.9013,111.48120799999998,https://doi.org/10.6028/NBS.TN.653
223.0,7.2591,111.39779999999999,https://doi.org/10.6028/NBS.TN.653
225.0,7.7032,111.29193599999998,https://doi.org/10.6028/NBS.TN.653
230.0,8.1437,111.184468,https://doi.org/10.6028/NBS.TN.653
240.0,9.3158,110.97434399999999,https://doi.org/10.6028/NBS.TN.653
250.0,9.8789,110.761012,https://doi.org/10.6028/NBS.TN.653
260.0,10.7322,110.54768,https://doi.org/10.6028/NBS.TN.653
270.0,11.5791,107.09266399999998,https://doi.org/10.6028/NBS.TN.653
280.0,12.4174,110.119412,https://doi.org/10.6028/NBS.TN.653
290.0,13.2489,106.69968399999999,https://doi.org/10.6028/NBS.TN.653
300.0,14.0737,109.66387599999999,https://doi.org/10.6028/NBS.TN.653
192.0,4.7528,127.96712,https://doi.org/10.6028/NBS.TN.653
196.0,5.2011,127.88050399999997,https://doi.org/10.6028/NBS.TN.653
230.0,5.6416,127.781056,https://doi.org/10.6028/NBS.TN.653
204.0,6.0781,127.68000399999998,https://doi.org/10.6028/NBS.TN.653
208.0,6.512,127.58055599999999,https://doi.org/10.6028/NBS.TN.653
212.0,6.9442,127.47950399999999,https://doi.org/10.6028/NBS.TN.653
218.0,7.373,127.37845200000001,https://doi.org/10.6028/NBS.TN.653
223.0,7.7995,127.27739999999999,https://doi.org/10.6028/NBS.TN.653
225.0,8.3292,127.15068399999998,https://doi.org/10.6028/NBS.TN.653
230.0,8.8565,127.02396799999998,https://doi.org/10.6028/NBS.TN.653
240.0,9.9012,126.77053599999999,https://doi.org/10.6028/NBS.TN.653
250.0,10.938,126.19630400000001,https://doi.org/10.6028/NBS.TN.653
260.0,11.961,126.263672,https://doi.org/10.6028/NBS.TN.653
270.0,12.9779,126.01184399999998,https://doi.org/10.6028/NBS.TN.653
280.0,13.9858,125.76162,https://doi.org/10.6028/NBS.TN.653
290.0,14.9653,125.514604,https://doi.org/10.6028/NBS.TN.653
300.0,15.9769,125.27239999999998,https://doi.org/10.6028/NBS.TN.653
192.0,4.7891,145.78755999999998,https://doi.org/10.6028/NBS.TN.653
196.0,5.3082,145.67046799999997,https://doi.org/10.6028/NBS.TN.653
200.0,5.8237,145.55177199999997,https://doi.org/10.6028/NBS.TN.653
204.0,6.3364,145.46515599999998,https://doi.org/10.6028/NBS.TN.653
208.0,6.6502,145.31438,https://doi.org/10.6028/NBS.TN.653
212.0,7.3615,145.19407999999999,https://doi.org/10.6028/NBS.TN.653
216.0,7.8711,145.07378,https://doi.org/10.6028/NBS.TN.653
220.0,8.36,144.95187599999997,https://doi.org/10.6028/NBS.TN.653
225.0,9.0129,144.8011,https://doi.org/10.6028/NBS.TN.653
230.0,9.6439,144.61664,https://doi.org/10.6028/NBS.TN.653
240.0,10.697,144.34395999999998,https://doi.org/10.6028/NBS.TN.653
250.0,12.1398,144.040804,https://doi.org/10.6028/NBS.TN.653
260.0,13.3727,111.660856,https://doi.org/10.6028/NBS.TN.653
270.0,14.597,143.44411599999998,https://doi.org/10.6028/NBS.TN.653
260.0,15.8114,143.15539599999997,https://doi.org/10.6028/NBS.TN.653
290.0,17.017,142.871488,https://doi.org/10.6028/NBS.TN.653
300.0,18.2149,142.5956,https://doi.org/10.6028/NBS.TN.653
192.0,4.8104,164.21751999999998,https://doi.org/10.6028/NBS.TN.653
196.0,5.402,164.08278399999998,https://doi.org/10.6028/NBS.TN.653
200.0,5.9983,163.94483999999997,https://doi.org/10.6028/NBS.TN.653
204.0,6.5977,163.80529199999998,https://doi.org/10.6028/NBS.TN.653
208.0,7.199,163.66413999999997,https://doi.org/10.6028/NBS.TN.653
212.0,7.8012,163.52298799999997,https://doi.org/10.6028/NBS.TN.653
216.0,8.4035,163.05943200000002,https://doi.org/10.6028/NBS.TN.653
220.0,9.006,163.237476,https://doi.org/10.6028/NBS.TN.653
225.0,9.7568,163.057828,https://doi.org/10.6028/NBS.TN.653
230.0,10.5066,162.87818,https://doi.org/10.6028/NBS.TN.653
240.0,11.9985,162.51728,https://doi.org/10.6028/NBS.TN.653
250.0,13.4809,162.1644,https://doi.org/10.6028/NBS.TN.653
260.0,14.9544,161.814728,https://doi.org/10.6028/NBS.TN.653
270.0,16.4165,161.476284,https://doi.org/10.6028/NBS.TN.653
280.0,17.67,161.14746399999999,https://doi.org/10.6028/NBS.TN.653
290.0,19.3133,160.83307999999997,https://doi.org/10.6028/NBS.TN.653
300.0,20.7474,160.497844,https://doi.org/10.6028/NBS.TN.653
192.0,4.8322,178.22525199999998,https://doi.org/10.6028/NBS.TN.653
196.0,5.4855,178.07447599999998,https://doi.org/10.6028/NBS.TN.653
200.0,6.1513,177.920492,https://doi.org/10.6028/NBS.TN.653
204.0,6.3249,177.7633,https://doi.org/10.6028/NBS.TN.653
208.0,7.5017,177.60289999999998,https://doi.org/10.6028/NBS.TN.653
212.0,8.1773,177.44249999999997,https://doi.org/10.6028/NBS.TN.653
216.0,8.8609,177.27889199999998,https://doi.org/10.6028/NBS.TN.653
220.0,9.5415,177.11688799999996,https://doi.org/10.6028/NBS.TN.653
225.0,10.3913,176.911576,https://doi.org/10.6028/NBS.TN.653
230.0,11.2402,176.707868,https://doi.org/10.6028/NBS.TN.653
240.0,12.9341,176.302056,https://doi.org/10.6028/NBS.TN.653
250.0,14.617,175.90586799999997,https://doi.org/10.6028/NBS.TN.653
260.0,16.2909,175.52251199999998,https://doi.org/10.6028/NBS.TN.653
270.0,17.9548,175.153592,https://doi.org/10.6028/NBS.TN.653
280.0,19.607,174.800712,https://doi.org/10.6028/NBS.TN.653
290.0,21.2497,174.46547599999997,https://doi.org/10.6028/NBS.TN.653
330.0,22.8828,174.14628,https://doi.org/10.6028/NBS.TN.653
192.0,4.8685,193.59798799999996,https://doi.org/10.6028/NBS.TN.653
196.0,5.6033,193.427964,https://doi.org/10.6028/NBS.TN.653
200.0,6.3574,193.251524,https://doi.org/10.6028/NBS.TN.653
204.0,7.1216,193.07348,https://doi.org/10.6028/NBS.TN.653
208.0,7.8913,192.89062399999997,https://doi.org/10.6028/NBS.TN.653
212.0,8.6654,192.707768,https://doi.org/10.6028/NBS.TN.653
216.0,9.4428,192.52170399999997,https://doi.org/10.6028/NBS.TN.653
220.0,10.2201,192.33884799999998,https://doi.org/10.6028/NBS.TN.653
225.0,11.1912,192.10626799999997,https://doi.org/10.6028/NBS.TN.653
230.0,12.1617,191.876896,https://doi.org/10.6028/NBS.TN.653
240.0,14.0985,191.424568,https://doi.org/10.6028/NBS.TN.653
250.0,16.0255,190.985072,https://doi.org/10.6028/NBS.TN.653
260.0,17.9425,190.568032,https://doi.org/10.6028/NBS.TN.653
270.0,19.849,190.17344799999998,https://doi.org/10.6028/NBS.TN.653
280.0,21.7442,189.80132,https://doi.org/10.6028/NBS.TN.653
290.0,23.6293,189.45164799999998,https://doi.org/10.6028/NBS.TN.653
300.0,25.5031,189.12122399999998,https://doi.org/10.6028/NBS.TN.653
192.0,4.9455,208.22325999999998,https://doi.org/10.6028/NBS.TN.653
196.0,5.779,208.03077999999996,https://doi.org/10.6028/NBS.TN.653
200.0,6.6328,207.83028000000002,https://doi.org/10.6028/NBS.TN.653
204.0,7.4993,207.624968,https://doi.org/10.6028/NBS.TN.653
208.0,8.3726,207.418052,https://doi.org/10.6028/NBS.TN.653
212.0,9.2499,207.21113599999998,https://doi.org/10.6028/NBS.TN.653
216.0,10.1304,207.00101199999997,https://doi.org/10.6028/NBS.TN.653
220.0,11.0116,206.79249199999998,https://doi.org/10.6028/NBS.TN.653
225.0,12.1115,206.53264399999995,https://doi.org/10.6028/NBS.TN.653
230.0,13.2115,206.27439999999996,https://doi.org/10.6028/NBS.TN.653
240.0,15.4057,205.77074399999998,https://doi.org/10.6028/NBS.TN.653
250.0,17.59,205.292752,https://doi.org/10.6028/NBS.TN.653
260.0,19.7638,204.84363199999996,https://doi.org/10.6028/NBS.TN.653
270.0,21.9261,204.426592,https://doi.org/10.6028/NBS.TN.653
280.0,24.0753,204.03681999999998,https://doi.org/10.6028/NBS.TN.653
290.0,26.213,203.67592,https://doi.org/10.6028/NBS.TN.653
300.0,28.3387,203.33426799999998,https://doi.org/10.6028/NBS.TN.653
192.0,5.2052,228.30694399999996,https://doi.org/10.6028/NBS.TN.653
196.0,6.2209,228.069552,https://doi.org/10.6028/NBS.TN.653
200.0,7.2451,227.828952,https://doi.org/10.6028/NBS.TN.653
204.0,8.2785,227.553064,https://doi.org/10.6028/NBS.TN.653
208.0,9.3177,227.33973199999997,https://doi.org/10.6028/NBS.TN.653
212.0,10.3608,227.09431999999995,https://doi.org/10.6028/NBS.TN.653
216.0,11.404,226.848908,https://doi.org/10.6028/NBS.TN.653
220.0,12.4478,226.60509999999996,https://doi.org/10.6028/NBS.TN.653
225.0,13.7516,226.305152,https://doi.org/10.6028/NBS.TN.653
233.0,15.0534,226.01322399999998,https://doi.org/10.6028/NBS.TN.653
240.0,17.5506,225.45342799999997,https://doi.org/10.6028/NBS.TN.653
250.0,20.2352,224.933732,https://doi.org/10.6028/NBS.TN.653
260.0,22.8062,224.46215599999996,https://doi.org/10.6028/NBS.TN.653
270.0,25.3635,224.029076,https://doi.org/10.6028/NBS.TN.653
280.0,27.9069,223.631284,https://doi.org/10.6028/NBS.TN.653
290.0,30.4333,223.26076,https://doi.org/10.6028/NBS.TN.653
300.0,32.9483,222.91108799999998,https://doi.org/10.6028/NBS.TN.653
190.0,5.1866,246.68878399999997,https://doi.org/10.6028/NBS.TN.653
194.0,6.3787,246.40808399999997,https://doi.org/10.6028/NBS.TN.653
198.0,7.5861,246.12417599999998,https://doi.org/10.6028/NBS.TN.653
202.0,8.8012,245.840268,https://doi.org/10.6028/NBS.TN.653
206.0,10.0201,245.55315199999998,https://doi.org/10.6028/NBS.TN.653
210.0,11.2378,245.26924399999996,https://doi.org/10.6028/NBS.TN.653
215.0,12.7596,244.91796799999997,https://doi.org/10.6028/NBS.TN.653
220.0,14.2792,244.57471199999998,https://doi.org/10.6028/NBS.TN.653
230.0,17.3125,243.92188399999998,https://doi.org/10.6028/NBS.TN.653
240.0,20.3287,243.32840399999998,https://doi.org/10.6028/NBS.TN.653
250.0,23.3313,242.795876,https://doi.org/10.6028/NBS.TN.653
260.0,26.3178,242.314676,https://doi.org/10.6028/NBS.TN.653
270.0,29.2861,241.878388,https://doi.org/10.6028/NBS.TN.653
280.0,32.2396,241.475784,https://doi.org/10.6028/NBS.TN.653
290.0,35.1677,241.102052,https://doi.org/10.6028/NBS.TN.653
186.0,4.5617,261.02373199999994,https://doi.org/10.6028/NBS.TN.653
190.0,5.9078,260.718972,https://doi.org/10.6028/NBS.TN.653
194.0,7.266,260.406192,https://doi.org/10.6028/NBS.TN.653
198.0,8.6363,260.09020399999997,https://doi.org/10.6028/NBS.TN.653
202.0,10.0048,259.772612,https://doi.org/10.6028/NBS.TN.653
206.0,11.3751,259.45502,https://doi.org/10.6028/NBS.TN.653
210.0,12.7454,259.14544799999993,https://doi.org/10.6028/NBS.TN.653
215.0,14.4404,258.770112,https://doi.org/10.6028/NBS.TN.653
220.0,16.1607,258.401192,https://doi.org/10.6028/NBS.TN.653
230.0,19.5626,257.72590799999995,https://doi.org/10.6028/NBS.TN.653
240.0,22.9438,257.12440799999996,https://doi.org/10.6028/NBS.TN.653
250.0,26.3114,256.593484,https://doi.org/10.6028/NBS.TN.653
260.0,29.6539,256.120304,https://doi.org/10.6028/NBS.TN.653
270.0,32.9757,255.69043199999996,https://doi.org/10.6028/NBS.TN.653
182.0,4.1322,277.26423199999994,https://doi.org/10.6028/NBS.TN.653
186.0,5.6948,276.908144,https://doi.org/10.6028/NBS.TN.653
190.0,7.2675,276.55526399999997,https://doi.org/10.6028/NBS.TN.653
194.0,8.6346,276.19917599999997,https://doi.org/10.6028/NBS.TN.653
198.0,10.408,275.84469199999995,https://doi.org/10.6028/NBS.TN.653
202.0,11.9774,275.49341599999997,https://doi.org/10.6028/NBS.TN.653
206.0,13.5462,275.148556,https://doi.org/10.6028/NBS.TN.653
210.0,15.108,274.81492399999996,https://doi.org/10.6028/NBS.TN.653
215.0,17.0602,274.418736,https://doi.org/10.6028/NBS.TN.653
220.0,19.033,274.040192,https://doi.org/10.6028/NBS.TN.653
230.0,22.6723,273.360096,https://doi.org/10.6028/NBS.TN.653
240.0,26.7186,272.76982399999997,https://doi.org/10.6028/NBS.TN.653
250.0,30.5442,272.2485239999999,https://doi.org/10.6028/NBS.TN.653
260.0,34.3357,271.78336399999995,https://doi.org/10.6028/NBS.TN.653
176.0,3.2172,294.87935999999996,https://doi.org/10.6028/NBS.TN.653
180.0,5.0437,294.44627999999994,https://doi.org/10.6028/NBS.TN.653
184.0,6.8691,294.04528,https://doi.org/10.6028/NBS.TN.653
188.0,8.6906,293.64428,https://doi.org/10.6028/NBS.TN.653
192.0,10.5089,293.22723999999994,https://doi.org/10.6028/NBS.TN.653
196.0,12.3227,292.82624,https://doi.org/10.6028/NBS.TN.653
200.0,14.1311,292.44127999999995,https://doi.org/10.6028/NBS.TN.653
205.0,16.386,291.9761199999999,https://doi.org/10.6028/NBS.TN.653
210.0,18.6312,291.527,https://doi.org/10.6028/NBS.TN.653
215.0,20.8687,291.1259999999999,https://doi.org/10.6028/NBS.TN.653
220.0,23.1002,290.75708,https://doi.org/10.6028/NBS.TN.653
225.0,25.3237,290.42024,https://doi.org/10.6028/NBS.TN.653
230.0,27.5393,290.00319999999994,https://doi.org/10.6028/NBS.TN.653
235.0,29.7479,289.81072,https://doi.org/10.6028/NBS.TN.653
240.0,31.9488,289.55408,https://doi.org/10.6028/NBS.TN.653
245.0,34.1402,289.29744,https://doi.org/10.6028/NBS.TN.653
170.0,2.6367,312.87624,https://doi.org/10.6028/NBS.TN.653
174.0,4.7743,312.379,https://doi.org/10.6028/NBS.TN.653
178.0,6.9007,311.91384,https://doi.org/10.6028/NBS.TN.653
182.0,9.0117,311.44867999999997,https://doi.org/10.6028/NBS.TN.653
186.0,11.1128,310.996352,https://doi.org/10.6028/NBS.TN.653
190.0,13.2061,310.51836,https://doi.org/10.6028/NBS.TN.653
194.0,15.2913,310.08527999999995,https://doi.org/10.6028/NBS.TN.653
198.0,17.3668,309.68428,https://doi.org/10.6028/NBS.TN.653
202.0,19.4349,309.29931999999997,https://doi.org/10.6028/NBS.TN.653
205.0,20.9838,309.02664,https://doi.org/10.6028/NBS.TN.653
210.0,23.5576,308.60959999999994,https://doi.org/10.6028/NBS.TN.653
215.0,26.1206,308.12839999999994,https://doi.org/10.6028/NBS.TN.653
220.0,28.6762,307.88779999999997,https://doi.org/10.6028/NBS.TN.653
225.0,31.2214,307.567,https://doi.org/10.6028/NBS.TN.653
230.0,33.7542,307.27827999999994,https://doi.org/10.6028/NBS.TN.653
164.0,2.0288,327.617,https://doi.org/10.6028/NBS.TN.653
168.0,4.4689,327.03955999999994,https://doi.org/10.6028/NBS.TN.653
172.0,6.3823,326.52627999999993,https://doi.org/10.6028/NBS.TN.653
176.0,9.27,325.99696,https://doi.org/10.6028/NBS.TN.653
180.0,11.639,325.48368,https://doi.org/10.6028/NBS.TN.653
184.0,13.9966,324.9704,https://doi.org/10.6028/NBS.TN.653
188.0,16.3416,324.50523999999996,https://doi.org/10.6028/NBS.TN.653
192.0,18.6776,324.10424,https://doi.org/10.6028/NBS.TN.653
196.0,21.0084,323.65511999999995,https://doi.org/10.6028/NBS.TN.653
200.0,23.3321,323.28619999999995,https://doi.org/10.6028/NBS.TN.653
204.0,25.6494,322.94935999999996,https://doi.org/10.6028/NBS.TN.653
208.0,27.9599,322.64459999999997,https://doi.org/10.6028/NBS.TN.653
212.0,30.2629,322.35587999999996,https://doi.org/10.6028/NBS.TN.653
216.0,32.5569,322.0832,https://doi.org/10.6028/NBS.TN.653
220.0,34.8434,321.8426,https://doi.org/10.6028/NBS.TN.653
158.0,1.9836,342.79083999999995,https://doi.org/10.6028/NBS.TN.653
162.0,4.7537,342.16527999999994,https://doi.org/10.6028/NBS.TN.653
166.0,7.4747,341.55575999999996,https://doi.org/10.6028/NBS.TN.653
170.0,10.1595,340.97831999999994,https://doi.org/10.6028/NBS.TN.653
174.0,12.8287,340.41691999999995,https://doi.org/10.6028/NBS.TN.653
178.0,15.4807,339.87156,https://doi.org/10.6028/NBS.TN.653
182.0,18.1216,339.37432,https://doi.org/10.6028/NBS.TN.653
186.0,20.7556,338.90916,https://doi.org/10.6028/NBS.TN.653
190.0,23.3818,338.49212,https://doi.org/10.6028/NBS.TN.653
194.0,26.0026,338.12319999999994,https://doi.org/10.6028/NBS.TN.653
198.0,28.6118,337.78636,https://doi.org/10.6028/NBS.TN.653
206.0,31.214,337.48159999999996,https://doi.org/10.6028/NBS.TN.653
206.0,33.8043,337.19287999999995,https://doi.org/10.6028/NBS.TN.653
152.0,1.4593,354.88499999999993,https://doi.org/10.6028/NBS.TN.653
156.0,4.5884,354.16319999999996,https://doi.org/10.6028/NBS.TN.653
160.0,7.4923,353.5215999999999,https://doi.org/10.6028/NBS.TN.653
164.0,10.4403,352.89603999999997,https://doi.org/10.6028/NBS.TN.653
168.0,13.3692,352.27047999999996,https://doi.org/10.6028/NBS.TN.653
172.0,16.2772,351.7411599999999,https://doi.org/10.6028/NBS.TN.653
176.0,19.1756,347.93967999999995,https://doi.org/10.6028/NBS.TN.653
180.0,22.0648,350.6664799999999,https://doi.org/10.6028/NBS.TN.653
184.0,24.952,350.24944,https://doi.org/10.6028/NBS.TN.653
188.0,27.8308,349.86447999999996,https://doi.org/10.6028/NBS.TN.653
192.0,30.7015,349.52763999999996,https://doi.org/10.6028/NBS.TN.653
196.0,33.5575,349.22288,https://doi.org/10.6028/NBS.TN.653
146.0,1.3127,363.67491999999993,https://doi.org/10.6028/NBS.TN.653
140.0,1.2262,378.0628,https://doi.org/10.6028/NBS.TN.653
150.0,4.0703,362.88895999999994,https://doi.org/10.6028/NBS.TN.653
154.0,7.9462,365.42328,https://doi.org/10.6028/NBS.TN.653
156.0,11.1736,364.73355999999995,https://doi.org/10.6028/NBS.TN.653
162.0,14.381,354.45192,https://doi.org/10.6028/NBS.TN.653
166.0,17.5712,363.46639999999996,https://doi.org/10.6028/NBS.TN.653
170.0,20.7555,353.2970399999999,https://doi.org/10.6028/NBS.TN.653
174.0,23.933,362.43983999999995,https://doi.org/10.6028/NBS.TN.653
176.0,27.1112,362.02279999999996,https://doi.org/10.6028/NBS.TN.653
182.0,30.2767,361.63784,https://doi.org/10.6028/NBS.TN.653
186.0,33.4282,361.30099999999993,https://doi.org/10.6028/NBS.TN.653
144.0,4.891,377.22871999999995,https://doi.org/10.6028/NBS.TN.653
148.0,8.45,376.49087999999995,https://doi.org/10.6028/NBS.TN.653
152.0,11.9526,375.75303999999994,https://doi.org/10.6028/NBS.TN.653
156.0,15.435,375.06332,https://doi.org/10.6028/NBS.TN.653
160.0,18.9067,374.42171999999994,https://doi.org/10.6028/NBS.TN.653
164.0,22.3762,373.86031999999994,https://doi.org/10.6028/NBS.TN.653
166.0,25.844,373.37911999999994,https://doi.org/10.6028/NBS.TN.653
172.0,29.304,372.96207999999996,https://doi.org/10.6028/NBS.TN.653
176.0,32.7578,372.57712,https://doi.org/10.6028/NBS.TN.653
134.0,0.6861,387.89531999999997,https://doi.org/10.6028/NBS.TN.653
138.0,4.6383,386.965,https://doi.org/10.6028/NBS.TN.653
142.0,6.463,386.17904,https://doi.org/10.6028/NBS.TN.653
146.0,12.224,385.39308,https://doi.org/10.6028/NBS.TN.653
150.0,15.9656,384.65524,https://doi.org/10.6028/NBS.TN.653
154.0,19.704,383.9976,https://doi.org/10.6028/NBS.TN.653
134.0,0.5841,387.75095999999996,https://doi.org/10.6028/NBS.TN.653
136.0,2.577,387.2216399999999,https://doi.org/10.6028/NBS.TN.653
138.0,4.5258,386.80459999999994,https://doi.org/10.6028/NBS.TN.653
140.0,6.4512,386.4036,https://doi.org/10.6028/NBS.TN.653
142.0,8.3348,386.01863999999995,https://doi.org/10.6028/NBS.TN.653
144.0,10.2134,385.63367999999997,https://doi.org/10.6028/NBS.TN.653
146.0,12.0944,385.23267999999996,https://doi.org/10.6028/NBS.TN.653
148.0,13.9702,384.86375999999996,https://doi.org/10.6028/NBS.TN.653
150.0,15.8374,384.49483999999995,https://doi.org/10.6028/NBS.TN.653
152.0,17.7053,384.15799999999996,https://doi.org/10.6028/NBS.TN.653
154.0,19.5747,383.85323999999997,https://doi.org/10.6028/NBS.TN.653
156.0,21.4417,383.54848,https://doi.org/10.6028/NBS.TN.653
158.0,23.2888,383.24371999999994,https://doi.org/10.6028/NBS.TN.653
160.0,25.1636,382.98707999999993,https://doi.org/10.6028/NBS.TN.653
162.0,27.0317,382.74647999999996,https://doi.org/10.6028/NBS.TN.653
164.0,26.8962,382.53795999999994,https://doi.org/10.6028/NBS.TN.653
166.0,30.7694,382.32944,https://doi.org/10.6028/NBS.TN.653
168.0,32.6391,382.13696,https://doi.org/10.6028/NBS.TN.653
170.0,34.4966,381.94448,https://doi.org/10.6028/NBS.TN.653
130.0,0.7286,394.66419999999994,https://doi.org/10.6028/NBS.TN.653
132.0,2.823,394.13487999999995,https://doi.org/10.6028/NBS.TN.653
134.0,4.8781,393.71783999999997,https://doi.org/10.6028/NBS.TN.653
136.0,6.8894,393.28475999999995,https://doi.org/10.6028/NBS.TN.653
138.0,8.8639,392.88376,https://doi.org/10.6028/NBS.TN.653
140.0,10.8425,392.48276,https://doi.org/10.6028/NBS.TN.653
142.0,12.8176,392.06572,https://doi.org/10.6028/NBS.TN.653
144.0,14.7856,391.68075999999996,https://doi.org/10.6028/NBS.TN.653
146.0,16.7516,391.31183999999996,https://doi.org/10.6028/NBS.TN.653
146.0,18.7222,390.95896,https://doi.org/10.6028/NBS.TN.653
150.0,20.6921,390.63815999999997,https://doi.org/10.6028/NBS.TN.653
152.0,22.6644,390.3334,https://doi.org/10.6028/NBS.TN.653
154.0,24.6119,390.04467999999997,https://doi.org/10.6028/NBS.TN.653
156.0,26.5906,389.78803999999997,https://doi.org/10.6028/NBS.TN.653
158.0,28.5671,389.54744,https://doi.org/10.6028/NBS.TN.653
160.0,30.5459,389.33892,https://doi.org/10.6028/NBS.TN.653
162.0,32.5155,389.1304,https://doi.org/10.6028/NBS.TN.653
164.0,34.4921,388.93792,https://doi.org/10.6028/NBS.TN.653
126.0,0.4795,400.9358399999999,https://doi.org/10.6028/NBS.TN.653
126.0,2.674,400.3584,https://doi.org/10.6028/NBS.TN.653
130.0,4.8275,399.92532,https://doi.org/10.6028/NBS.TN.653
132.0,6.9442,399.4762,https://doi.org/10.6028/NBS.TN.653
134.0,9.0206,399.05915999999996,https://doi.org/10.6028/NBS.TN.653
136.0,11.0901,398.62608,https://doi.org/10.6028/NBS.TN.653
138.0,13.1437,398.20903999999996,https://doi.org/10.6028/NBS.TN.653
140.0,15.2046,394.6000399999999,https://doi.org/10.6028/NBS.TN.653
142.0,17.2619,397.42307999999997,https://doi.org/10.6028/NBS.TN.653
144.0,19.3223,397.05415999999997,https://doi.org/10.6028/NBS.TN.653
146.0,21.3859,396.73336,https://doi.org/10.6028/NBS.TN.653
148.0,23.4593,396.42859999999996,https://doi.org/10.6028/NBS.TN.653
148.0,23.4564,396.41256,https://doi.org/10.6028/NBS.TN.653
150.0,25.5294,396.13987999999995,https://doi.org/10.6028/NBS.TN.653
152.0,27.6024,395.56244000000004,https://doi.org/10.6028/NBS.TN.653
154.0,29.6664,395.64264,https://doi.org/10.6028/NBS.TN.653
156.0,31.7346,395.41808000000003,https://doi.org/10.6028/NBS.TN.653
158.0,33.803,395.20955999999995,https://doi.org/10.6028/NBS.TN.653
122.0,0.3482,407.19143999999994,https://doi.org/10.6028/NBS.TN.653
124.0,2.6168,406.5819199999999,https://doi.org/10.6028/NBS.TN.653
126.0,4.8814,406.1328,https://doi.org/10.6028/NBS.TN.653
128.0,7.0363,405.69971999999996,https://doi.org/10.6028/NBS.TN.653
130.0,9.2218,405.26663999999994,https://doi.org/10.6028/NBS.TN.653
132.0,11.4039,404.83356,https://doi.org/10.6028/NBS.TN.653
134.0,13.5786,404.40047999999996,https://doi.org/10.6028/NBS.TN.653
134.0,13.5814,404.38444,https://doi.org/10.6028/NBS.TN.653
136.0,15.7173,403.95135999999997,https://doi.org/10.6028/NBS.TN.653
138.0,17.3801,403.5664,https://doi.org/10.6028/NBS.TN.653
140.0,20.043,403.19748,https://doi.org/10.6028/NBS.TN.653
142.0,22.2144,402.86063999999993,https://doi.org/10.6028/NBS.TN.653
144.0,24.3665,402.55588,https://doi.org/10.6028/NBS.TN.653
146.0,26.5643,402.28319999999997,https://doi.org/10.6028/NBS.TN.653
148.0,28.7462,402.02655999999996,https://doi.org/10.6028/NBS.TN.653
150.0,30.9282,401.78595999999993,https://doi.org/10.6028/NBS.TN.653
152.0,33.0937,401.56139999999994,https://doi.org/10.6028/NBS.TN.653
154.0,35.2726,401.35287999999997,https://doi.org/10.6028/NBS.TN.653
118.0,0.474,413.46308,https://doi.org/10.6028/NBS.TN.653
120.0,2.8487,412.85355999999996,https://doi.org/10.6028/NBS.TN.653
122.0,5.1814,412.3884,https://doi.org/10.6028/NBS.TN.653
124.0,7.4303,411.93927999999994,https://doi.org/10.6028/NBS.TN.653
126.0,9.7196,411.49015999999995,https://doi.org/10.6028/NBS.TN.653
128.0,12.001,401.40099999999995,https://doi.org/10.6028/NBS.TN.653
130.0,14.2846,410.59191999999996,https://doi.org/10.6028/NBS.TN.653
132.0,16.5554,410.20696,https://doi.org/10.6028/NBS.TN.653
134.0,18.832,409.82199999999995,https://doi.org/10.6028/NBS.TN.653
136.0,21.1062,409.40495999999996,https://doi.org/10.6028/NBS.TN.653
138.0,23.3855,409.06811999999996,https://doi.org/10.6028/NBS.TN.653
138.0,23.3445,409.06811999999996,https://doi.org/10.6028/NBS.TN.653
140.0,25.6331,408.76336000000003,https://doi.org/10.6028/NBS.TN.653
142.0,27.933,408.47464,https://doi.org/10.6028/NBS.TN.653
144.0,30.2209,408.21799999999996,https://doi.org/10.6028/NBS.TN.653
146.0,32.5227,407.97739999999993,https://doi.org/10.6028/NBS.TN.653
148.0,34.8148,407.76888,https://doi.org/10.6028/NBS.TN.653
114.0,0.4106,419.31768,https://doi.org/10.6028/NBS.TN.653
116.0,2.8896,418.69212,https://doi.org/10.6028/NBS.TN.653
118.0,5.2908,418.19487999999996,https://doi.org/10.6028/NBS.TN.653
120.0,7.6358,417.74575999999996,https://doi.org/10.6028/NBS.TN.653
122.0,10.0162,417.26455999999996,https://doi.org/10.6028/NBS.TN.653
124.0,12.3929,416.79939999999993,https://doi.org/10.6028/NBS.TN.653
126.0,14.7655,416.33423999999997,https://doi.org/10.6028/NBS.TN.653
128.0,17.1338,415.90115999999995,https://doi.org/10.6028/NBS.TN.653
130.0,19.5123,415.50015999999994,https://doi.org/10.6028/NBS.TN.653
132.0,21.8955,415.13123999999993,https://doi.org/10.6028/NBS.TN.653
132.0,21.8534,415.11519999999996,https://doi.org/10.6028/NBS.TN.653
134.0,24.2441,414.77836,https://doi.org/10.6028/NBS.TN.653
136.0,26.644,414.4735999999999,https://doi.org/10.6028/NBS.TN.653
138.0,29.0474,414.18487999999996,https://doi.org/10.6028/NBS.TN.653
140.0,31.4577,413.94427999999994,https://doi.org/10.6028/NBS.TN.653
142.0,33.829,413.70368,https://doi.org/10.6028/NBS.TN.653
110.0,0.5935,425.36475999999993,https://doi.org/10.6028/NBS.TN.653
112.0,3.1839,424.7392,https://doi.org/10.6028/NBS.TN.653
114.0,5.6444,424.24195999999995,https://doi.org/10.6028/NBS.TN.653
116.0,8.1054,423.76075999999995,https://doi.org/10.6028/NBS.TN.653
118.0,10.587,423.26352,https://doi.org/10.6028/NBS.TN.653
120.0,13.0659,422.76627999999994,https://doi.org/10.6028/NBS.TN.653
122.0,15.54,422.28508,https://doi.org/10.6028/NBS.TN.653
124.0,18.0154,421.83595999999994,https://doi.org/10.6028/NBS.TN.653
126.0,20.4975,421.43496,https://doi.org/10.6028/NBS.TN.653
128.0,22.9892,421.06604,https://doi.org/10.6028/NBS.TN.653
130.0,25.4906,420.7292,https://doi.org/10.6028/NBS.TN.653
132.0,28.0025,420.42443999999995,https://doi.org/10.6028/NBS.TN.653
134.0,30.5214,420.13572,https://doi.org/10.6028/NBS.TN.653
134.0,30.4967,420.11968,https://doi.org/10.6028/NBS.TN.653
136.0,33.0185,419.86303999999996,https://doi.org/10.6028/NBS.TN.653
106.0,1.2022,431.49204,https://doi.org/10.6028/NBS.TN.653
108.0,3.8986,430.89856,https://doi.org/10.6028/NBS.TN.653
110.0,6.4591,430.40131999999994,https://doi.org/10.6028/NBS.TN.653
112.0,9.03,429.88803999999993,https://doi.org/10.6028/NBS.TN.653
114.0,11.6122,429.35871999999995,https://doi.org/10.6028/NBS.TN.653
116.0,14.1871,428.84543999999994,https://doi.org/10.6028/NBS.TN.653
119.0,16.7653,428.36423999999994,https://doi.org/10.6028/NBS.TN.653
120.0,19.3539,427.9311599999999,https://doi.org/10.6028/NBS.TN.653
122.0,21.9542,427.51411999999993,https://doi.org/10.6028/NBS.TN.653
124.0,24.582,427.1500119999999,https://doi.org/10.6028/NBS.TN.653
124.0,24.5676,427.16123999999996,https://doi.org/10.6028/NBS.TN.653
126.0,27.2049,417.20039999999995,https://doi.org/10.6028/NBS.TN.653
128.0,29.351,426.53567999999996,https://doi.org/10.6028/NBS.TN.653
130.0,32.502,426.24696,https://doi.org/10.6028/NBS.TN.653
132.0,35.1423,426.00636,https://doi.org/10.6028/NBS.TN.653
102.0,0.8474,436.80127999999996,https://doi.org/10.6028/NBS.TN.653
104.0,3.6489,436.15968,https://doi.org/10.6028/NBS.TN.653
106.0,6.3034,435.64639999999997,https://doi.org/10.6028/NBS.TN.653
108.0,8.9515,435.11707999999993,https://doi.org/10.6028/NBS.TN.653
110.0,11.6218,434.5717199999999,https://doi.org/10.6028/NBS.TN.653
112.0,14.2937,434.04239999999993,https://doi.org/10.6028/NBS.TN.653
114.0,16.9612,433.54516,https://doi.org/10.6028/NBS.TN.653
116.0,19.648,433.09603999999996,https://doi.org/10.6028/NBS.TN.653
116.0,19.6471,433.09603999999996,https://doi.org/10.6028/NBS.TN.653
118.0,22.3568,432.69503999999995,https://doi.org/10.6028/NBS.TN.653
120.0,25.0862,432.31007999999997,https://doi.org/10.6028/NBS.TN.653
122.0,27.6278,431.97324,https://doi.org/10.6028/NBS.TN.653
124.0,33.5898,431.66848,https://doi.org/10.6028/NBS.TN.653
126.0,33.3424,431.39579999999995,https://doi.org/10.6028/NBS.TN.653
98.0,1.2457,442.47943999999995,https://doi.org/10.6028/NBS.TN.653
100.0,4.1407,438.66191999999995,https://doi.org/10.6028/NBS.TN.653
102.0,6.8696,441.3566399999999,https://doi.org/10.6028/NBS.TN.653
104.0,9.627,440.79524,https://doi.org/10.6028/NBS.TN.653
106.0,12.4002,440.2498799999999,https://doi.org/10.6028/NBS.TN.653
108.0,15.1756,439.70452,https://doi.org/10.6028/NBS.TN.653
110.0,17.9649,439.20727999999997,https://doi.org/10.6028/NBS.TN.653
112.0,20.7794,438.74212,https://doi.org/10.6028/NBS.TN.653
114.0,23.6148,438.34112,https://doi.org/10.6028/NBS.TN.653
116.0,26.4752,437.9722,https://doi.org/10.6028/NBS.TN.653
116.0,26.4894,437.9722,https://doi.org/10.6028/NBS.TN.653
118.0,29.3612,437.65139999999997,https://doi.org/10.6028/NBS.TN.653
120.0,32.2446,437.34664,https://doi.org/10.6028/NBS.TN.653
94.0,0.7513,447.5159999999999,https://doi.org/10.6028/NBS.TN.653
96.0,3.7517,438.82232,https://doi.org/10.6028/NBS.TN.653
98.0,6.5617,443.10499999999996,https://doi.org/10.6028/NBS.TN.653
100.0,9.4061,445.73555999999996,https://doi.org/10.6028/NBS.TN.653
102.0,12.2725,445.15812,https://doi.org/10.6028/NBS.TN.653
104.0,15.1363,444.61276,https://doi.org/10.6028/NBS.TN.653
106.0,13.0222,444.08343999999994,https://doi.org/10.6028/NBS.TN.653
108.0,20.9351,443.61827999999997,https://doi.org/10.6028/NBS.TN.653
110.0,23.3728,443.18519999999995,https://doi.org/10.6028/NBS.TN.653
112.0,26.8394,442.81627999999995,https://doi.org/10.6028/NBS.TN.653
114.0,29.8261,442.47943999999995,https://doi.org/10.6028/NBS.TN.653
116.0,32.6347,442.17467999999997,https://doi.org/10.6028/NBS.TN.653
92.0,4.4123,452.47236,https://doi.org/10.6028/NBS.TN.653
94.0,7.2852,419.847,https://doi.org/10.6028/NBS.TN.653
96.0,10.2543,451.31748,https://doi.org/10.6028/NBS.TN.653
98.0,13.2363,418.66004,https://doi.org/10.6028/NBS.TN.653
100.0,16.218,450.17864,https://doi.org/10.6028/NBS.TN.653
100.0,16.219,450.17864,https://doi.org/10.6028/NBS.TN.653
102.0,19.2243,449.66535999999996,https://doi.org/10.6028/NBS.TN.653
104.0,22.2687,449.18416,https://doi.org/10.6028/NBS.TN.653
106.0,26.3551,448.73503999999997,https://doi.org/10.6028/NBS.TN.653
106.0,28.4641,448.3981999999999,https://doi.org/10.6028/NBS.TN.653
110.0,31.5018,448.07739999999995,https://doi.org/10.6028/NBS.TN.653
112.0,34.7627,447.77263999999997,https://doi.org/10.6028/NBS.TN.653
94.0,12.8133,455.39163999999994,https://doi.org/10.6028/NBS.TN.653
96.0,15.8893,454.79815999999994,https://doi.org/10.6028/NBS.TN.653
96.0,18.9886,422.18884,https://doi.org/10.6028/NBS.TN.653
100.0,22.1338,453.7715999999999,https://doi.org/10.6028/NBS.TN.653
102.0,25.3222,421.27455999999995,https://doi.org/10.6028/NBS.TN.653
104.0,28.544,452.9695999999999,https://doi.org/10.6028/NBS.TN.653
106.0,31.8049,452.63275999999996,https://doi.org/10.6028/NBS.TN.653
108.0,35.0306,420.24799999999993,https://doi.org/10.6028/NBS.TN.653
95.5,22.4938,457.97407999999996,https://doi.org/10.6028/NBS.TN.653
37.0,23.3128,425.7818,https://doi.org/10.6028/NBS.TN.653
98.0,24.9643,457.63723999999996,https://doi.org/10.6028/NBS.TN.653
100.0,28.2843,457.25228,https://doi.org/10.6028/NBS.TN.653
100.0,28.2935,457.25228,https://doi.org/10.6028/NBS.TN.653
104.0,35.0093,456.59463999999997,https://doi.org/10.6028/NBS.TN.653
