Temperature (K),Pressure (MPa),Viscosity (uPa*s),DOI
292.96,0.34,10.926,https://doi.org/10.1021/je200371n
297.08,0.34,11.062,https://doi.org/10.1021/je200371n
323.86,0.34,11.914,https://doi.org/10.1021/je200371n
350.55,0.34,12.735,https://doi.org/10.1021/je200371n
378.15,0.34,13.562,https://doi.org/10.1021/je200371n
405.88,0.34,14.365,https://doi.org/10.1021/je200371n
433.83,0.34,15.149,https://doi.org/10.1021/je200371n
461.85,0.34,15.912,https://doi.org/10.1021/je200371n
490.13,0.34,16.663,https://doi.org/10.1021/je200371n
518.83,0.34,17.398,https://doi.org/10.1021/je200371n
542.6,0.34,17.996,https://doi.org/10.1021/je200371n
565.38,0.34,18.564,https://doi.org/10.1021/je200371n
594.08,0.34,19.261,https://doi.org/10.1021/je200371n
623.33,0.34,19.953,https://doi.org/10.1021/je200371n
652.41,0.34,20.626,https://doi.org/10.1021/je200371n
682.14,0.34,21.31,https://doi.org/10.1021/je200371n
291.93,0.34,10.891,https://doi.org/10.1021/je200371n
296.43,0.34,11.029,https://doi.org/10.1021/je200371n
289.05,0.34,10.813,https://doi.org/10.1021/je200371n
296.57,0.34,11.048,https://doi.org/10.1021/je200371n
323.43,0.34,11.886,https://doi.org/10.1021/je200371n
350.64,0.34,12.725,https://doi.org/10.1021/je200371n
378.25,0.34,13.552,https://doi.org/10.1021/je200371n
406.03,0.34,14.36,https://doi.org/10.1021/je200371n
434.02,0.34,15.141,https://doi.org/10.1021/je200371n
461.75,0.34,15.901,https://doi.org/10.1021/je200371n
490.15,0.34,16.649,https://doi.org/10.1021/je200371n
518.8,0.34,17.403,https://doi.org/10.1021/je200371n
542.36,0.34,17.981,https://doi.org/10.1021/je200371n
565.1,0.34,18.544,https://doi.org/10.1021/je200371n
593.84,0.34,19.239,https://doi.org/10.1021/je200371n
623.05,0.34,19.934,https://doi.org/10.1021/je200371n
652.07,0.34,20.605,https://doi.org/10.1021/je200371n
681.93,0.34,21.273,https://doi.org/10.1021/je200371n
290.41,0.34,10.833,https://doi.org/10.1021/je200371n
210.76,0.0,8.08,https://doi.org/10.1007/s10765-007-0198-7
225.81,0.0,8.622,https://doi.org/10.1007/s10765-007-0198-7
248.25,0.0,9.408,https://doi.org/10.1007/s10765-007-0198-7
273.16,0.0,10.254,https://doi.org/10.1007/s10765-007-0198-7
298.14,0.0,11.075,https://doi.org/10.1007/s10765-007-0198-7
298.15,0.0,11.073,https://doi.org/10.1007/s10765-007-0198-7
298.15,0.0,11.075,https://doi.org/10.1007/s10765-007-0198-7
313.22,0.0,11.557,https://doi.org/10.1007/s10765-007-0198-7
331.55,0.0,12.132,https://doi.org/10.1007/s10765-007-0198-7
352.57,0.0,12.775,https://doi.org/10.1007/s10765-007-0198-7
371.19,0.0,13.329,https://doi.org/10.1007/s10765-007-0198-7
391.54,0.0,13.923,https://doi.org/10.1007/s10765-007-0198-7
391.55,0.0,13.923,https://doi.org/10.1007/s10765-007-0198-7
210.76,0.1,8.067,https://doi.org/10.1007/s10765-007-0198-7
225.81,0.1,8.609,https://doi.org/10.1007/s10765-007-0198-7
248.25,0.1,9.395,https://doi.org/10.1007/s10765-007-0198-7
273.16,0.1,10.242,https://doi.org/10.1007/s10765-007-0198-7
298.14,0.1,11.064,https://doi.org/10.1007/s10765-007-0198-7
298.15,0.1,11.061,https://doi.org/10.1007/s10765-007-0198-7
298.15,0.1,11.064,https://doi.org/10.1007/s10765-007-0198-7
313.22,0.1,11.546,https://doi.org/10.1007/s10765-007-0198-7
331.55,0.1,12.121,https://doi.org/10.1007/s10765-007-0198-7
352.57,0.1,12.764,https://doi.org/10.1007/s10765-007-0198-7
371.19,0.1,13.319,https://doi.org/10.1007/s10765-007-0198-7
391.54,0.1,13.914,https://doi.org/10.1007/s10765-007-0198-7
391.55,0.1,13.914,https://doi.org/10.1007/s10765-007-0198-7
260.0,0.1,9.815,https://doi.org/10.1007/s10765-004-7726-5
260.0,0.2,9.836,https://doi.org/10.1007/s10765-004-7726-5
260.0,0.3,9.851,https://doi.org/10.1007/s10765-004-7726-5
260.0,0.4,9.865,https://doi.org/10.1007/s10765-004-7726-5
260.0,0.5,9.879,https://doi.org/10.1007/s10765-004-7726-5
260.0,0.6,9.896,https://doi.org/10.1007/s10765-004-7726-5
260.0,0.7,9.906,https://doi.org/10.1007/s10765-004-7726-5
260.0,0.8,9.924,https://doi.org/10.1007/s10765-004-7726-5
260.0,0.9,9.939,https://doi.org/10.1007/s10765-004-7726-5
260.0,1.0,9.954,https://doi.org/10.1007/s10765-004-7726-5
260.0,1.25,10.0,https://doi.org/10.1007/s10765-004-7726-5
260.0,1.5,10.042,https://doi.org/10.1007/s10765-004-7726-5
260.0,1.75,10.088,https://doi.org/10.1007/s10765-004-7726-5
260.0,2.0,10.135,https://doi.org/10.1007/s10765-004-7726-5
260.0,2.26,10.196,https://doi.org/10.1007/s10765-004-7726-5
260.0,2.5,10.249,https://doi.org/10.1007/s10765-004-7726-5
260.0,2.73,10.302,https://doi.org/10.1007/s10765-004-7726-5
260.0,2.99,10.362,https://doi.org/10.1007/s10765-004-7726-5
260.0,3.25,10.429,https://doi.org/10.1007/s10765-004-7726-5
260.0,3.48,10.499,https://doi.org/10.1007/s10765-004-7726-5
260.0,3.74,10.568,https://doi.org/10.1007/s10765-004-7726-5
260.0,3.99,10.642,https://doi.org/10.1007/s10765-004-7726-5
260.0,4.26,10.733,https://doi.org/10.1007/s10765-004-7726-5
260.0,4.48,10.807,https://doi.org/10.1007/s10765-004-7726-5
260.0,4.75,10.896,https://doi.org/10.1007/s10765-004-7726-5
260.0,5.0,10.988,https://doi.org/10.1007/s10765-004-7726-5
260.0,5.5,11.182,https://doi.org/10.1007/s10765-004-7726-5
260.0,6.0,11.394,https://doi.org/10.1007/s10765-004-7726-5
260.0,6.5,11.623,https://doi.org/10.1007/s10765-004-7726-5
260.0,7.0,11.871,https://doi.org/10.1007/s10765-004-7726-5
260.0,7.5,12.141,https://doi.org/10.1007/s10765-004-7726-5
260.0,7.99,12.428,https://doi.org/10.1007/s10765-004-7726-5
260.0,8.48,12.726,https://doi.org/10.1007/s10765-004-7726-5
260.0,9.01,13.072,https://doi.org/10.1007/s10765-004-7726-5
260.0,9.46,13.389,https://doi.org/10.1007/s10765-004-7726-5
260.0,9.99,13.791,https://doi.org/10.1007/s10765-004-7726-5
260.0,10.5,14.185,https://doi.org/10.1007/s10765-004-7726-5
260.0,11.01,14.597,https://doi.org/10.1007/s10765-004-7726-5
260.0,11.48,15.004,https://doi.org/10.1007/s10765-004-7726-5
260.0,12.01,15.482,https://doi.org/10.1007/s10765-004-7726-5
260.0,12.48,15.903,https://doi.org/10.1007/s10765-004-7726-5
260.0,13.02,16.396,https://doi.org/10.1007/s10765-004-7726-5
260.0,13.5,16.846,https://doi.org/10.1007/s10765-004-7726-5
260.0,13.99,17.326,https://doi.org/10.1007/s10765-004-7726-5
260.0,14.5,17.8,https://doi.org/10.1007/s10765-004-7726-5
260.0,15.01,18.292,https://doi.org/10.1007/s10765-004-7726-5
260.0,15.53,18.786,https://doi.org/10.1007/s10765-004-7726-5
260.0,16.01,19.24,https://doi.org/10.1007/s10765-004-7726-5
260.0,16.54,19.735,https://doi.org/10.1007/s10765-004-7726-5
260.0,17.02,20.192,https://doi.org/10.1007/s10765-004-7726-5
260.0,17.39,20.532,https://doi.org/10.1007/s10765-004-7726-5
260.0,17.99,21.062,https://doi.org/10.1007/s10765-004-7726-5
260.0,18.47,21.496,https://doi.org/10.1007/s10765-004-7726-5
260.0,18.99,21.943,https://doi.org/10.1007/s10765-004-7726-5
260.0,19.47,22.359,https://doi.org/10.1007/s10765-004-7726-5
260.0,19.82,22.652,https://doi.org/10.1007/s10765-004-7726-5
280.0,0.1,10.484,https://doi.org/10.1007/s10765-004-7726-5
280.0,0.2,10.504,https://doi.org/10.1007/s10765-004-7726-5
280.0,0.3,10.519,https://doi.org/10.1007/s10765-004-7726-5
280.0,0.4,10.536,https://doi.org/10.1007/s10765-004-7726-5
280.0,0.5,10.547,https://doi.org/10.1007/s10765-004-7726-5
280.0,0.6,10.564,https://doi.org/10.1007/s10765-004-7726-5
280.0,0.7,10.574,https://doi.org/10.1007/s10765-004-7726-5
280.0,0.8,10.589,https://doi.org/10.1007/s10765-004-7726-5
280.0,0.9,10.604,https://doi.org/10.1007/s10765-004-7726-5
280.0,1.0,10.619,https://doi.org/10.1007/s10765-004-7726-5
280.0,1.24,10.656,https://doi.org/10.1007/s10765-004-7726-5
280.0,1.5,10.699,https://doi.org/10.1007/s10765-004-7726-5
280.0,1.75,10.742,https://doi.org/10.1007/s10765-004-7726-5
280.0,1.99,10.789,https://doi.org/10.1007/s10765-004-7726-5
280.0,2.23,10.832,https://doi.org/10.1007/s10765-004-7726-5
280.0,2.5,10.887,https://doi.org/10.1007/s10765-004-7726-5
280.0,2.74,10.939,https://doi.org/10.1007/s10765-004-7726-5
280.0,3.0,10.99,https://doi.org/10.1007/s10765-004-7726-5
280.0,3.25,11.048,https://doi.org/10.1007/s10765-004-7726-5
280.0,10.48,11.107,https://doi.org/10.1007/s10765-004-7726-5
280.0,10.5,11.162,https://doi.org/10.1007/s10765-004-7726-5
280.0,10.52,11.235,https://doi.org/10.1007/s10765-004-7726-5
280.0,10.54,11.295,https://doi.org/10.1007/s10765-004-7726-5
280.0,10.55,11.368,https://doi.org/10.1007/s10765-004-7726-5
280.0,10.56,11.44,https://doi.org/10.1007/s10765-004-7726-5
280.0,10.57,11.514,https://doi.org/10.1007/s10765-004-7726-5
280.0,10.59,11.676,https://doi.org/10.1007/s10765-004-7726-5
280.0,10.6,11.845,https://doi.org/10.1007/s10765-004-7726-5
280.0,10.62,12.027,https://doi.org/10.1007/s10765-004-7726-5
280.0,10.66,12.218,https://doi.org/10.1007/s10765-004-7726-5
280.0,10.7,12.421,https://doi.org/10.1007/s10765-004-7726-5
280.0,10.74,12.627,https://doi.org/10.1007/s10765-004-7726-5
280.0,10.79,12.875,https://doi.org/10.1007/s10765-004-7726-5
280.0,10.83,13.105,https://doi.org/10.1007/s10765-004-7726-5
280.0,10.89,13.361,https://doi.org/10.1007/s10765-004-7726-5
280.0,10.94,13.625,https://doi.org/10.1007/s10765-004-7726-5
280.0,10.99,13.902,https://doi.org/10.1007/s10765-004-7726-5
280.0,11.05,14.19,https://doi.org/10.1007/s10765-004-7726-5
280.0,11.5,14.482,https://doi.org/10.1007/s10765-004-7726-5
280.0,12.0,14.795,https://doi.org/10.1007/s10765-004-7726-5
280.0,12.48,15.098,https://doi.org/10.1007/s10765-004-7726-5
280.0,13.0,15.44,https://doi.org/10.1007/s10765-004-7726-5
280.0,13.5,15.766,https://doi.org/10.1007/s10765-004-7726-5
280.0,13.93,16.059,https://doi.org/10.1007/s10765-004-7726-5
280.0,14.47,16.431,https://doi.org/10.1007/s10765-004-7726-5
280.0,15.0,16.807,https://doi.org/10.1007/s10765-004-7726-5
280.0,15.5,17.167,https://doi.org/10.1007/s10765-004-7726-5
280.0,16.0,17.523,https://doi.org/10.1007/s10765-004-7726-5
280.0,16.51,17.877,https://doi.org/10.1007/s10765-004-7726-5
280.0,17.0,18.247,https://doi.org/10.1007/s10765-004-7726-5
280.0,17.5,18.596,https://doi.org/10.1007/s10765-004-7726-5
280.0,17.99,18.961,https://doi.org/10.1007/s10765-004-7726-5
280.0,18.51,19.331,https://doi.org/10.1007/s10765-004-7726-5
280.0,19.01,19.686,https://doi.org/10.1007/s10765-004-7726-5
280.0,19.47,20.006,https://doi.org/10.1007/s10765-004-7726-5
280.0,19.84,20.268,https://doi.org/10.1007/s10765-004-7726-5
300.0,0.1,11.142,https://doi.org/10.1007/s10765-004-7726-5
300.0,0.2,11.161,https://doi.org/10.1007/s10765-004-7726-5
300.0,0.3,11.173,https://doi.org/10.1007/s10765-004-7726-5
300.0,0.4,11.19,https://doi.org/10.1007/s10765-004-7726-5
300.0,0.5,11.204,https://doi.org/10.1007/s10765-004-7726-5
300.0,0.6,11.216,https://doi.org/10.1007/s10765-004-7726-5
300.0,0.7,11.228,https://doi.org/10.1007/s10765-004-7726-5
300.0,0.8,11.238,https://doi.org/10.1007/s10765-004-7726-5
300.0,0.9,11.253,https://doi.org/10.1007/s10765-004-7726-5
300.0,1.0,11.268,https://doi.org/10.1007/s10765-004-7726-5
300.0,1.25,11.306,https://doi.org/10.1007/s10765-004-7726-5
300.0,1.49,11.342,https://doi.org/10.1007/s10765-004-7726-5
300.0,1.75,11.383,https://doi.org/10.1007/s10765-004-7726-5
300.0,2.0,11.424,https://doi.org/10.1007/s10765-004-7726-5
300.0,2.25,11.468,https://doi.org/10.1007/s10765-004-7726-5
300.0,2.49,11.511,https://doi.org/10.1007/s10765-004-7726-5
300.0,2.74,11.558,https://doi.org/10.1007/s10765-004-7726-5
300.0,2.99,11.605,https://doi.org/10.1007/s10765-004-7726-5
300.0,3.25,11.657,https://doi.org/10.1007/s10765-004-7726-5
300.0,3.5,11.711,https://doi.org/10.1007/s10765-004-7726-5
300.0,3.75,11.767,https://doi.org/10.1007/s10765-004-7726-5
300.0,3.99,11.82,https://doi.org/10.1007/s10765-004-7726-5
300.0,4.25,11.879,https://doi.org/10.1007/s10765-004-7726-5
300.0,4.5,11.939,https://doi.org/10.1007/s10765-004-7726-5
300.0,4.75,12.001,https://doi.org/10.1007/s10765-004-7726-5
300.0,4.99,12.064,https://doi.org/10.1007/s10765-004-7726-5
300.0,5.49,12.197,https://doi.org/10.1007/s10765-004-7726-5
300.0,5.97,12.332,https://doi.org/10.1007/s10765-004-7726-5
300.0,6.47,12.482,https://doi.org/10.1007/s10765-004-7726-5
300.0,7.0,12.648,https://doi.org/10.1007/s10765-004-7726-5
300.0,7.5,12.813,https://doi.org/10.1007/s10765-004-7726-5
300.0,7.98,12.979,https://doi.org/10.1007/s10765-004-7726-5
300.0,8.46,13.155,https://doi.org/10.1007/s10765-004-7726-5
300.0,9.0,13.357,https://doi.org/10.1007/s10765-004-7726-5
300.0,9.5,13.554,https://doi.org/10.1007/s10765-004-7726-5
300.0,9.99,13.755,https://doi.org/10.1007/s10765-004-7726-5
300.0,10.49,13.968,https://doi.org/10.1007/s10765-004-7726-5
300.0,10.95,14.172,https://doi.org/10.1007/s10765-004-7726-5
300.0,11.51,14.426,https://doi.org/10.1007/s10765-004-7726-5
300.0,12.0,14.658,https://doi.org/10.1007/s10765-004-7726-5
300.0,12.5,14.898,https://doi.org/10.1007/s10765-004-7726-5
300.0,12.98,15.135,https://doi.org/10.1007/s10765-004-7726-5
300.0,13.46,15.38,https://doi.org/10.1007/s10765-004-7726-5
300.0,14.02,15.672,https://doi.org/10.1007/s10765-004-7726-5
300.0,14.52,15.939,https://doi.org/10.1007/s10765-004-7726-5
300.0,14.97,16.178,https://doi.org/10.1007/s10765-004-7726-5
300.0,15.48,16.457,https://doi.org/10.1007/s10765-004-7726-5
300.0,15.96,16.718,https://doi.org/10.1007/s10765-004-7726-5
300.0,16.47,17.003,https://doi.org/10.1007/s10765-004-7726-5
300.0,16.98,17.296,https://doi.org/10.1007/s10765-004-7726-5
300.0,17.48,17.58,https://doi.org/10.1007/s10765-004-7726-5
300.0,17.96,17.86,https://doi.org/10.1007/s10765-004-7726-5
300.0,18.47,18.151,https://doi.org/10.1007/s10765-004-7726-5
300.0,18.94,18.42,https://doi.org/10.1007/s10765-004-7726-5
300.0,19.52,18.755,https://doi.org/10.1007/s10765-004-7726-5
300.0,20.03,19.048,https://doi.org/10.1007/s10765-004-7726-5
320.0,0.1,11.773,https://doi.org/10.1007/s10765-004-7726-5
320.0,0.2,11.795,https://doi.org/10.1007/s10765-004-7726-5
320.0,0.3,11.809,https://doi.org/10.1007/s10765-004-7726-5
320.0,0.4,11.821,https://doi.org/10.1007/s10765-004-7726-5
320.0,0.5,11.835,https://doi.org/10.1007/s10765-004-7726-5
320.0,0.6,11.846,https://doi.org/10.1007/s10765-004-7726-5
320.0,0.7,11.859,https://doi.org/10.1007/s10765-004-7726-5
320.0,0.8,11.871,https://doi.org/10.1007/s10765-004-7726-5
320.0,0.9,11.882,https://doi.org/10.1007/s10765-004-7726-5
320.0,1.0,11.898,https://doi.org/10.1007/s10765-004-7726-5
320.0,1.25,11.932,https://doi.org/10.1007/s10765-004-7726-5
320.0,1.5,11.967,https://doi.org/10.1007/s10765-004-7726-5
320.0,1.75,12.003,https://doi.org/10.1007/s10765-004-7726-5
320.0,2.0,12.044,https://doi.org/10.1007/s10765-004-7726-5
320.0,2.25,12.084,https://doi.org/10.1007/s10765-004-7726-5
320.0,2.49,12.123,https://doi.org/10.1007/s10765-004-7726-5
320.0,2.74,12.167,https://doi.org/10.1007/s10765-004-7726-5
320.0,3.0,12.21,https://doi.org/10.1007/s10765-004-7726-5
320.0,3.26,12.26,https://doi.org/10.1007/s10765-004-7726-5
320.0,3.49,12.303,https://doi.org/10.1007/s10765-004-7726-5
320.0,3.76,12.353,https://doi.org/10.1007/s10765-004-7726-5
320.0,4.01,12.406,https://doi.org/10.1007/s10765-004-7726-5
320.0,4.25,12.455,https://doi.org/10.1007/s10765-004-7726-5
320.0,4.51,12.513,https://doi.org/10.1007/s10765-004-7726-5
320.0,4.75,12.564,https://doi.org/10.1007/s10765-004-7726-5
320.0,5.0,12.62,https://doi.org/10.1007/s10765-004-7726-5
320.0,5.49,12.734,https://doi.org/10.1007/s10765-004-7726-5
320.0,6.0,12.859,https://doi.org/10.1007/s10765-004-7726-5
320.0,6.49,12.987,https://doi.org/10.1007/s10765-004-7726-5
320.0,7.0,13.125,https://doi.org/10.1007/s10765-004-7726-5
320.0,7.48,13.257,https://doi.org/10.1007/s10765-004-7726-5
320.0,8.01,13.41,https://doi.org/10.1007/s10765-004-7726-5
320.0,8.49,13.56,https://doi.org/10.1007/s10765-004-7726-5
320.0,8.99,13.715,https://doi.org/10.1007/s10765-004-7726-5
320.0,9.5,13.88,https://doi.org/10.1007/s10765-004-7726-5
320.0,10.0,14.051,https://doi.org/10.1007/s10765-004-7726-5
320.0,10.49,14.221,https://doi.org/10.1007/s10765-004-7726-5
320.0,11.0,14.401,https://doi.org/10.1007/s10765-004-7726-5
320.0,11.5,14.586,https://doi.org/10.1007/s10765-004-7726-5
320.0,11.87,14.733,https://doi.org/10.1007/s10765-004-7726-5
320.0,12.48,14.966,https://doi.org/10.1007/s10765-004-7726-5
320.0,12.98,15.168,https://doi.org/10.1007/s10765-004-7726-5
320.0,13.5,15.379,https://doi.org/10.1007/s10765-004-7726-5
320.0,14.0,15.589,https://doi.org/10.1007/s10765-004-7726-5
320.0,14.5,15.802,https://doi.org/10.1007/s10765-004-7726-5
320.0,15.0,16.01,https://doi.org/10.1007/s10765-004-7726-5
320.0,15.5,16.232,https://doi.org/10.1007/s10765-004-7726-5
320.0,16.02,16.464,https://doi.org/10.1007/s10765-004-7726-5
320.0,16.53,16.704,https://doi.org/10.1007/s10765-004-7726-5
320.0,17.04,16.928,https://doi.org/10.1007/s10765-004-7726-5
320.0,17.54,17.159,https://doi.org/10.1007/s10765-004-7726-5
320.0,18.01,17.384,https://doi.org/10.1007/s10765-004-7726-5
320.0,18.52,17.622,https://doi.org/10.1007/s10765-004-7726-5
320.0,19.02,17.86,https://doi.org/10.1007/s10765-004-7726-5
320.0,19.5,18.092,https://doi.org/10.1007/s10765-004-7726-5
320.0,19.93,18.293,https://doi.org/10.1007/s10765-004-7726-5
340.0,0.1,12.402,https://doi.org/10.1007/s10765-004-7726-5
340.0,0.2,12.421,https://doi.org/10.1007/s10765-004-7726-5
340.0,0.3,12.439,https://doi.org/10.1007/s10765-004-7726-5
340.0,0.4,12.452,https://doi.org/10.1007/s10765-004-7726-5
340.0,0.5,12.461,https://doi.org/10.1007/s10765-004-7726-5
340.0,0.6,12.472,https://doi.org/10.1007/s10765-004-7726-5
340.0,0.7,12.484,https://doi.org/10.1007/s10765-004-7726-5
340.0,0.8,12.496,https://doi.org/10.1007/s10765-004-7726-5
340.0,0.91,12.509,https://doi.org/10.1007/s10765-004-7726-5
340.0,1.0,12.521,https://doi.org/10.1007/s10765-004-7726-5
340.0,1.26,12.558,https://doi.org/10.1007/s10765-004-7726-5
340.0,1.49,12.584,https://doi.org/10.1007/s10765-004-7726-5
340.0,1.75,12.616,https://doi.org/10.1007/s10765-004-7726-5
340.0,1.99,12.654,https://doi.org/10.1007/s10765-004-7726-5
340.0,2.25,12.69,https://doi.org/10.1007/s10765-004-7726-5
340.0,2.5,12.728,https://doi.org/10.1007/s10765-004-7726-5
340.0,2.75,12.763,https://doi.org/10.1007/s10765-004-7726-5
340.0,3.0,12.804,https://doi.org/10.1007/s10765-004-7726-5
340.0,3.24,12.844,https://doi.org/10.1007/s10765-004-7726-5
340.0,3.51,12.89,https://doi.org/10.1007/s10765-004-7726-5
340.0,3.75,12.932,https://doi.org/10.1007/s10765-004-7726-5
340.0,4.0,12.978,https://doi.org/10.1007/s10765-004-7726-5
340.0,4.25,13.026,https://doi.org/10.1007/s10765-004-7726-5
340.0,4.49,13.069,https://doi.org/10.1007/s10765-004-7726-5
340.0,4.74,13.121,https://doi.org/10.1007/s10765-004-7726-5
340.0,4.92,13.157,https://doi.org/10.1007/s10765-004-7726-5
340.0,5.5,13.275,https://doi.org/10.1007/s10765-004-7726-5
340.0,5.99,13.38,https://doi.org/10.1007/s10765-004-7726-5
340.0,6.47,13.492,https://doi.org/10.1007/s10765-004-7726-5
340.0,7.01,13.618,https://doi.org/10.1007/s10765-004-7726-5
340.0,7.48,13.737,https://doi.org/10.1007/s10765-004-7726-5
340.0,7.94,13.85,https://doi.org/10.1007/s10765-004-7726-5
340.0,8.01,13.869,https://doi.org/10.1007/s10765-004-7726-5
340.0,8.49,13.996,https://doi.org/10.1007/s10765-004-7726-5
340.0,9.0,14.132,https://doi.org/10.1007/s10765-004-7726-5
340.0,9.5,14.272,https://doi.org/10.1007/s10765-004-7726-5
340.0,9.99,14.414,https://doi.org/10.1007/s10765-004-7726-5
340.0,10.47,14.557,https://doi.org/10.1007/s10765-004-7726-5
340.0,10.99,14.715,https://doi.org/10.1007/s10765-004-7726-5
340.0,11.49,14.873,https://doi.org/10.1007/s10765-004-7726-5
340.0,11.88,14.994,https://doi.org/10.1007/s10765-004-7726-5
340.0,12.5,15.197,https://doi.org/10.1007/s10765-004-7726-5
340.0,12.97,15.356,https://doi.org/10.1007/s10765-004-7726-5
340.0,13.5,15.537,https://doi.org/10.1007/s10765-004-7726-5
340.0,14.01,15.722,https://doi.org/10.1007/s10765-004-7726-5
340.0,14.5,15.895,https://doi.org/10.1007/s10765-004-7726-5
340.0,15.01,16.076,https://doi.org/10.1007/s10765-004-7726-5
340.0,16.0,16.44,https://doi.org/10.1007/s10765-004-7726-5
340.0,17.02,16.826,https://doi.org/10.1007/s10765-004-7726-5
340.0,17.99,17.202,https://doi.org/10.1007/s10765-004-7726-5
340.0,19.02,17.611,https://doi.org/10.1007/s10765-004-7726-5
340.0,20.09,18.039,https://doi.org/10.1007/s10765-004-7726-5
340.0,20.99,18.409,https://doi.org/10.1007/s10765-004-7726-5
340.0,21.99,18.82,https://doi.org/10.1007/s10765-004-7726-5
340.0,22.95,19.219,https://doi.org/10.1007/s10765-004-7726-5
340.0,23.88,19.603,https://doi.org/10.1007/s10765-004-7726-5
340.0,24.96,20.054,https://doi.org/10.1007/s10765-004-7726-5
340.0,25.96,20.479,https://doi.org/10.1007/s10765-004-7726-5
340.0,26.95,20.888,https://doi.org/10.1007/s10765-004-7726-5
340.0,27.8,21.244,https://doi.org/10.1007/s10765-004-7726-5
340.0,28.77,21.647,https://doi.org/10.1007/s10765-004-7726-5
360.0,0.1,12.995,https://doi.org/10.1007/s10765-004-7726-5
360.0,0.2,13.018,https://doi.org/10.1007/s10765-004-7726-5
360.0,0.3,13.032,https://doi.org/10.1007/s10765-004-7726-5
360.0,0.4,13.044,https://doi.org/10.1007/s10765-004-7726-5
360.0,0.5,13.058,https://doi.org/10.1007/s10765-004-7726-5
360.0,0.6,13.067,https://doi.org/10.1007/s10765-004-7726-5
360.0,0.7,13.079,https://doi.org/10.1007/s10765-004-7726-5
360.0,0.8,13.092,https://doi.org/10.1007/s10765-004-7726-5
360.0,0.9,13.1,https://doi.org/10.1007/s10765-004-7726-5
360.0,1.0,13.114,https://doi.org/10.1007/s10765-004-7726-5
360.0,1.25,13.145,https://doi.org/10.1007/s10765-004-7726-5
360.0,1.5,13.176,https://doi.org/10.1007/s10765-004-7726-5
360.0,1.75,13.207,https://doi.org/10.1007/s10765-004-7726-5
360.0,2.0,13.238,https://doi.org/10.1007/s10765-004-7726-5
360.0,2.25,13.275,https://doi.org/10.1007/s10765-004-7726-5
360.0,2.5,13.31,https://doi.org/10.1007/s10765-004-7726-5
360.0,2.74,13.34,https://doi.org/10.1007/s10765-004-7726-5
360.0,3.0,13.377,https://doi.org/10.1007/s10765-004-7726-5
360.0,3.25,13.416,https://doi.org/10.1007/s10765-004-7726-5
360.0,3.5,13.454,https://doi.org/10.1007/s10765-004-7726-5
360.0,3.75,13.496,https://doi.org/10.1007/s10765-004-7726-5
360.0,4.0,13.539,https://doi.org/10.1007/s10765-004-7726-5
360.0,4.25,13.58,https://doi.org/10.1007/s10765-004-7726-5
360.0,4.5,13.624,https://doi.org/10.1007/s10765-004-7726-5
360.0,4.75,13.672,https://doi.org/10.1007/s10765-004-7726-5
360.0,5.0,13.715,https://doi.org/10.1007/s10765-004-7726-5
360.0,5.5,13.806,https://doi.org/10.1007/s10765-004-7726-5
360.0,6.01,13.906,https://doi.org/10.1007/s10765-004-7726-5
360.0,6.5,14.004,https://doi.org/10.1007/s10765-004-7726-5
360.0,7.0,14.113,https://doi.org/10.1007/s10765-004-7726-5
360.0,7.5,14.217,https://doi.org/10.1007/s10765-004-7726-5
360.0,8.02,14.333,https://doi.org/10.1007/s10765-004-7726-5
360.0,8.51,14.45,https://doi.org/10.1007/s10765-004-7726-5
360.0,8.98,14.561,https://doi.org/10.1007/s10765-004-7726-5
360.0,9.48,14.684,https://doi.org/10.1007/s10765-004-7726-5
360.0,10.0,14.814,https://doi.org/10.1007/s10765-004-7726-5
360.0,10.48,14.941,https://doi.org/10.1007/s10765-004-7726-5
360.0,10.99,15.076,https://doi.org/10.1007/s10765-004-7726-5
360.0,11.5,15.213,https://doi.org/10.1007/s10765-004-7726-5
360.0,11.98,15.346,https://doi.org/10.1007/s10765-004-7726-5
360.0,12.49,15.487,https://doi.org/10.1007/s10765-004-7726-5
360.0,12.99,15.632,https://doi.org/10.1007/s10765-004-7726-5
360.0,13.48,15.778,https://doi.org/10.1007/s10765-004-7726-5
360.0,13.98,15.927,https://doi.org/10.1007/s10765-004-7726-5
360.0,14.49,16.082,https://doi.org/10.1007/s10765-004-7726-5
360.0,14.99,16.241,https://doi.org/10.1007/s10765-004-7726-5
360.0,16.0,16.562,https://doi.org/10.1007/s10765-004-7726-5
360.0,17.04,16.897,https://doi.org/10.1007/s10765-004-7726-5
360.0,18.02,17.222,https://doi.org/10.1007/s10765-004-7726-5
360.0,18.99,17.55,https://doi.org/10.1007/s10765-004-7726-5
360.0,19.94,17.882,https://doi.org/10.1007/s10765-004-7726-5
360.0,20.98,18.248,https://doi.org/10.1007/s10765-004-7726-5
360.0,21.98,18.605,https://doi.org/10.1007/s10765-004-7726-5
360.0,22.88,18.93,https://doi.org/10.1007/s10765-004-7726-5
360.0,24.02,19.328,https://doi.org/10.1007/s10765-004-7726-5
360.0,24.99,19.689,https://doi.org/10.1007/s10765-004-7726-5
360.0,25.98,20.052,https://doi.org/10.1007/s10765-004-7726-5
360.0,26.9,20.38,https://doi.org/10.1007/s10765-004-7726-5
360.0,28.03,20.8,https://doi.org/10.1007/s10765-004-7726-5
360.0,29.18,21.225,https://doi.org/10.1007/s10765-004-7726-5
293.15,3324.0,11.44,https://doi.org/10.1023/B:IJOT.0000004088.04964.4c
293.15,3166.9,11.41,https://doi.org/10.1023/B:IJOT.0000004088.04964.4c
293.15,3009.4,11.37,https://doi.org/10.1023/B:IJOT.0000004088.04964.4c
293.15,2862.1,11.34,https://doi.org/10.1023/B:IJOT.0000004088.04964.4c
293.15,2718.5,11.31,https://doi.org/10.1023/B:IJOT.0000004088.04964.4c
293.15,2580.7,11.29,https://doi.org/10.1023/B:IJOT.0000004088.04964.4c
293.15,2449.5,11.26,https://doi.org/10.1023/B:IJOT.0000004088.04964.4c
293.15,2324.6,11.24,https://doi.org/10.1023/B:IJOT.0000004088.04964.4c
293.15,2167.3,11.21,https://doi.org/10.1023/B:IJOT.0000004088.04964.4c
293.15,2020.1,11.18,https://doi.org/10.1023/B:IJOT.0000004088.04964.4c
293.15,1882.5,11.16,https://doi.org/10.1023/B:IJOT.0000004088.04964.4c
293.15,1753.9,11.14,https://doi.org/10.1023/B:IJOT.0000004088.04964.4c
293.15,1633.7,11.12,https://doi.org/10.1023/B:IJOT.0000004088.04964.4c
293.15,1633.7,11.12,https://doi.org/10.1023/B:IJOT.0000004088.04964.4c
293.15,1494.6,11.1,https://doi.org/10.1023/B:IJOT.0000004088.04964.4c
293.15,1366.9,11.08,https://doi.org/10.1023/B:IJOT.0000004088.04964.4c
293.15,1227.6,11.06,https://doi.org/10.1023/B:IJOT.0000004088.04964.4c
293.15,1102.0,11.04,https://doi.org/10.1023/B:IJOT.0000004088.04964.4c
293.15,971.3,11.02,https://doi.org/10.1023/B:IJOT.0000004088.04964.4c
293.15,840.3,11.01,https://doi.org/10.1023/B:IJOT.0000004088.04964.4c
293.15,713.6,10.99,https://doi.org/10.1023/B:IJOT.0000004088.04964.4c
293.15,583.9,10.98,https://doi.org/10.1023/B:IJOT.0000004088.04964.4c
293.15,460.4,10.97,https://doi.org/10.1023/B:IJOT.0000004088.04964.4c
293.15,337.0,10.95,https://doi.org/10.1023/B:IJOT.0000004088.04964.4c
293.15,216.6,10.93,https://doi.org/10.1023/B:IJOT.0000004088.04964.4c
293.15,118.2,10.92,https://doi.org/10.1023/B:IJOT.0000004088.04964.4c
233.15,0.13,8.941,https://doi.org/10.1023/A:1020784330515
233.15,3.15,9.743,https://doi.org/10.1023/A:1020784330515
233.15,5.51,10.88,https://doi.org/10.1023/A:1020784330515
233.15,7.34,12.361,https://doi.org/10.1023/A:1020784330515
233.15,8.84,14.197,https://doi.org/10.1023/A:1020784330515
233.15,10.35,16.581,https://doi.org/10.1023/A:1020784330515
233.15,12.01,19.332,https://doi.org/10.1023/A:1020784330515
233.15,14.3,22.679,https://doi.org/10.1023/A:1020784330515
233.15,17.76,26.631,https://doi.org/10.1023/A:1020784330515
233.15,23.23,31.278,https://doi.org/10.1023/A:1020784330515
263.15,0.13,9.969,https://doi.org/10.1023/A:1020784330515
263.15,3.69,10.798,https://doi.org/10.1023/A:1020784330515
263.15,6.72,11.94,https://doi.org/10.1023/A:1020784330515
263.15,9.35,13.422,https://doi.org/10.1023/A:1020784330515
263.15,11.77,15.25,https://doi.org/10.1023/A:1020784330515
263.15,14.35,17.546,https://doi.org/10.1023/A:1020784330515
263.15,17.38,20.308,https://doi.org/10.1023/A:1020784330515
263.15,21.3,23.547,https://doi.org/10.1023/A:1020784330515
263.15,25.64,26.568,https://doi.org/10.1023/A:1020784330515
293.15,0.15,10.979,https://doi.org/10.1023/A:1020784330515
293.15,0.16,10.977,https://doi.org/10.1023/A:1020784330515
293.15,4.22,11.807,https://doi.org/10.1023/A:1020784330515
293.15,7.91,12.966,https://doi.org/10.1023/A:1020784330515
293.15,11.3,14.428,https://doi.org/10.1023/A:1020784330515
293.15,11.31,14.442,https://doi.org/10.1023/A:1020784330515
293.15,14.7,16.293,https://doi.org/10.1023/A:1020784330515
293.15,18.35,18.535,https://doi.org/10.1023/A:1020784330515
293.15,22.68,21.211,https://doi.org/10.1023/A:1020784330515
293.15,28.11,24.304,https://doi.org/10.1023/A:1020784330515
293.15,28.25,24.382,https://doi.org/10.1023/A:1020784330515
333.15,0.17,12.261,https://doi.org/10.1023/A:1020784330515
333.15,4.91,13.106,https://doi.org/10.1023/A:1020784330515
333.15,9.47,14.279,https://doi.org/10.1023/A:1020784330515
333.15,13.91,15.768,https://doi.org/10.1023/A:1020784330515
333.15,18.52,17.608,https://doi.org/10.1023/A:1020784330515
333.15,23.65,19.829,https://doi.org/10.1023/A:1020784330515
333.15,29.67,22.428,https://doi.org/10.1023/A:1020784330515
373.15,0.19,13.479,https://doi.org/10.1023/A:1020784330515
373.15,0.2,13.482,https://doi.org/10.1023/A:1020784330515
373.15,5.6,14.346,https://doi.org/10.1023/A:1020784330515
373.15,10.98,15.531,https://doi.org/10.1023/A:1020784330515
373.15,16.44,17.028,https://doi.org/10.1023/A:1020784330515
373.15,16.48,17.047,https://doi.org/10.1023/A:1020784330515
373.15,22.23,18.854,https://doi.org/10.1023/A:1020784330515
373.15,28.85,21.067,https://doi.org/10.1023/A:1020784330515
373.15,28.88,21.079,https://doi.org/10.1023/A:1020784330515
423.15,0.21,14.901,https://doi.org/10.1023/A:1020784330515
423.15,6.46,15.812,https://doi.org/10.1023/A:1020784330515
423.15,12.9,17.023,https://doi.org/10.1023/A:1020784330515
423.15,26.96,20.384,https://doi.org/10.1023/A:1020784330515
423.15,19.6,18.534,https://doi.org/10.1023/A:1020784330515
473.15,0.23,16.28,https://doi.org/10.1023/A:1020784330515
473.15,14.8,18.379,https://doi.org/10.1023/A:1020784330515
473.15,22.79,19.872,https://doi.org/10.1023/A:1020784330515
473.15,7.31,17.165,https://doi.org/10.1023/A:1020784330515
523.15,0.26,17.577,https://doi.org/10.1023/A:1020784330515
523.15,0.27,17.59,https://doi.org/10.1023/A:1020784330515
523.15,8.29,18.482,https://doi.org/10.1023/A:1020784330515
523.15,16.61,19.656,https://doi.org/10.1023/A:1020784330515
523.15,25.86,21.154,https://doi.org/10.1023/A:1020784330515
523.15,25.96,21.177,https://doi.org/10.1023/A:1020784330515
273.1,90.26,53.35,https://doi.org/10.1016/0378-3812(92)85139-Y
273.1,100.6,56.75,https://doi.org/10.1016/0378-3812(92)85139-Y
273.1,119.2,62.98,https://doi.org/10.1016/0378-3812(92)85139-Y
273.1,140.3,70.32,https://doi.org/10.1016/0378-3812(92)85139-Y
273.1,160.9,76.46,https://doi.org/10.1016/0378-3812(92)85139-Y
273.1,180.5,82.98,https://doi.org/10.1016/0378-3812(92)85139-Y
273.1,201.6,90.59,https://doi.org/10.1016/0378-3812(92)85139-Y
273.1,202.6,90.33,https://doi.org/10.1016/0378-3812(92)85139-Y
273.1,250.2,106.5,https://doi.org/10.1016/0378-3812(92)85139-Y
273.1,250.5,106.5,https://doi.org/10.1016/0378-3812(92)85139-Y
273.1,299.3,123.1,https://doi.org/10.1016/0378-3812(92)85139-Y
273.1,300.2,123.5,https://doi.org/10.1016/0378-3812(92)85139-Y
273.1,350.5,139.8,https://doi.org/10.1016/0378-3812(92)85139-Y
273.1,401.5,157.8,https://doi.org/10.1016/0378-3812(92)85139-Y
273.1,450.5,175.2,https://doi.org/10.1016/0378-3812(92)85139-Y
273.1,499.5,194.0,https://doi.org/10.1016/0378-3812(92)85139-Y
273.1,551.2,214.7,https://doi.org/10.1016/0378-3812(92)85139-Y
273.1,601.8,234.1,https://doi.org/10.1016/0378-3812(92)85139-Y
273.1,652.8,257.1,https://doi.org/10.1016/0378-3812(92)85139-Y
273.1,697.6,278.9,https://doi.org/10.1016/0378-3812(92)85139-Y
273.1,750.6,302.9,https://doi.org/10.1016/0378-3812(92)85139-Y
273.1,750.6,303.8,https://doi.org/10.1016/0378-3812(92)85139-Y
273.1,797.1,327.5,https://doi.org/10.1016/0378-3812(92)85139-Y
273.1,800.5,329.1,https://doi.org/10.1016/0378-3812(92)85139-Y
273.1,851.9,357.1,https://doi.org/10.1016/0378-3812(92)85139-Y
273.1,901.5,385.4,https://doi.org/10.1016/0378-3812(92)85139-Y
273.1,950.7,414.0,https://doi.org/10.1016/0378-3812(92)85139-Y
273.1,950.7,415.8,https://doi.org/10.1016/0378-3812(92)85139-Y
273.1,1.06,10.53,https://doi.org/10.1016/0378-3812(92)85139-Y
273.1,1.43,10.58,https://doi.org/10.1016/0378-3812(92)85139-Y
273.1,1.81,10.59,https://doi.org/10.1016/0378-3812(92)85139-Y
273.1,2.61,10.82,https://doi.org/10.1016/0378-3812(92)85139-Y
273.1,3.01,10.79,https://doi.org/10.1016/0378-3812(92)85139-Y
273.1,3.57,11.0,https://doi.org/10.1016/0378-3812(92)85139-Y
273.1,4.24,11.16,https://doi.org/10.1016/0378-3812(92)85139-Y
273.1,4.62,11.24,https://doi.org/10.1016/0378-3812(92)85139-Y
273.1,5.12,11.51,https://doi.org/10.1016/0378-3812(92)85139-Y
273.1,5.42,11.78,https://doi.org/10.1016/0378-3812(92)85139-Y
273.1,5.75,11.75,https://doi.org/10.1016/0378-3812(92)85139-Y
273.1,6.13,11.96,https://doi.org/10.1016/0378-3812(92)85139-Y
273.1,6.4,12.17,https://doi.org/10.1016/0378-3812(92)85139-Y
273.1,6.75,12.27,https://doi.org/10.1016/0378-3812(92)85139-Y
273.1,7.13,12.43,https://doi.org/10.1016/0378-3812(92)85139-Y
273.1,7.47,12.68,https://doi.org/10.1016/0378-3812(92)85139-Y
273.1,7.96,12.74,https://doi.org/10.1016/0378-3812(92)85139-Y
273.1,8.5,13.09,https://doi.org/10.1016/0378-3812(92)85139-Y
273.1,9.0,13.26,https://doi.org/10.1016/0378-3812(92)85139-Y
273.1,9.54,13.52,https://doi.org/10.1016/0378-3812(92)85139-Y
273.1,10.03,13.92,https://doi.org/10.1016/0378-3812(92)85139-Y
273.1,10.75,14.33,https://doi.org/10.1016/0378-3812(92)85139-Y
273.1,11.5,14.71,https://doi.org/10.1016/0378-3812(92)85139-Y
273.1,12.46,15.45,https://doi.org/10.1016/0378-3812(92)85139-Y
273.1,13.49,16.07,https://doi.org/10.1016/0378-3812(92)85139-Y
273.1,14.56,17.04,https://doi.org/10.1016/0378-3812(92)85139-Y
273.1,15.47,17.65,https://doi.org/10.1016/0378-3812(92)85139-Y
273.1,17.14,18.97,https://doi.org/10.1016/0378-3812(92)85139-Y
273.1,18.52,20.15,https://doi.org/10.1016/0378-3812(92)85139-Y
273.1,20.05,21.2,https://doi.org/10.1016/0378-3812(92)85139-Y
273.1,21.47,22.34,https://doi.org/10.1016/0378-3812(92)85139-Y
273.1,22.77,23.23,https://doi.org/10.1016/0378-3812(92)85139-Y
273.1,24.5,24.53,https://doi.org/10.1016/0378-3812(92)85139-Y
273.1,26.07,25.51,https://doi.org/10.1016/0378-3812(92)85139-Y
273.1,27.98,26.69,https://doi.org/10.1016/0378-3812(92)85139-Y
273.1,30.0,27.95,https://doi.org/10.1016/0378-3812(92)85139-Y
273.1,32.56,29.28,https://doi.org/10.1016/0378-3812(92)85139-Y
273.1,35.4,31.08,https://doi.org/10.1016/0378-3812(92)85139-Y
273.1,38.66,32.76,https://doi.org/10.1016/0378-3812(92)85139-Y
273.1,40.52,33.67,https://doi.org/10.1016/0378-3812(92)85139-Y
273.1,44.19,35.55,https://doi.org/10.1016/0378-3812(92)85139-Y
273.1,46.99,36.57,https://doi.org/10.1016/0378-3812(92)85139-Y
273.1,50.11,38.3,https://doi.org/10.1016/0378-3812(92)85139-Y
273.1,55.27,39.97,https://doi.org/10.1016/0378-3812(92)85139-Y
273.1,60.22,42.09,https://doi.org/10.1016/0378-3812(92)85139-Y
273.15,65.24,44.16,https://doi.org/10.1016/0378-3812(92)85139-Y
273.15,70.24,46.21,https://doi.org/10.1016/0378-3812(92)85139-Y
273.15,75.3,48.06,https://doi.org/10.1016/0378-3812(92)85139-Y
273.15,80.57,49.86,https://doi.org/10.1016/0378-3812(92)85139-Y
273.15,80.57,49.75,https://doi.org/10.1016/0378-3812(92)85139-Y
273.15,85.25,51.82,https://doi.org/10.1016/0378-3812(92)85139-Y
273.15,90.27,53.73,https://doi.org/10.1016/0378-3812(92)85139-Y
273.15,202.1,90.16,https://doi.org/10.1016/0378-3812(92)85139-Y
273.15,225.3,97.34,https://doi.org/10.1016/0378-3812(92)85139-Y
273.15,250.6,106.1,https://doi.org/10.1016/0378-3812(92)85139-Y
273.15,274.8,114.6,https://doi.org/10.1016/0378-3812(92)85139-Y
273.15,299.9,122.2,https://doi.org/10.1016/0378-3812(92)85139-Y
273.15,324.3,130.6,https://doi.org/10.1016/0378-3812(92)85139-Y
273.15,349.1,139.2,https://doi.org/10.1016/0378-3812(92)85139-Y
273.15,373.5,148.2,https://doi.org/10.1016/0378-3812(92)85139-Y
273.15,400.9,157.4,https://doi.org/10.1016/0378-3812(92)85139-Y
273.15,425.4,166.1,https://doi.org/10.1016/0378-3812(92)85139-Y
273.15,449.9,175.6,https://doi.org/10.1016/0378-3812(92)85139-Y
273.15,459.7,178.5,https://doi.org/10.1016/0378-3812(92)85139-Y
273.15,474.4,184.5,https://doi.org/10.1016/0378-3812(92)85139-Y
273.15,500.3,194.9,https://doi.org/10.1016/0378-3812(92)85139-Y
273.15,523.5,203.5,https://doi.org/10.1016/0378-3812(92)85139-Y
273.15,548.8,213.6,https://doi.org/10.1016/0378-3812(92)85139-Y
273.15,573.6,223.5,https://doi.org/10.1016/0378-3812(92)85139-Y
273.15,598.2,233.1,https://doi.org/10.1016/0378-3812(92)85139-Y
273.15,623.9,243.8,https://doi.org/10.1016/0378-3812(92)85139-Y
273.15,648.4,256.8,https://doi.org/10.1016/0378-3812(92)85139-Y
273.15,674.1,269.3,https://doi.org/10.1016/0378-3812(92)85139-Y
273.15,699.0,278.9,https://doi.org/10.1016/0378-3812(92)85139-Y
273.15,699.0,281.3,https://doi.org/10.1016/0378-3812(92)85139-Y
273.15,701.5,280.6,https://doi.org/10.1016/0378-3812(92)85139-Y
273.15,896.8,381.1,https://doi.org/10.1016/0378-3812(92)85139-Y
273.15,953.0,414.3,https://doi.org/10.1016/0378-3812(92)85139-Y
273.15,95.06,56.0,https://doi.org/10.1016/0378-3812(92)85139-Y
273.15,100.59,57.08,https://doi.org/10.1016/0378-3812(92)85139-Y
273.15,109.99,60.72,https://doi.org/10.1016/0378-3812(92)85139-Y
273.15,120.09,63.39,https://doi.org/10.1016/0378-3812(92)85139-Y
273.15,129.87,67.58,https://doi.org/10.1016/0378-3812(92)85139-Y
273.15,140.33,70.82,https://doi.org/10.1016/0378-3812(92)85139-Y
273.15,150.12,74.43,https://doi.org/10.1016/0378-3812(92)85139-Y
273.15,160.94,77.79,https://doi.org/10.1016/0378-3812(92)85139-Y
273.15,180.51,83.97,https://doi.org/10.1016/0378-3812(92)85139-Y
273.15,201.59,90.55,https://doi.org/10.1016/0378-3812(92)85139-Y
273.15,251.0,107.2,https://doi.org/10.1016/0378-3812(92)85139-Y
273.15,301.6,123.4,https://doi.org/10.1016/0378-3812(92)85139-Y
273.15,350.5,139.7,https://doi.org/10.1016/0378-3812(92)85139-Y
273.15,400.3,157.3,https://doi.org/10.1016/0378-3812(92)85139-Y
273.15,450.4,175.1,https://doi.org/10.1016/0378-3812(92)85139-Y
273.15,500.7,193.9,https://doi.org/10.1016/0378-3812(92)85139-Y
273.15,551.2,213.3,https://doi.org/10.1016/0378-3812(92)85139-Y
273.15,600.2,234.7,https://doi.org/10.1016/0378-3812(92)85139-Y
273.15,649.9,256.1,https://doi.org/10.1016/0378-3812(92)85139-Y
298.15,0.1,11.18,https://doi.org/10.1252/jcej.21.632
298.15,0.12,11.19,https://doi.org/10.1252/jcej.21.632
298.15,0.17,11.19,https://doi.org/10.1252/jcej.21.632
298.15,0.29,11.19,https://doi.org/10.1252/jcej.21.632
298.15,0.5,11.23,https://doi.org/10.1252/jcej.21.632
298.15,1.02,11.3,https://doi.org/10.1252/jcej.21.632
298.15,1.51,11.33,https://doi.org/10.1252/jcej.21.632
298.15,2.03,11.41,https://doi.org/10.1252/jcej.21.632
298.15,2.52,11.53,https://doi.org/10.1252/jcej.21.632
298.15,3.0,11.59,https://doi.org/10.1252/jcej.21.632
298.15,3.53,11.71,https://doi.org/10.1252/jcej.21.632
298.15,4.02,11.82,https://doi.org/10.1252/jcej.21.632
298.15,4.99,12.01,https://doi.org/10.1252/jcej.21.632
323.15,0.1,11.98,https://doi.org/10.1252/jcej.21.632
323.15,0.52,12.03,https://doi.org/10.1252/jcej.21.632
323.15,0.97,12.08,https://doi.org/10.1252/jcej.21.632
323.15,1.97,12.23,https://doi.org/10.1252/jcej.21.632
323.15,3.52,12.51,https://doi.org/10.1252/jcej.21.632
323.15,4.72,12.75,https://doi.org/10.1252/jcej.21.632
348.15,0.1,12.79,https://doi.org/10.1252/jcej.21.632
348.15,0.52,12.83,https://doi.org/10.1252/jcej.21.632
348.15,1.54,12.94,https://doi.org/10.1252/jcej.21.632
348.15,2.6,13.1,https://doi.org/10.1252/jcej.21.632
348.15,3.58,13.27,https://doi.org/10.1252/jcej.21.632
348.15,4.74,13.45,https://doi.org/10.1252/jcej.21.632
373.15,0.1,13.51,https://doi.org/10.1252/jcej.21.632
373.15,0.52,13.56,https://doi.org/10.1252/jcej.21.632
373.15,1.01,13.58,https://doi.org/10.1252/jcej.21.632
373.15,2.03,13.72,https://doi.org/10.1252/jcej.21.632
373.15,2.94,13.84,https://doi.org/10.1252/jcej.21.632
373.15,4.09,14.0,https://doi.org/10.1252/jcej.21.632
373.15,4.94,14.14,https://doi.org/10.1252/jcej.21.632
298.15,0.11,11.05,https://doi.org/10.1016/0378-4371(88)90045-3
298.15,0.97,11.04,https://doi.org/10.1016/0378-4371(88)90045-3
298.15,3.21,11.55,https://doi.org/10.1016/0378-4371(88)90045-3
298.15,5.22,12.31,https://doi.org/10.1016/0378-4371(88)90045-3
298.15,7.47,13.27,https://doi.org/10.1016/0378-4371(88)90045-3
298.15,9.54,14.04,https://doi.org/10.1016/0378-4371(88)90045-3
298.15,12.22,15.24,https://doi.org/10.1016/0378-4371(88)90045-3
298.15,15.17,16.91,https://doi.org/10.1016/0378-4371(88)90045-3
298.15,17.67,18.35,https://doi.org/10.1016/0378-4371(88)90045-3
298.15,20.49,20.15,https://doi.org/10.1016/0378-4371(88)90045-3
298.15,25.06,22.98,https://doi.org/10.1016/0378-4371(88)90045-3
298.15,30.47,26.07,https://doi.org/10.1016/0378-4371(88)90045-3
298.15,34.01,27.98,https://doi.org/10.1016/0378-4371(88)90045-3
298.15,40.24,31.22,https://doi.org/10.1016/0378-4371(88)90045-3
298.15,50.45,35.68,https://doi.org/10.1016/0378-4371(88)90045-3
298.15,59.95,39.85,https://doi.org/10.1016/0378-4371(88)90045-3
298.15,69.92,44.1,https://doi.org/10.1016/0378-4371(88)90045-3
298.15,81.02,48.01,https://doi.org/10.1016/0378-4371(88)90045-3
298.15,92.06,51.82,https://doi.org/10.1016/0378-4371(88)90045-3
298.15,103.15,55.61,https://doi.org/10.1016/0378-4371(88)90045-3
298.15,124.35,62.88,https://doi.org/10.1016/0378-4371(88)90045-3
298.15,150.12,71.23,https://doi.org/10.1016/0378-4371(88)90045-3
298.15,175.88,78.76,https://doi.org/10.1016/0378-4371(88)90045-3
298.15,201.59,86.5,https://doi.org/10.1016/0378-4371(88)90045-3
298.15,249.8,101.9,https://doi.org/10.1016/0378-4371(88)90045-3
298.15,300.0,116.4,https://doi.org/10.1016/0378-4371(88)90045-3
298.15,348.6,132.1,https://doi.org/10.1016/0378-4371(88)90045-3
298.15,400.4,148.4,https://doi.org/10.1016/0378-4371(88)90045-3
298.15,450.4,164.0,https://doi.org/10.1016/0378-4371(88)90045-3
298.15,500.2,180.3,https://doi.org/10.1016/0378-4371(88)90045-3
298.15,550.7,197.5,https://doi.org/10.1016/0378-4371(88)90045-3
298.15,600.4,215.0,https://doi.org/10.1016/0378-4371(88)90045-3
298.15,650.1,232.6,https://doi.org/10.1016/0378-4371(88)90045-3
298.15,700.7,253.3,https://doi.org/10.1016/0378-4371(88)90045-3
298.15,751.5,273.9,https://doi.org/10.1016/0378-4371(88)90045-3
298.15,799.8,292.9,https://doi.org/10.1016/0378-4371(88)90045-3
298.15,852.8,316.6,https://doi.org/10.1016/0378-4371(88)90045-3
298.15,902.1,336.7,https://doi.org/10.1016/0378-4371(88)90045-3
298.15,951.2,360.5,https://doi.org/10.1016/0378-4371(88)90045-3
298.15,1002.4,385.1,https://doi.org/10.1016/0378-4371(88)90045-3
300.0,27.52,23.08,https://doi.org/10.1016/0378-4371(80)90004-7
300.0,24.61,21.63,https://doi.org/10.1016/0378-4371(80)90004-7
300.0,21.98,20.11,https://doi.org/10.1016/0378-4371(80)90004-7
300.0,19.86,18.89,https://doi.org/10.1016/0378-4371(80)90004-7
300.0,17.59,17.6,https://doi.org/10.1016/0378-4371(80)90004-7
300.0,14.22,16.17,https://doi.org/10.1016/0378-4371(80)90004-7
300.0,10.66,14.1,https://doi.org/10.1016/0378-4371(80)90004-7
300.0,8.59,13.43,https://doi.org/10.1016/0378-4371(80)90004-7
300.0,6.58,12.57,https://doi.org/10.1016/0378-4371(80)90004-7
300.0,4.46,12.13,https://doi.org/10.1016/0378-4371(80)90004-7
300.0,2.35,11.67,https://doi.org/10.1016/0378-4371(80)90004-7
250.0,33.11,33.91,https://doi.org/10.1016/0378-4371(80)90004-7
250.0,30.21,32.12,https://doi.org/10.1016/0378-4371(80)90004-7
250.0,26.26,29.56,https://doi.org/10.1016/0378-4371(80)90004-7
250.0,23.43,27.44,https://doi.org/10.1016/0378-4371(80)90004-7
250.0,19.91,24.55,https://doi.org/10.1016/0378-4371(80)90004-7
250.0,15.64,20.33,https://doi.org/10.1016/0378-4371(80)90004-7
250.0,14.22,19.3,https://doi.org/10.1016/0378-4371(80)90004-7
250.0,12.83,17.24,https://doi.org/10.1016/0378-4371(80)90004-7
250.0,11.49,15.87,https://doi.org/10.1016/0378-4371(80)90004-7
250.0,10.1,14.56,https://doi.org/10.1016/0378-4371(80)90004-7
250.0,8.69,13.12,https://doi.org/10.1016/0378-4371(80)90004-7
250.0,7.25,12.31,https://doi.org/10.1016/0378-4371(80)90004-7
250.0,5.8,11.36,https://doi.org/10.1016/0378-4371(80)90004-7
250.0,4.51,10.84,https://doi.org/10.1016/0378-4371(80)90004-7
250.0,3.04,10.57,https://doi.org/10.1016/0378-4371(80)90004-7
200.0,26.07,45.55,https://doi.org/10.1016/0378-4371(80)90004-7
200.0,22.79,43.26,https://doi.org/10.1016/0378-4371(80)90004-7
200.0,17.15,38.47,https://doi.org/10.1016/0378-4371(80)90004-7
200.0,13.49,34.49,https://doi.org/10.1016/0378-4371(80)90004-7
200.0,10.75,31.18,https://doi.org/10.1016/0378-4371(80)90004-7
200.0,8.98,28.11,https://doi.org/10.1016/0378-4371(80)90004-7
200.0,7.93,26.03,https://doi.org/10.1016/0378-4371(80)90004-7
200.0,7.1,23.25,https://doi.org/10.1016/0378-4371(80)90004-7
200.0,6.09,17.73,https://doi.org/10.1016/0378-4371(80)90004-7
200.0,5.72,13.97,https://doi.org/10.1016/0378-4371(80)90004-7
200.0,5.34,12.28,https://doi.org/10.1016/0378-4371(80)90004-7
200.0,5.06,11.44,https://doi.org/10.1016/0378-4371(80)90004-7
200.0,4.69,10.71,https://doi.org/10.1016/0378-4371(80)90004-7
200.0,4.18,10.06,https://doi.org/10.1016/0378-4371(80)90004-7
200.0,3.51,9.58,https://doi.org/10.1016/0378-4371(80)90004-7
200.0,2.54,9.05,https://doi.org/10.1016/0378-4371(80)90004-7
180.0,29.62,58.06,https://doi.org/10.1016/0378-4371(80)90004-7
180.0,26.09,55.35,https://doi.org/10.1016/0378-4371(80)90004-7
180.0,22.56,52.91,https://doi.org/10.1016/0378-4371(80)90004-7
180.0,18.94,50.0,https://doi.org/10.1016/0378-4371(80)90004-7
180.0,18.0,49.05,https://doi.org/10.1016/0378-4371(80)90004-7
180.0,15.53,47.34,https://doi.org/10.1016/0378-4371(80)90004-7
180.0,14.36,46.07,https://doi.org/10.1016/0378-4371(80)90004-7
180.0,10.97,42.77,https://doi.org/10.1016/0378-4371(80)90004-7
180.0,6.68,37.64,https://doi.org/10.1016/0378-4371(80)90004-7
180.0,4.73,34.47,https://doi.org/10.1016/0378-4371(80)90004-7
180.0,3.53,31.78,https://doi.org/10.1016/0378-4371(80)90004-7
170.0,31.36,65.87,https://doi.org/10.1016/0378-4371(80)90004-7
170.0,28.01,63.5,https://doi.org/10.1016/0378-4371(80)90004-7
170.0,24.63,61.26,https://doi.org/10.1016/0378-4371(80)90004-7
170.0,21.44,58.2,https://doi.org/10.1016/0378-4371(80)90004-7
170.0,17.78,55.66,https://doi.org/10.1016/0378-4371(80)90004-7
170.0,14.77,53.31,https://doi.org/10.1016/0378-4371(80)90004-7
170.0,14.65,53.26,https://doi.org/10.1016/0378-4371(80)90004-7
170.0,11.62,50.26,https://doi.org/10.1016/0378-4371(80)90004-7
170.0,8.59,47.07,https://doi.org/10.1016/0378-4371(80)90004-7
170.0,5.92,43.65,https://doi.org/10.1016/0378-4371(80)90004-7
170.0,3.21,40.24,https://doi.org/10.1016/0378-4371(80)90004-7
170.0,2.33,38.78,https://doi.org/10.1016/0378-4371(80)90004-7
170.0,2.33,38.72,https://doi.org/10.1016/0378-4371(80)90004-7
140.0,32.17,97.32,https://doi.org/10.1016/0378-4371(80)90004-7
140.0,28.69,93.95,https://doi.org/10.1016/0378-4371(80)90004-7
140.0,25.51,91.1,https://doi.org/10.1016/0378-4371(80)90004-7
140.0,21.98,88.47,https://doi.org/10.1016/0378-4371(80)90004-7
140.0,18.37,85.03,https://doi.org/10.1016/0378-4371(80)90004-7
140.0,16.71,82.61,https://doi.org/10.1016/0378-4371(80)90004-7
140.0,14.82,81.7,https://doi.org/10.1016/0378-4371(80)90004-7
140.0,14.39,81.05,https://doi.org/10.1016/0378-4371(80)90004-7
140.0,11.7,78.46,https://doi.org/10.1016/0378-4371(80)90004-7
140.0,11.55,78.5,https://doi.org/10.1016/0378-4371(80)90004-7
140.0,8.8,75.33,https://doi.org/10.1016/0378-4371(80)90004-7
140.0,8.11,75.22,https://doi.org/10.1016/0378-4371(80)90004-7
140.0,5.93,71.93,https://doi.org/10.1016/0378-4371(80)90004-7
140.0,4.62,71.39,https://doi.org/10.1016/0378-4371(80)90004-7
140.0,3.6,69.54,https://doi.org/10.1016/0378-4371(80)90004-7
140.0,3.58,69.59,https://doi.org/10.1016/0378-4371(80)90004-7
140.0,1.02,67.74,https://doi.org/10.1016/0378-4371(80)90004-7
140.0,0.64,66.18,https://doi.org/10.1016/0378-4371(80)90004-7
120.0,29.68,135.66,https://doi.org/10.1016/0378-4371(80)90004-7
120.0,26.09,132.02,https://doi.org/10.1016/0378-4371(80)90004-7
120.0,22.89,126.93,https://doi.org/10.1016/0378-4371(80)90004-7
120.0,18.55,121.87,https://doi.org/10.1016/0378-4371(80)90004-7
120.0,14.97,117.36,https://doi.org/10.1016/0378-4371(80)90004-7
120.0,11.86,112.56,https://doi.org/10.1016/0378-4371(80)90004-7
120.0,10.07,110.98,https://doi.org/10.1016/0378-4371(80)90004-7
120.0,8.29,109.04,https://doi.org/10.1016/0378-4371(80)90004-7
120.0,6.49,105.48,https://doi.org/10.1016/0378-4371(80)90004-7
120.0,4.73,103.04,https://doi.org/10.1016/0378-4371(80)90004-7
120.0,3.01,101.69,https://doi.org/10.1016/0378-4371(80)90004-7
120.0,1.19,99.49,https://doi.org/10.1016/0378-4371(80)90004-7
100.0,31.33,218.49,https://doi.org/10.1016/0378-4371(80)90004-7
100.0,29.11,215.48,https://doi.org/10.1016/0378-4371(80)90004-7
100.0,27.67,212.13,https://doi.org/10.1016/0378-4371(80)90004-7
100.0,26.88,210.75,https://doi.org/10.1016/0378-4371(80)90004-7
100.0,25.26,206.8,https://doi.org/10.1016/0378-4371(80)90004-7
100.0,24.05,205.58,https://doi.org/10.1016/0378-4371(80)90004-7
100.0,23.34,203.68,https://doi.org/10.1016/0378-4371(80)90004-7
100.0,22.05,201.56,https://doi.org/10.1016/0378-4371(80)90004-7
100.0,20.43,198.4,https://doi.org/10.1016/0378-4371(80)90004-7
100.0,18.54,193.94,https://doi.org/10.1016/0378-4371(80)90004-7
100.0,16.56,190.05,https://doi.org/10.1016/0378-4371(80)90004-7
100.0,12.6,181.94,https://doi.org/10.1016/0378-4371(80)90004-7
100.0,9.87,174.37,https://doi.org/10.1016/0378-4371(80)90004-7
100.0,9.41,175.95,https://doi.org/10.1016/0378-4371(80)90004-7
100.0,7.38,169.5,https://doi.org/10.1016/0378-4371(80)90004-7
100.0,5.9,169.32,https://doi.org/10.1016/0378-4371(80)90004-7
100.0,45249.0,164.74,https://doi.org/10.1016/0378-4371(80)90004-7
100.0,3.3,161.63,https://doi.org/10.1016/0378-4371(80)90004-7
100.0,2.33,162.62,https://doi.org/10.1016/0378-4371(80)90004-7
100.0,1.8,159.99,https://doi.org/10.1016/0378-4371(80)90004-7
23.0,0.1,11.03,https://doi.org/10.1016/0378-4371(77)90003-6
50.0,0.1,11.95,https://doi.org/10.1016/0378-4371(77)90003-6
100.0,0.1,13.47,https://doi.org/10.1016/0378-4371(77)90003-6
149.0,0.1,14.89,https://doi.org/10.1016/0378-4371(77)90003-6
150.0,0.1,14.92,https://doi.org/10.1016/0378-4371(77)90003-6
200.0,0.1,16.27,https://doi.org/10.1016/0378-4371(77)90003-6
201.0,0.1,16.3,https://doi.org/10.1016/0378-4371(77)90003-6
273.15,0.41,10.207,https://pubs.acs.org/doi/abs/10.1021/je60071a010
273.15,1.01,10.295,https://pubs.acs.org/doi/abs/10.1021/je60071a010
273.15,2.03,10.454,https://pubs.acs.org/doi/abs/10.1021/je60071a010
273.15,4.05,10.963,https://pubs.acs.org/doi/abs/10.1021/je60071a010
273.15,6.06,11.597,https://pubs.acs.org/doi/abs/10.1021/je60071a010
273.15,10.12,13.308,https://pubs.acs.org/doi/abs/10.1021/je60071a010
273.15,14.17,16.381,https://pubs.acs.org/doi/abs/10.1021/je60071a010
273.15,20.24,21.04,https://pubs.acs.org/doi/abs/10.1021/je60071a010
273.15,30.32,27.663,https://pubs.acs.org/doi/abs/10.1021/je60071a010
273.15,40.48,33.086,https://pubs.acs.org/doi/abs/10.1021/je60071a010
273.15,50.57,37.68,https://pubs.acs.org/doi/abs/10.1021/je60071a010
223.15,0.41,8.502,https://pubs.acs.org/doi/abs/10.1021/je60071a010
223.15,1.01,8.585,https://pubs.acs.org/doi/abs/10.1021/je60071a010
223.15,4.05,9.514,https://pubs.acs.org/doi/abs/10.1021/je60071a010
223.15,8.1,13.765,https://pubs.acs.org/doi/abs/10.1021/je60071a010
223.15,10.12,18.175,https://pubs.acs.org/doi/abs/10.1021/je60071a010
223.15,14.17,24.848,https://pubs.acs.org/doi/abs/10.1021/je60071a010
223.15,20.23,31.203,https://pubs.acs.org/doi/abs/10.1021/je60071a010
223.15,30.34,38.568,https://pubs.acs.org/doi/abs/10.1021/je60071a010
223.15,40.48,44.583,https://pubs.acs.org/doi/abs/10.1021/je60071a010
223.15,50.58,49.875,https://pubs.acs.org/doi/abs/10.1021/je60071a010
198.15,0.41,7.639,https://pubs.acs.org/doi/abs/10.1021/je60071a010
198.15,1.01,7.754,https://pubs.acs.org/doi/abs/10.1021/je60071a010
198.15,2.03,8.022,https://pubs.acs.org/doi/abs/10.1021/je60071a010
198.15,4.05,9.219,https://pubs.acs.org/doi/abs/10.1021/je60071a010
198.15,6.08,19.506,https://pubs.acs.org/doi/abs/10.1021/je60071a010
198.15,7.1,24.362,https://pubs.acs.org/doi/abs/10.1021/je60071a010
198.15,10.11,30.679,https://pubs.acs.org/doi/abs/10.1021/je60071a010
198.15,14.08,35.742,https://pubs.acs.org/doi/abs/10.1021/je60071a010
198.15,20.23,41.115,https://pubs.acs.org/doi/abs/10.1021/je60071a010
198.15,30.34,48.505,https://pubs.acs.org/doi/abs/10.1021/je60071a010
198.15,40.46,54.773,https://pubs.acs.org/doi/abs/10.1021/je60071a010
198.15,50.2,60.755,https://pubs.acs.org/doi/abs/10.1021/je60071a010
173.15,0.41,6.672,https://pubs.acs.org/doi/abs/10.1021/je60071a010
173.15,1.01,6.766,https://pubs.acs.org/doi/abs/10.1021/je60071a010
173.15,2.02,7.059,https://pubs.acs.org/doi/abs/10.1021/je60071a010
23.0,0.1,11.03,https://doi.org/10.1063/1.433060
99.0,0.1,13.44,https://doi.org/10.1063/1.433060
204.0,0.1,16.4,https://doi.org/10.1063/1.433060
23.07,0.1,11.02,https://doi.org/10.1039/TF9716702308
29.29,0.1,11.22,https://doi.org/10.1039/TF9716702308
30.0,2.28,11.59,https://doi.org/10.1063/1.1669960
30.0,1.92,11.526,https://doi.org/10.1063/1.1669960
30.0,1.53,11.462,https://doi.org/10.1063/1.1669960
30.0,1.01,11.387,https://doi.org/10.1063/1.1669960
30.0,0.51,11.318,https://doi.org/10.1063/1.1669960
30.0,0.51,11.318,https://doi.org/10.1063/1.1669960
30.0,0.51,11.322,https://doi.org/10.1063/1.1669960
30.0,0.12,11.276,https://doi.org/10.1063/1.1669960
30.0,0.11,11.268,https://doi.org/10.1063/1.1669960
30.0,0.11,11.267,https://doi.org/10.1063/1.1669960
20.0,2.55,11.321,https://doi.org/10.1063/1.1669960
20.0,2.03,11.217,https://doi.org/10.1063/1.1669960
20.0,1.52,11.137,https://doi.org/10.1063/1.1669960
20.0,1.02,11.054,https://doi.org/10.1063/1.1669960
20.0,0.51,10.986,https://doi.org/10.1063/1.1669960
20.0,0.11,10.936,https://doi.org/10.1063/1.1669960
10.0,0.1,106.7,http://dx.doi.org/10.1063/1.1727611
10.0,0.69,107.4,http://dx.doi.org/10.1063/1.1727611
10.0,1.38,108.6,http://dx.doi.org/10.1063/1.1727611
10.0,2.07,109.0,http://dx.doi.org/10.1063/1.1727611
10.0,2.76,111.4,http://dx.doi.org/10.1063/1.1727611
10.0,3.45,113.1,http://dx.doi.org/10.1063/1.1727611
10.0,4.14,114.8,http://dx.doi.org/10.1063/1.1727611
10.0,5.52,119.3,http://dx.doi.org/10.1063/1.1727611
10.0,6.9,123.7,http://dx.doi.org/10.1063/1.1727611
10.0,8.62,131.2,http://dx.doi.org/10.1063/1.1727611
10.0,10.34,140.8,http://dx.doi.org/10.1063/1.1727611
10.0,12.07,149.6,http://dx.doi.org/10.1063/1.1727611
10.0,13.79,160.6,http://dx.doi.org/10.1063/1.1727611
10.0,17.24,183.2,http://dx.doi.org/10.1063/1.1727611
10.0,20.68,207.0,http://dx.doi.org/10.1063/1.1727611
10.0,27.58,250.5,http://dx.doi.org/10.1063/1.1727611
10.0,34.47,288.0,http://dx.doi.org/10.1063/1.1727611
10.0,41.37,322.5,http://dx.doi.org/10.1063/1.1727611
10.0,48.26,355.0,http://dx.doi.org/10.1063/1.1727611
10.0,55.16,385.0,http://dx.doi.org/10.1063/1.1727611
37.78,0.1,116.2,http://dx.doi.org/10.1063/1.1727611
37.78,0.69,116.8,http://dx.doi.org/10.1063/1.1727611
37.78,1.38,117.9,http://dx.doi.org/10.1063/1.1727611
37.78,2.07,119.0,http://dx.doi.org/10.1063/1.1727611
37.78,2.76,120.2,http://dx.doi.org/10.1063/1.1727611
37.78,3.45,121.6,http://dx.doi.org/10.1063/1.1727611
37.78,4.14,123.1,http://dx.doi.org/10.1063/1.1727611
37.78,5.52,126.5,http://dx.doi.org/10.1063/1.1727611
37.78,6.9,130.3,http://dx.doi.org/10.1063/1.1727611
37.78,8.62,136.8,http://dx.doi.org/10.1063/1.1727611
37.78,10.34,142.2,http://dx.doi.org/10.1063/1.1727611
37.78,12.07,149.4,http://dx.doi.org/10.1063/1.1727611
37.78,13.79,157.1,http://dx.doi.org/10.1063/1.1727611
37.78,17.24,175.2,http://dx.doi.org/10.1063/1.1727611
37.78,20.68,193.0,http://dx.doi.org/10.1063/1.1727611
37.78,27.58,228.0,http://dx.doi.org/10.1063/1.1727611
37.78,34.47,261.0,http://dx.doi.org/10.1063/1.1727611
37.78,41.37,292.0,http://dx.doi.org/10.1063/1.1727611
37.78,48.26,318.0,http://dx.doi.org/10.1063/1.1727611
37.78,55.16,342.0,http://dx.doi.org/10.1063/1.1727611
71.11,0.1,126.9,http://dx.doi.org/10.1063/1.1727611
71.11,0.69,127.5,http://dx.doi.org/10.1063/1.1727611
71.11,1.38,128.4,http://dx.doi.org/10.1063/1.1727611
71.11,2.07,129.4,http://dx.doi.org/10.1063/1.1727611
71.11,2.76,130.5,http://dx.doi.org/10.1063/1.1727611
71.11,3.45,131.5,http://dx.doi.org/10.1063/1.1727611
71.11,4.14,132.8,http://dx.doi.org/10.1063/1.1727611
71.11,5.52,135.5,http://dx.doi.org/10.1063/1.1727611
71.11,6.9,138.6,http://dx.doi.org/10.1063/1.1727611
71.11,8.62,142.9,http://dx.doi.org/10.1063/1.1727611
71.11,10.34,147.9,http://dx.doi.org/10.1063/1.1727611
71.11,12.07,153.3,http://dx.doi.org/10.1063/1.1727611
71.11,13.79,158.9,http://dx.doi.org/10.1063/1.1727611
71.11,17.24,171.2,http://dx.doi.org/10.1063/1.1727611
71.11,20.68,184.2,http://dx.doi.org/10.1063/1.1727611
71.11,27.58,212.3,http://dx.doi.org/10.1063/1.1727611
71.11,34.47,239.4,http://dx.doi.org/10.1063/1.1727611
71.11,41.37,265.0,http://dx.doi.org/10.1063/1.1727611
71.11,48.26,291.0,http://dx.doi.org/10.1063/1.1727611
71.11,55.16,313.0,http://dx.doi.org/10.1063/1.1727611
104.44,0.1,137.0,http://dx.doi.org/10.1063/1.1727611
104.44,0.69,137.6,http://dx.doi.org/10.1063/1.1727611
104.44,1.38,138.4,http://dx.doi.org/10.1063/1.1727611
104.44,2.07,139.3,http://dx.doi.org/10.1063/1.1727611
104.44,2.76,140.3,http://dx.doi.org/10.1063/1.1727611
104.44,3.45,141.2,http://dx.doi.org/10.1063/1.1727611
104.44,4.14,142.3,http://dx.doi.org/10.1063/1.1727611
104.44,5.52,144.5,http://dx.doi.org/10.1063/1.1727611
104.44,6.9,147.1,http://dx.doi.org/10.1063/1.1727611
104.44,8.62,150.7,http://dx.doi.org/10.1063/1.1727611
104.44,10.34,154.7,http://dx.doi.org/10.1063/1.1727611
104.44,12.07,158.0,http://dx.doi.org/10.1063/1.1727611
104.44,13.79,163.6,http://dx.doi.org/10.1063/1.1727611
104.44,17.24,173.4,http://dx.doi.org/10.1063/1.1727611
104.44,20.68,183.9,http://dx.doi.org/10.1063/1.1727611
104.44,27.58,206.2,http://dx.doi.org/10.1063/1.1727611
104.44,34.47,228.6,http://dx.doi.org/10.1063/1.1727611
104.44,41.37,251.0,http://dx.doi.org/10.1063/1.1727611
104.44,48.26,272.0,http://dx.doi.org/10.1063/1.1727611
104.44,55.16,294.0,http://dx.doi.org/10.1063/1.1727611
137.78,0.1,146.5,http://dx.doi.org/10.1063/1.1727611
137.78,0.69,147.0,http://dx.doi.org/10.1063/1.1727611
137.78,1.38,147.8,http://dx.doi.org/10.1063/1.1727611
137.78,2.07,148.6,http://dx.doi.org/10.1063/1.1727611
137.78,2.76,149.4,http://dx.doi.org/10.1063/1.1727611
137.78,3.45,150.3,http://dx.doi.org/10.1063/1.1727611
137.78,4.14,151.2,http://dx.doi.org/10.1063/1.1727611
137.78,5.52,153.2,http://dx.doi.org/10.1063/1.1727611
137.78,6.9,155.4,http://dx.doi.org/10.1063/1.1727611
137.78,8.62,158.4,http://dx.doi.org/10.1063/1.1727611
137.78,10.34,161.7,http://dx.doi.org/10.1063/1.1727611
137.78,12.07,163.3,http://dx.doi.org/10.1063/1.1727611
137.78,13.79,169.1,http://dx.doi.org/10.1063/1.1727611
137.78,17.24,177.4,http://dx.doi.org/10.1063/1.1727611
137.78,20.68,186.1,http://dx.doi.org/10.1063/1.1727611
137.78,27.58,204.9,http://dx.doi.org/10.1063/1.1727611
137.78,34.47,224.0,http://dx.doi.org/10.1063/1.1727611
137.78,41.37,243.0,http://dx.doi.org/10.1063/1.1727611
137.78,48.26,261.0,http://dx.doi.org/10.1063/1.1727611
137.78,55.16,280.0,http://dx.doi.org/10.1063/1.1727611
277.59,1.64,10.479,https://doi.org/10.1021/je60024a020
277.59,1.64,10.552,https://doi.org/10.1021/je60024a020
277.59,1.64,10.558,https://doi.org/10.1021/je60024a020
277.59,102.41,12.438,https://doi.org/10.1021/je60024a020
277.59,102.41,12.459,https://doi.org/10.1021/je60024a020
277.59,102.41,12.445,https://doi.org/10.1021/je60024a020
277.59,207.66,16.99,https://doi.org/10.1021/je60024a020
277.59,207.91,17.008,https://doi.org/10.1021/je60024a020
277.59,208.14,16.881,https://doi.org/10.1021/je60024a020
277.59,407.15,26.417,https://doi.org/10.1021/je60024a020
277.59,407.61,26.429,https://doi.org/10.1021/je60024a020
277.59,407.61,26.446,https://doi.org/10.1021/je60024a020
277.59,407.71,26.436,https://doi.org/10.1021/je60024a020
277.59,523.72,30.814,https://doi.org/10.1021/je60024a020
277.59,523.98,30.77,https://doi.org/10.1021/je60024a020
277.59,524.23,30.833,https://doi.org/10.1021/je60024a020
310.93,1.77,11.685,https://doi.org/10.1021/je60024a020
310.93,1.8,11.602,https://doi.org/10.1021/je60024a020
310.93,1.82,11.603,https://doi.org/10.1021/je60024a020
310.93,1.82,11.614,https://doi.org/10.1021/je60024a020
310.93,1.82,11.629,https://doi.org/10.1021/je60024a020
310.93,1.85,11.684,https://doi.org/10.1021/je60024a020
310.93,1.94,11.569,https://doi.org/10.1021/je60024a020
310.93,1.94,11.616,https://doi.org/10.1021/je60024a020
310.93,1.94,11.644,https://doi.org/10.1021/je60024a020
310.93,92.35,12.823,https://doi.org/10.1021/je60024a020
310.93,92.35,12.835,https://doi.org/10.1021/je60024a020
310.93,150.01,14.287,https://doi.org/10.1021/je60024a020
310.93,150.01,14.249,https://doi.org/10.1021/je60024a020
310.93,150.0,14.328,https://doi.org/10.1021/je60024a020
310.93,196.98,15.536,https://doi.org/10.1021/je60024a020
310.93,196.98,15.536,https://doi.org/10.1021/je60024a020
310.93,196.98,15.634,https://doi.org/10.1021/je60024a020
310.93,196.98,15.642,https://doi.org/10.1021/je60024a020
310.93,403.31,22.952,https://doi.org/10.1021/je60024a020
310.93,403.63,22.924,https://doi.org/10.1021/je60024a020
310.93,403.67,22.741,https://doi.org/10.1021/je60024a020
310.93,404.33,22.697,https://doi.org/10.1021/je60024a020
310.93,508.12,26.489,https://doi.org/10.1021/je60024a020
310.93,508.67,26.454,https://doi.org/10.1021/je60024a020
310.93,509.14,26.414,https://doi.org/10.1021/je60024a020
310.93,517.1,26.436,https://doi.org/10.1021/je60024a020
310.93,517.46,26.362,https://doi.org/10.1021/je60024a020
310.93,517.46,26.434,https://doi.org/10.1021/je60024a020
310.93,517.46,26.522,https://doi.org/10.1021/je60024a020
377.59,1.86,13.62,https://doi.org/10.1021/je60024a020
377.59,1.86,13.621,https://doi.org/10.1021/je60024a020
377.59,1.86,13.653,https://doi.org/10.1021/je60024a020
377.59,103.67,14.639,https://doi.org/10.1021/je60024a020
377.59,103.68,14.658,https://doi.org/10.1021/je60024a020
377.59,103.68,14.656,https://doi.org/10.1021/je60024a020
377.59,203.94,16.389,https://doi.org/10.1021/je60024a020
377.59,206.64,16.368,https://doi.org/10.1021/je60024a020
377.59,206.76,16.363,https://doi.org/10.1021/je60024a020
377.59,406.7,20.85,https://doi.org/10.1021/je60024a020
377.59,406.85,20.94,https://doi.org/10.1021/je60024a020
377.59,406.95,20.712,https://doi.org/10.1021/je60024a020
377.59,406.95,20.641,https://doi.org/10.1021/je60024a020
377.59,406.95,20.622,https://doi.org/10.1021/je60024a020
377.59,410.14,20.743,https://doi.org/10.1021/je60024a020
377.59,410.52,20.849,https://doi.org/10.1021/je60024a020
377.59,411.42,20.776,https://doi.org/10.1021/je60024a020
377.59,515.09,23.278,https://doi.org/10.1021/je60024a020
377.59,515.09,23.406,https://doi.org/10.1021/je60024a020
377.59,515.09,23.382,https://doi.org/10.1021/je60024a020
377.59,515.09,23.335,https://doi.org/10.1021/je60024a020
444.26,1.97,15.579,https://doi.org/10.1021/je60024a020
444.26,1.97,15.602,https://doi.org/10.1021/je60024a020
444.26,1.97,15.604,https://doi.org/10.1021/je60024a020
444.26,1.97,15.605,https://doi.org/10.1021/je60024a020
444.26,102.74,16.377,https://doi.org/10.1021/je60024a020
444.26,102.77,16.357,https://doi.org/10.1021/je60024a020
444.26,102.81,16.358,https://doi.org/10.1021/je60024a020
444.26,206.4,17.589,https://doi.org/10.1021/je60024a020
444.26,206.43,17.552,https://doi.org/10.1021/je60024a020
444.26,206.43,17.594,https://doi.org/10.1021/je60024a020
444.26,420.63,20.976,https://doi.org/10.1021/je60024a020
444.26,421.22,20.918,https://doi.org/10.1021/je60024a020
444.26,421.34,20.915,https://doi.org/10.1021/je60024a020
444.26,511.68,22.208,https://doi.org/10.1021/je60024a020
444.26,511.73,22.165,https://doi.org/10.1021/je60024a020
444.26,511.73,22.179,https://doi.org/10.1021/je60024a020
444.26,518.76,22.513,https://doi.org/10.1021/je60024a020
444.26,519.15,22.499,https://doi.org/10.1021/je60024a020
444.26,519.41,22.581,https://doi.org/10.1021/je60024a020
477.59,3.17,16.526,https://doi.org/10.1021/je60024a020
477.59,3.17,16.551,https://doi.org/10.1021/je60024a020
477.59,3.17,16.553,https://doi.org/10.1021/je60024a020
477.59,104.04,17.242,https://doi.org/10.1021/je60024a020
477.59,104.08,17.253,https://doi.org/10.1021/je60024a020
477.59,104.13,17.214,https://doi.org/10.1021/je60024a020
477.59,206.68,18.338,https://doi.org/10.1021/je60024a020
477.59,206.72,18.354,https://doi.org/10.1021/je60024a020
477.59,206.72,18.389,https://doi.org/10.1021/je60024a020
477.59,409.09,20.909,https://doi.org/10.1021/je60024a020
477.59,409.23,20.921,https://doi.org/10.1021/je60024a020
477.59,410.92,21.058,https://doi.org/10.1021/je60024a020
477.59,410.92,21.104,https://doi.org/10.1021/je60024a020
477.59,410.92,20.991,https://doi.org/10.1021/je60024a020
477.59,410.92,20.939,https://doi.org/10.1021/je60024a020
477.59,513.4,22.285,https://doi.org/10.1021/je60024a020
477.59,513.7,22.32,https://doi.org/10.1021/je60024a020
477.59,513.7,22.271,https://doi.org/10.1021/je60024a020
227.59,2.03,8.82,http://dx.doi.org/10.1063/1.1725877
227.59,6.08,10.875,http://dx.doi.org/10.1063/1.1725877
227.59,8.11,13.528,http://dx.doi.org/10.1063/1.1725877
227.59,12.16,21.641,http://dx.doi.org/10.1063/1.1725877
227.59,14.19,25.013,http://dx.doi.org/10.1063/1.1725877
241.48,1.01,9.555,http://dx.doi.org/10.1063/1.1725877
241.48,3.04,9.98,http://dx.doi.org/10.1063/1.1725877
241.48,6.08,11.117,http://dx.doi.org/10.1063/1.1725877
241.48,8.11,12.39,http://dx.doi.org/10.1063/1.1725877
241.48,10.13,14.144,http://dx.doi.org/10.1063/1.1725877
241.48,14.19,18.692,http://dx.doi.org/10.1063/1.1725877
241.48,16.21,20.865,http://dx.doi.org/10.1063/1.1725877
255.37,2.62,10.644,http://dx.doi.org/10.1063/1.1725877
255.37,4.94,11.264,http://dx.doi.org/10.1063/1.1725877
255.37,7.01,12.01,http://dx.doi.org/10.1063/1.1725877
255.37,9.89,13.454,http://dx.doi.org/10.1063/1.1725877
255.37,13.35,15.799,http://dx.doi.org/10.1063/1.1725877
255.37,16.89,18.487,http://dx.doi.org/10.1063/1.1725877
269.26,2.9,11.479,http://dx.doi.org/10.1063/1.1725877
269.26,5.55,12.123,http://dx.doi.org/10.1063/1.1725877
269.26,7.98,12.923,http://dx.doi.org/10.1063/1.1725877
269.26,11.5,14.384,http://dx.doi.org/10.1063/1.1725877
269.26,15.94,16.731,http://dx.doi.org/10.1063/1.1725877
269.26,17.76,17.709,http://dx.doi.org/10.1063/1.1725877
297.04,2.9,13.037,http://dx.doi.org/10.1063/1.1725877
297.04,5.56,13.504,http://dx.doi.org/10.1063/1.1725877
297.04,8.14,14.119,http://dx.doi.org/10.1063/1.1725877
297.04,12.12,15.222,http://dx.doi.org/10.1063/1.1725877
297.04,14.68,16.066,http://dx.doi.org/10.1063/1.1725877
297.04,17.65,17.1,http://dx.doi.org/10.1063/1.1725877
338.71,1.17,15.063,http://dx.doi.org/10.1063/1.1725877
338.71,2.85,15.233,http://dx.doi.org/10.1063/1.1725877
338.71,5.68,15.62,http://dx.doi.org/10.1063/1.1725877
338.71,8.51,16.055,http://dx.doi.org/10.1063/1.1725877
338.71,12.72,16.831,http://dx.doi.org/10.1063/1.1725877
338.71,15.78,17.496,http://dx.doi.org/10.1063/1.1725877
338.71,17.23,17.827,http://dx.doi.org/10.1063/1.1725877
