Temperature (K),Pressure (MPa),Volume (m3/kg),DOI
150.0,1.026,0.06234413965087283,https://doi.org/10.6028/NBS.TN.653
155.0,1.0744,0.06234413965087283,https://doi.org/10.6028/NBS.TN.653
160.0,1.1222,0.06234413965087283,https://doi.org/10.6028/NBS.TN.653
165.0,1.1696,0.06234413965087283,https://doi.org/10.6028/NBS.TN.653
170.0,1.2165,0.06234413965087283,https://doi.org/10.6028/NBS.TN.653
175.0,1.2632,0.06234413965087283,https://doi.org/10.6028/NBS.TN.653
180.0,1.3096,0.06234413965087283,https://doi.org/10.6028/NBS.TN.653
185.0,1.3559,0.06234413965087283,https://doi.org/10.6028/NBS.TN.653
190.0,1.402,0.06234413965087283,https://doi.org/10.6028/NBS.TN.653
195.0,1.4479,0.06234413965087283,https://doi.org/10.6028/NBS.TN.653
200.0,1.4937,0.06234413965087283,https://doi.org/10.6028/NBS.TN.653
205.0,1.5394,0.06234413965087283,https://doi.org/10.6028/NBS.TN.653
210.0,1.5851,0.06234413965087283,https://doi.org/10.6028/NBS.TN.653
215.0,1.6306,0.06234413965087283,https://doi.org/10.6028/NBS.TN.653
220.0,1.6761,0.06234413965087283,https://doi.org/10.6028/NBS.TN.653
225.0,1.7215,0.06234413965087283,https://doi.org/10.6028/NBS.TN.653
230.0,1.7668,0.06234413965087283,https://doi.org/10.6028/NBS.TN.653
235.0,1.812,0.06234413965087283,https://doi.org/10.6028/NBS.TN.653
240.0,1.8572,0.06234413965087283,https://doi.org/10.6028/NBS.TN.653
245.0,1.9023,0.06234413965087283,https://doi.org/10.6028/NBS.TN.653
250.0,1.9474,0.06234413965087283,https://doi.org/10.6028/NBS.TN.653
255.0,1.9924,0.06234413965087283,https://doi.org/10.6028/NBS.TN.653
260.0,2.0373,0.06234413965087283,https://doi.org/10.6028/NBS.TN.653
265.0,2.0822,0.06234413965087283,https://doi.org/10.6028/NBS.TN.653
270.0,2.1271,0.06234413965087283,https://doi.org/10.6028/NBS.TN.653
170.0,2.0616,0.031172069825436414,https://doi.org/10.6028/NBS.TN.653
175.0,2.1663,0.031172069825436414,https://doi.org/10.6028/NBS.TN.653
180.0,2.2697,0.031172069825436414,https://doi.org/10.6028/NBS.TN.653
165.0,2.3721,0.031172069825436414,https://doi.org/10.6028/NBS.TN.653
130.0,2.4737,0.031172069825436414,https://doi.org/10.6028/NBS.TN.653
195.0,2.5745,0.031172069825436414,https://doi.org/10.6028/NBS.TN.653
200.0,2.6748,0.031172069825436414,https://doi.org/10.6028/NBS.TN.653
205.0,2.7746,0.031172069825436414,https://doi.org/10.6028/NBS.TN.653
210.0,2.8739,0.031172069825436414,https://doi.org/10.6028/NBS.TN.653
215.0,2.9729,0.031172069825436414,https://doi.org/10.6028/NBS.TN.653
220.0,3.0715,0.031172069825436414,https://doi.org/10.6028/NBS.TN.653
225.0,3.1698,0.031172069825436414,https://doi.org/10.6028/NBS.TN.653
230.0,3.2677,0.031172069825436414,https://doi.org/10.6028/NBS.TN.653
235.0,3.3654,0.031172069825436414,https://doi.org/10.6028/NBS.TN.653
240.0,3.4629,0.031172069825436414,https://doi.org/10.6028/NBS.TN.653
245.0,3.5601,0.031172069825436414,https://doi.org/10.6028/NBS.TN.653
250.0,3.657,0.031172069825436414,https://doi.org/10.6028/NBS.TN.653
255.0,3.7537,0.031172069825436414,https://doi.org/10.6028/NBS.TN.653
260.0,3.8502,0.031172069825436414,https://doi.org/10.6028/NBS.TN.653
265.0,3.9465,0.031172069825436414,https://doi.org/10.6028/NBS.TN.653
270.0,4.0426,0.031172069825436414,https://doi.org/10.6028/NBS.TN.653
172.527,2.466,0.024359840444993872,https://doi.org/10.6028/NBS.TN.653
174.691,2.5283,0.024359840444993872,https://doi.org/10.6028/NBS.TN.653
177.203,2.5994,0.024271642003765793,https://doi.org/10.6028/NBS.TN.653
183.176,2.7666,0.0242773129481592,https://doi.org/10.6028/NBS.TN.653
190.532,2.9676,0.024375079036193775,https://doi.org/10.6028/NBS.TN.653
191.849,3.0038,0.024383659125028483,https://doi.org/10.6028/NBS.TN.653
203.084,3.3048,0.024396063256064495,https://doi.org/10.6028/NBS.TN.653
213.041,3.5672,0.02440752442973528,https://doi.org/10.6028/NBS.TN.653
217.864,3.6931,0.02349328848433237,https://doi.org/10.6028/NBS.TN.653
223.831,3.8461,0.024419952859723,https://doi.org/10.6028/NBS.TN.653
233.546,4.099,0.023510121295298593,https://doi.org/10.6028/NBS.TN.653
239.797,4.259,0.024437182365503612,https://doi.org/10.6028/NBS.TN.653
252.833,4.5897,0.023526978244791438,https://doi.org/10.6028/NBS.TN.653
203.399,4.8559,0.024538174381419614,https://doi.org/10.6028/NBS.TN.653
273.38,5.1058,0.024473635726965856,https://doi.org/10.6028/NBS.TN.653
190.429,4.472,0.009640349412536385,https://doi.org/10.6028/NBS.TN.653
190.532,4.4814,0.00963796488434481,https://doi.org/10.6028/NBS.TN.653
208.574,6.027,0.00964870456106615,https://doi.org/10.6028/NBS.TN.653
223.234,7.2346,0.00965512995785613,https://doi.org/10.6028/NBS.TN.653
234.44,8.1433,0.00965991720523603,https://doi.org/10.6028/NBS.TN.653
243.733,8.8913,0.009664559380367215,https://doi.org/10.6028/NBS.TN.653
243.773,8.8939,0.009664559380367215,https://doi.org/10.6028/NBS.TN.653
251.376,9.5018,0.00966830632118121,https://doi.org/10.6028/NBS.TN.653
262.19,10.3505,0.009672956564710606,https://doi.org/10.6028/NBS.TN.653
272.155,11.1478,0.009677611283723136,https://doi.org/10.6028/NBS.TN.653
272.185,11.1494,0.009677611283723136,https://doi.org/10.6028/NBS.TN.653
190.052,4.4989,0.008619521858573025,https://doi.org/10.6028/NBS.TN.653
190.532,4.5493,0.008617258203526403,https://doi.org/10.6028/NBS.TN.653
190.75,4.571,0.008619521858573025,https://doi.org/10.6028/NBS.TN.653
191.032,4.6145,0.008618092043360306,https://doi.org/10.6028/NBS.TN.653
193.325,4.8336,0.00862107136053886,https://doi.org/10.6028/NBS.TN.653
197.737,5.2722,0.008622502164592944,https://doi.org/10.6028/NBS.TN.653
202.753,5.7627,0.008624768575897184,https://doi.org/10.6028/NBS.TN.653
203.224,6.2909,0.008627036178960065,https://doi.org/10.6028/NBS.TN.653
212.165,6.6689,0.00862846896377679,https://doi.org/10.6028/NBS.TN.653
217.136,7.1421,0.008630738513306957,https://doi.org/10.6028/NBS.TN.653
222.926,7.6909,0.008632889714454048,https://doi.org/10.6028/NBS.TN.653
230.05,8.3614,0.008635879273447588,https://doi.org/10.6028/NBS.TN.653
237.336,9.0432,0.008638870903719538,https://doi.org/10.6028/NBS.TN.653
242.709,9.5434,0.008641145929322058,https://doi.org/10.6028/NBS.TN.653
248.444,10.0757,0.008643422153485118,https://doi.org/10.6028/NBS.TN.653
250.194,10.2376,0.008644141210275893,https://doi.org/10.6028/NBS.TN.653
253.445,10.5378,0.008645579682832413,https://doi.org/10.6028/NBS.TN.653
253.642,11.0172,0.008647858243754202,https://doi.org/10.6028/NBS.TN.653
263.05,11.4229,0.008649417951258037,https://doi.org/10.6028/NBS.TN.653
268.301,11.9049,0.00865157847530187,https://doi.org/10.6028/NBS.TN.653
273.171,12.3604,0.008653860199726941,https://doi.org/10.6028/NBS.TN.653
191.032,4.6579,0.006896170484809608,https://doi.org/10.6028/NBS.TN.653
191.551,4.7318,0.006337718781221185,https://doi.org/10.6028/NBS.TN.653
192.938,4.9282,0.006338105368922856,https://doi.org/10.6028/NBS.TN.653
195.243,5.2563,0.006338943137423392,https://doi.org/10.6028/NBS.TN.653
197.562,5.587,0.006339329874510425,https://doi.org/10.6028/NBS.TN.653
200.411,5.9977,0.006340103490270081,https://doi.org/10.6028/NBS.TN.653
202.829,6.3417,0.006340941787110743,https://doi.org/10.6028/NBS.TN.653
206.37,6.8503,0.006342167389026846,https://doi.org/10.6028/NBS.TN.653
213.503,7.8771,0.00634416807274578,https://doi.org/10.6028/NBS.TN.653
223.647,9.3389,0.006347397643135088,https://doi.org/10.6028/NBS.TN.653
236.398,11.1767,0.006351406879813442,https://doi.org/10.6028/NBS.TN.653
248.147,12.8674,0.006354643826280506,https://doi.org/10.6028/NBS.TN.653
255.163,13.8749,0.006357041291602289,https://doi.org/10.6028/NBS.TN.653
273.167,16.4504,0.006362296117039782,https://doi.org/10.6028/NBS.TN.653
191.032,4.6607,0.006102777063820668,https://doi.org/10.6028/NBS.TN.653
190.839,4.6342,0.006104509992447987,https://doi.org/10.6028/NBS.TN.653
191.04,4.6618,0.006104509992447987,https://doi.org/10.6028/NBS.TN.653
191.229,4.69,0.006104509992447987,https://doi.org/10.6028/NBS.TN.653
191.428,4.7188,0.006104509992447987,https://doi.org/10.6028/NBS.TN.653
191.82,4.7762,0.006104509992447987,https://doi.org/10.6028/NBS.TN.653
192.076,4.8131,0.006104509992447987,https://doi.org/10.6028/NBS.TN.653
193.522,5.0263,0.006105287142033273,https://doi.org/10.6028/NBS.TN.653
195.158,5.27,0.0061056458931996955,https://doi.org/10.6028/NBS.TN.653
197.926,5.6836,0.006106423332047563,https://doi.org/10.6028/NBS.TN.653
200.575,6.0814,0.006107141143653541,https://doi.org/10.6028/NBS.TN.653
204.037,6.6036,0.006108278023893872,https://doi.org/10.6028/NBS.TN.653
207.855,7.1799,0.006109355458844726,https://doi.org/10.6028/NBS.TN.653
207.855,7.1833,0.006109355458844726,https://doi.org/10.6028/NBS.TN.653
213.044,7.9691,0.006110852526991509,https://doi.org/10.6028/NBS.TN.653
233.386,11.0688,0.006116848143764134,https://doi.org/10.6028/NBS.TN.653
252.887,14.0387,0.006122434635602121,https://doi.org/10.6028/NBS.TN.653
273.016,17.0925,0.0061284530125011345,https://doi.org/10.6028/NBS.TN.653
273.058,17.0967,0.0061284530125011345,https://doi.org/10.6028/NBS.TN.653
190.532,4.5834,0.005586993193790805,https://doi.org/10.6028/NBS.TN.653
191.032,4.6643,0.005587293618224515,https://doi.org/10.6028/NBS.TN.653
191.848,4.7983,0.005589247164848786,https://doi.org/10.6028/NBS.TN.653
191.873,4.8009,0.005589247164848786,https://doi.org/10.6028/NBS.TN.653
193.248,5.0248,0.005589547831739495,https://doi.org/10.6028/NBS.TN.653
195.11,5.334,0.005589848530979976,https://doi.org/10.6028/NBS.TN.653
197.3,5.6992,0.005590600420645717,https://doi.org/10.6028/NBS.TN.653
199.216,6.0228,0.005591101792806914,https://doi.org/10.6028/NBS.TN.653
200.901,6.3092,0.005591402659271104,https://doi.org/10.6028/NBS.TN.653
203.064,6.6782,0.005592054647705362,https://doi.org/10.6028/NBS.TN.653
207.564,7.4516,0.005593308899075269,https://doi.org/10.6028/NBS.TN.653
213.197,8.4266,0.005594864952380649,https://doi.org/10.6028/NBS.TN.653
213.204,8.4282,0.005594864952380649,https://doi.org/10.6028/NBS.TN.653
213.212,8.4293,0.005594864952380649,https://doi.org/10.6028/NBS.TN.653
223.184,10.166,0.005597678083131117,https://doi.org/10.6028/NBS.TN.653
233.161,11.9122,0.0056001921985962535,https://doi.org/10.6028/NBS.TN.653
243.137,13.6601,0.005603010690387513,https://doi.org/10.6028/NBS.TN.653
253.153,15.4123,0.005605529599337595,https://doi.org/10.6028/NBS.TN.653
263.124,17.1554,0.005608353467509221,https://doi.org/10.6028/NBS.TN.653
273.092,18.8977,0.005610877183666429,https://doi.org/10.6028/NBS.TN.653
273.15,18.8927,0.005610877183666429,https://doi.org/10.6028/NBS.TN.653
191.032,4.6701,0.005298398828112862,https://doi.org/10.6028/NBS.TN.653
192.498,4.9295,0.005300245666386634,https://doi.org/10.6028/NBS.TN.653
195.84,5.5256,0.005301056880191896,https://doi.org/10.6028/NBS.TN.653
198.182,5.9511,0.005301642911277177,https://doi.org/10.6028/NBS.TN.653
203.434,6.9192,0.005303040893042264,https://doi.org/10.6028/NBS.TN.653
212.034,8.5308,0.005305297256548025,https://doi.org/10.6028/NBS.TN.653
212.035,8.531,0.005305297256548025,https://doi.org/10.6028/NBS.TN.653
222.632,10.5407,0.005308097815333443,https://doi.org/10.6028/NBS.TN.653
233.402,12.5956,0.005310629894873953,https://doi.org/10.6028/NBS.TN.653
233.403,12.5973,0.005310629894873953,https://doi.org/10.6028/NBS.TN.653
237.033,13.2922,0.005311761067638479,https://doi.org/10.6028/NBS.TN.653
237.034,13.292,0.005311761067638479,https://doi.org/10.6028/NBS.TN.653
243.378,14.5053,0.005313481373442263,https://doi.org/10.6028/NBS.TN.653
243.381,14.505,0.005313481373442263,https://doi.org/10.6028/NBS.TN.653
253.284,16.3987,0.005315701308021859,https://doi.org/10.6028/NBS.TN.653
263.449,18.3402,0.0053185582367234925,https://doi.org/10.6028/NBS.TN.653
268.3,19.2683,0.0053196927898692585,https://doi.org/10.6028/NBS.TN.653
268.3,19.2678,0.0053196927898692585,https://doi.org/10.6028/NBS.TN.653
272.694,20.105,0.005320827827163336,https://doi.org/10.6028/NBS.TN.653
272.695,20.1049,0.005320827827163336,https://doi.org/10.6028/NBS.TN.653
272.698,20.1046,0.005320827827163336,https://doi.org/10.6028/NBS.TN.653
190.032,4.5236,0.0049213488724333425,https://doi.org/10.6028/NBS.TN.653
191.032,4.7247,0.004845085653846727,https://doi.org/10.6028/NBS.TN.653
190.532,4.0239,0.004844859742376322,https://doi.org/10.6028/NBS.TN.653
190.703,4.6599,0.004846554592094963,https://doi.org/10.6028/NBS.TN.653
191.454,4.8097,0.0049230976697679,https://doi.org/10.6028/NBS.TN.653
192.397,4.9969,0.00484678066165535,https://doi.org/10.6028/NBS.TN.653
196.505,5.8521,0.004924303120008909,https://doi.org/10.6028/NBS.TN.653
203.573,7.3642,0.0048493442580912535,https://doi.org/10.6028/NBS.TN.653
209.295,8.611,0.004850778037632875,https://doi.org/10.6028/NBS.TN.653
218.622,10.6682,0.004852892521941092,https://doi.org/10.6028/NBS.TN.653
228.103,12.7755,0.004855235709458498,https://doi.org/10.6028/NBS.TN.653
238.55,15.1093,0.004857619009285493,https://doi.org/10.6028/NBS.TN.653
245.92,16.7546,0.004936429256407494,https://doi.org/10.6028/NBS.TN.653
252.972,18.3347,0.004861141493245444,https://doi.org/10.6028/NBS.TN.653
260.108,19.93,0.004862809825661266,https://doi.org/10.6028/NBS.TN.653
267.312,21.5373,0.004941554944862818,https://doi.org/10.6028/NBS.TN.653
274.151,23.0576,0.004866111946773922,https://doi.org/10.6028/NBS.TN.653
188.969,4.3866,0.004533591702119957,https://doi.org/10.6028/NBS.TN.653
189.258,4.4502,0.004533789517189496,https://doi.org/10.6028/NBS.TN.653
189.767,4.5639,0.004533789517189496,https://doi.org/10.6028/NBS.TN.653
190.032,4.024,0.004532635839243361,https://doi.org/10.6028/NBS.TN.653
190.172,4.6549,0.004533987349522401,https://doi.org/10.6028/NBS.TN.653
191.032,4.3523,0.004532833570905181,https://doi.org/10.6028/NBS.TN.653
190.447,4.7177,0.004533987349522401,https://doi.org/10.6028/NBS.TN.653
190.532,4.7379,0.004532635839243361,https://doi.org/10.6028/NBS.TN.653
190.736,4.784,0.004533987349522401,https://doi.org/10.6028/NBS.TN.653
191.075,4.8615,0.004534218175732762,https://doi.org/10.6028/NBS.TN.653
192.892,5.2817,0.004535273680636728,https://doi.org/10.6028/NBS.TN.653
195.048,5.7893,0.004535009758343298,https://doi.org/10.6028/NBS.TN.653
195.065,5.7928,0.004535009758343298,https://doi.org/10.6028/NBS.TN.653
197.1,6.2787,0.004535438647670069,https://doi.org/10.6028/NBS.TN.653
203.01,6.9812,0.004536065631861877,https://doi.org/10.6028/NBS.TN.653
203.322,7.7904,0.004536890875216334,https://doi.org/10.6028/NBS.TN.653
207.197,8.7439,0.004537683391381796,https://doi.org/10.6028/NBS.TN.653
213.323,10.2706,0.0045391370570283356,https://doi.org/10.6028/NBS.TN.653
222.792,12.6432,0.0045411869856265595,https://doi.org/10.6028/NBS.TN.653
227.846,13.9174,0.004542245737892725,https://doi.org/10.6028/NBS.TN.653
233.272,15.2884,0.004543470535784396,https://doi.org/10.6028/NBS.TN.653
238.506,16.6109,0.004544695994377662,https://doi.org/10.6028/NBS.TN.653
242.985,17.7429,0.004545756383678417,https://doi.org/10.6028/NBS.TN.653
248.766,19.2026,0.004546983075819794,https://doi.org/10.6028/NBS.TN.653
253.111,20.3005,0.004547812296724158,https://doi.org/10.6028/NBS.TN.653
258.314,21.6145,0.004549040098860462,https://doi.org/10.6028/NBS.TN.653
262.932,22.7811,0.00455006930847573,https://doi.org/10.6028/NBS.TN.653
267.819,24.0117,0.004551796770795143,https://doi.org/10.6028/NBS.TN.653
267.886,24.0266,0.004551796770795143,https://doi.org/10.6028/NBS.TN.653
273.153,25.3551,0.004552361802632569,https://doi.org/10.6028/NBS.TN.653
187.649,4.3274,0.004164466093375155,https://doi.org/10.6028/NBS.TN.653
188.927,4.6771,0.0041646330069588155,https://doi.org/10.6028/NBS.TN.653
190.532,5.1216,0.004163715147788904,https://doi.org/10.6028/NBS.TN.653
191.453,5.3786,0.004165161654922021,https://doi.org/10.6028/NBS.TN.653
194.804,6.3256,0.004165857448857227,https://doi.org/10.6028/NBS.TN.653
199.611,7.7104,0.004166887650608404,https://doi.org/10.6028/NBS.TN.653
203.054,8.7135,0.004167584021369501,https://doi.org/10.6028/NBS.TN.653
207.627,10.0574,0.004168447844430587,https://doi.org/10.6028/NBS.TN.653
212.935,11.6265,0.00416950721294727,https://doi.org/10.6028/NBS.TN.653
221.36,14.131,0.0041712368127599505,https://doi.org/10.6028/NBS.TN.653
228.637,16.3016,0.004172800265777332,https://doi.org/10.6028/NBS.TN.653
236.599,18.6801,0.004174364891253616,https://doi.org/10.6028/NBS.TN.653
245.086,21.214,0.0041766860492187035,https://doi.org/10.6028/NBS.TN.653
233.068,23.5968,0.0041778615949655045,https://doi.org/10.6028/NBS.TN.653
260.836,25.9036,0.004179430019030281,https://doi.org/10.6028/NBS.TN.653
268.824,28.2716,0.00418099962115126,https://doi.org/10.6028/NBS.TN.653
275.154,30.1472,0.004182402048185855,https://doi.org/10.6028/NBS.TN.653
183.351,3.8252,0.0037730817901202437,https://doi.org/10.6028/NBS.TN.653
185.267,4.4884,0.0037735157008063906,https://doi.org/10.6028/NBS.TN.653
189.259,5.897,0.0037746809020653867,https://doi.org/10.6028/NBS.TN.653
190.532,6.3513,0.0037733329894066086,https://doi.org/10.6028/NBS.TN.653
194.419,7.7509,0.0037752294810992335,https://doi.org/10.6028/NBS.TN.653
198.42,9.1963,0.003775938298389109,https://doi.org/10.6028/NBS.TN.653
201.044,10.1638,0.0037765101191437537,https://doi.org/10.6028/NBS.TN.653
207.77,12.6173,0.00377783741052154,https://doi.org/10.6028/NBS.TN.653
213.666,14.7882,0.0037789365643220766,https://doi.org/10.6028/NBS.TN.653
222.393,18.1824,0.0037806552731528683,https://doi.org/10.6028/NBS.TN.653
232.812,21.835,0.003782513235543361,https://doi.org/10.6028/NBS.TN.653
241.295,24.9578,0.0037840744170625756,https://doi.org/10.6028/NBS.TN.653
254.531,29.8027,0.0037865105953836537,https://doi.org/10.6028/NBS.TN.653
261.826,32.4594,0.0037879369843651814,https://doi.org/10.6028/NBS.TN.653
267.883,34.6584,0.003789088081080904,https://doi.org/10.6028/NBS.TN.653
272.981,36.4997,0.0037901016250560977,https://doi.org/10.6028/NBS.TN.653
179.14,3.3044,0.003549541086931952,https://doi.org/10.6028/NBS.TN.653
179.83,3.5849,0.0035496623461785727,https://doi.org/10.6028/NBS.TN.653
181.008,4.0651,0.003549904889528236,https://doi.org/10.6028/NBS.TN.653
164.441,5.4773,0.0035505518338671198,https://doi.org/10.6028/NBS.TN.653
190.532,8.009,0.003550450733271035,https://doi.org/10.6028/NBS.TN.653
196.384,10.4601,0.003553081221375929,https://doi.org/10.6028/NBS.TN.653
200.537,12.2244,0.003553445750048323,https://doi.org/10.6028/NBS.TN.653
208.822,15.7426,0.0035548235336541278,https://doi.org/10.6028/NBS.TN.653
217.044,19.2276,0.003556344387513847,https://doi.org/10.6028/NBS.TN.653
225.022,22.5971,0.0035577447228506173,https://doi.org/10.6028/NBS.TN.653
233.079,25.9963,0.0035592680778073075,https://doi.org/10.6028/NBS.TN.653
240.996,29.3223,0.003560650380992438,https://doi.org/10.6028/NBS.TN.653
250.735,33.3921,0.0035624204823218085,https://doi.org/10.6028/NBS.TN.653
258.646,36.6598,0.003563825607700686,https://doi.org/10.6028/NBS.TN.653
266.75,10.0092,0.00362744313373477,https://doi.org/10.6028/NBS.TN.653
274.303,13.1136,0.003628900031482881,https://doi.org/10.6028/NBS.TN.653
182.834,6.5518,0.0034313845521373324,https://doi.org/10.6028/NBS.TN.653
162.631,6.5491,0.0033719949185924882,https://doi.org/10.6028/NBS.TN.653
175.629,3.1376,0.0033707551877675125,https://doi.org/10.6028/NBS.TN.653
178.081,4.2935,0.00337121086518068,https://doi.org/10.6028/NBS.TN.653
188.292,9.1648,0.003372907067316933,https://doi.org/10.6028/NBS.TN.653
190.532,10.2101,0.0033723049937996077,https://doi.org/10.6028/NBS.TN.653
193.63,11.7303,0.0033738197096604117,https://doi.org/10.6028/NBS.TN.653
198.667,14.1558,0.00337473284602371,https://doi.org/10.6028/NBS.TN.653
203.156,16.3161,0.0033755185387191215,https://doi.org/10.6028/NBS.TN.653
208.214,18.7511,0.0033763228821329307,https://doi.org/10.6028/NBS.TN.653
212.424,20.7694,0.00337712760896785,https://doi.org/10.6028/NBS.TN.653
218.758,23.8049,0.003378152361725094,https://doi.org/10.6028/NBS.TN.653
223.742,26.1867,0.0033790678452080367,https://doi.org/10.6028/NBS.TN.653
229.135,28.7485,0.003379965500556933,https://doi.org/10.6028/NBS.TN.653
233.395,30.7683,0.003380661969854389,https://doi.org/10.6028/NBS.TN.653
237.607,32.7596,0.0033813403868634792,https://doi.org/10.6028/NBS.TN.653
243.055,35.3252,0.003382367698247775,https://doi.org/10.6028/NBS.TN.653
248.039,37.6587,0.0033831753094999816,https://doi.org/10.6028/NBS.TN.653
253.126,40.0348,0.00338409351782707,https://doi.org/10.6028/NBS.TN.653
263.283,44.7525,0.0033858027116595952,https://doi.org/10.6028/NBS.TN.653
272.927,49.184,0.0033874031986869018,https://doi.org/10.6028/NBS.TN.653
172.566,5.5009,0.0031177993644228804,https://doi.org/10.6028/NBS.TN.653
178.48,9.0082,0.0031187819674371947,https://doi.org/10.6028/NBS.TN.653
186.85,13.9761,0.003120139914062856,https://doi.org/10.6028/NBS.TN.653
190.532,16.1544,0.0031197339670569514,https://doi.org/10.6028/NBS.TN.653
196.089,19.431,0.0031215928204563785,https://doi.org/10.6028/NBS.TN.653
204.181,24.1785,0.003122968860090505,https://doi.org/10.6028/NBS.TN.653
211.525,28.4629,0.003124126923679589,https://doi.org/10.6028/NBS.TN.653
219.063,32.8253,0.0031253955188028995,https://doi.org/10.6028/NBS.TN.653
227.105,37.4341,0.0031266651446060726,https://doi.org/10.6028/NBS.TN.653
235.3,42.1001,0.0031279358023456856,https://doi.org/10.6028/NBS.TN.653
244.174,47.0891,0.003129411688127332,https://doi.org/10.6028/NBS.TN.653
253.828,52.4859,0.0031309833091036974,https://doi.org/10.6028/NBS.TN.653
259.343,55.5441,0.0031309833091036974,https://doi.org/10.6028/NBS.TN.653
267.733,60.1053,0.0031332334717516465,https://doi.org/10.6028/NBS.TN.653
274.489,63.8125,0.0031343046142141774,https://doi.org/10.6028/NBS.TN.653
172.766,11.3831,0.002938931403601191,https://doi.org/10.6028/NBS.TN.653
176.889,14.2805,0.0029395411174075255,https://doi.org/10.6028/NBS.TN.653
181.669,17.6336,0.002940317482779614,https://doi.org/10.6028/NBS.TN.653
189.783,23.2523,0.0029416077102785605,https://doi.org/10.6028/NBS.TN.653
190.532,23.7772,0.002940761304286453,https://doi.org/10.6028/NBS.TN.653
197.315,28.4387,0.0029427323797483608,https://doi.org/10.6028/NBS.TN.653
204.169,33.1269,0.0029440525328255055,https://doi.org/10.6028/NBS.TN.653
212.644,38.8576,0.002945081683548635,https://doi.org/10.6028/NBS.TN.653
228.43,49.3464,0.002947588029392263,https://doi.org/10.6028/NBS.TN.653
235.778,54.155,0.0029529072245686413,https://doi.org/10.6028/NBS.TN.653
247.36,61.652,0.002950461642800755,https://doi.org/10.6028/NBS.TN.653
252.992,65.2311,0.0029517468148378993,https://doi.org/10.6028/NBS.TN.653
168.753,16.9422,0.002781866843851553,https://doi.org/10.6028/NBS.TN.653
180.116,26.2665,0.0027835684661865214,https://doi.org/10.6028/NBS.TN.653
188.528,33.045,0.0027873019265206547,https://doi.org/10.6028/NBS.TN.653
190.532,34.644,0.002784239750751291,https://doi.org/10.6028/NBS.TN.653
196.791,39.6392,0.002786056327461559,https://doi.org/10.6028/NBS.TN.653
204.366,45.5919,0.0027872146983343457,https://doi.org/10.6028/NBS.TN.653
211.255,50.9403,0.002788224387108685,https://doi.org/10.6028/NBS.TN.653
218.293,56.3516,0.002789234807682313,https://doi.org/10.6028/NBS.TN.653
228.285,62.4075,0.002794235295870449,https://doi.org/10.6028/NBS.TN.653
234.42,68.5032,0.0027916453068578743,https://doi.org/10.6028/NBS.TN.653
114.524,0.8945,0.002385228163675044,https://doi.org/10.6028/NBS.TN.653
114.524,4.7517,0.0023650231839911656,https://doi.org/10.6028/NBS.TN.653
114.524,7.5421,0.0023516861175566085,https://doi.org/10.6028/NBS.TN.653
114.524,10.3824,0.002338656530318092,https://doi.org/10.6028/NBS.TN.653
114.524,13.3256,0.002325874650279158,https://doi.org/10.6028/NBS.TN.653
114.524,16.3436,0.002313025753645081,https://doi.org/10.6028/NBS.TN.653
114.524,19.6656,0.0023002501420818456,https://doi.org/10.6028/NBS.TN.653
114.524,23.245,0.0022866583646333418,https://doi.org/10.6028/NBS.TN.653
114.524,27.1554,0.002272753905270761,https://doi.org/10.6028/NBS.TN.653
114.524,31.2987,0.0023082642387518577,https://doi.org/10.6028/NBS.TN.653
119.42,0.8328,0.0024276178547292457,https://doi.org/10.6028/NBS.TN.653
119.42,3.0274,0.0024132125510798632,https://doi.org/10.6028/NBS.TN.653
119.42,6.2146,0.0023950143541832296,https://doi.org/10.6028/NBS.TN.653
119.42,10.4007,0.002373378342966291,https://doi.org/10.6028/NBS.TN.653
119.42,14.9093,0.0023523072379722136,https://doi.org/10.6028/NBS.TN.653
119.42,19.8372,0.002330796308167818,https://doi.org/10.6028/NBS.TN.653
119.42,25.3748,0.0023086061392430615,https://doi.org/10.6028/NBS.TN.653
119.42,31.691,0.0022874721937167584,https://doi.org/10.6028/NBS.TN.653
124.917,0.9796,0.002473875626001858,https://doi.org/10.6028/NBS.TN.653
124.917,4.496,0.002450432144000405,https://doi.org/10.6028/NBS.TN.653
124.917,8.4186,0.0024266823783673256,https://doi.org/10.6028/NBS.TN.653
124.917,12.519,0.0024035553467602997,https://doi.org/10.6028/NBS.TN.653
124.917,16.8629,0.0023820475556738095,https://doi.org/10.6028/NBS.TN.653
124.917,21.7985,0.0023591612800408983,https://doi.org/10.6028/NBS.TN.653
124.917,27.3638,0.0023352838807515837,https://doi.org/10.6028/NBS.TN.653
130.987,1.5025,0.002535097820906976,https://doi.org/10.6028/NBS.TN.653
130.987,4.6246,0.002530601014400524,https://doi.org/10.6028/NBS.TN.653
130.987,7.9344,0.0024807959846272756,https://doi.org/10.6028/NBS.TN.653
130.987,11.52,0.002459102083071927,https://doi.org/10.6028/NBS.TN.653
130.987,15.7736,0.002436974336106291,https://doi.org/10.6028/NBS.TN.653
130.987,20.0714,0.0024140909290137407,https://doi.org/10.6028/NBS.TN.653
130.987,24.9306,0.002389772256520175,https://doi.org/10.6028/NBS.TN.653
130.987,30.2874,0.0023645926203693705,https://doi.org/10.6028/NBS.TN.653
134.328,0.6891,0.0025767471512952184,https://doi.org/10.6028/NBS.TN.653
134.328,2.7123,0.002557110322955156,https://doi.org/10.6028/NBS.TN.653
134.328,5.7831,0.002529861652086883,https://doi.org/10.6028/NBS.TN.653
134.328,9.1296,0.002503489137846303,https://doi.org/10.6028/NBS.TN.653
134.328,12.7826,0.0024785571593054115,https://doi.org/10.6028/NBS.TN.653
134.328,16.6255,0.0024539236811477933,https://doi.org/10.6028/NBS.TN.653
134.328,20.9466,0.002429301637774913,https://doi.org/10.6028/NBS.TN.653
134.328,25.7678,0.0024041114614157923,https://doi.org/10.6028/NBS.TN.653
134.328,31.029,0.002377995264574371,https://doi.org/10.6028/NBS.TN.653
139.061,1.2524,0.002626741760940773,https://doi.org/10.6028/NBS.TN.653
139.061,3.8254,0.00259812715770563,https://doi.org/10.6028/NBS.TN.653
139.061,0.749,0.00256964197425058,https://doi.org/10.6028/NBS.TN.653
139.061,9.8761,0.0025422099386253555,https://doi.org/10.6028/NBS.TN.653
139.061,13.23,0.002515895401990823,https://doi.org/10.6028/NBS.TN.653
139.061,16.9001,0.0024904582574689902,https://doi.org/10.6028/NBS.TN.653
139.061,20.9662,0.0024648382443986476,https://doi.org/10.6028/NBS.TN.653
139.361,25.4969,0.0024394058657231364,https://doi.org/10.6028/NBS.TN.653
139.061,30.6,0.0024120921459722883,https://doi.org/10.6028/NBS.TN.653
145.556,1.2996,0.00271240731487212,https://doi.org/10.6028/NBS.TN.653
145.556,3.5276,0.0026800505388922323,https://doi.org/10.6028/NBS.TN.653
145.556,6.0368,0.002648940521802076,https://doi.org/10.6028/NBS.TN.653
145.556,8.7361,0.0026178957299670264,https://doi.org/10.6028/NBS.TN.653
145.556,11.7186,0.002588655336032519,https://doi.org/10.6028/NBS.TN.653
145.556,14.9131,0.002560102974305106,https://doi.org/10.6028/NBS.TN.653
145.556,18.4018,0.002532235304785206,https://doi.org/10.6028/NBS.TN.653
145.556,22.2583,0.002504172928726696,https://doi.org/10.6028/NBS.TN.653
145.556,26.5891,0.0024759978256381297,https://doi.org/10.6028/NBS.TN.653
145.556,31.4581,0.002447690264496035,https://doi.org/10.6028/NBS.TN.653
150.75,3.1021,0.0027566752146019266,https://doi.org/10.6028/NBS.TN.653
150.75,5.1885,0.0027472608380868643,https://doi.org/10.6028/NBS.TN.653
150.75,7.5115,0.0026911449189719887,https://doi.org/10.6028/NBS.TN.653
150.75,10.0392,0.0026600393241061346,https://doi.org/10.6028/NBS.TN.653
150.75,12.8071,0.0026306099137480858,https://doi.org/10.6028/NBS.TN.653
150.75,15.7454,0.0026016834140496882,https://doi.org/10.6028/NBS.TN.653
150.75,19.0,0.0025735667436211163,https://doi.org/10.6028/NBS.TN.653
150.75,22.6137,0.002544949612644414,https://doi.org/10.6028/NBS.TN.653
150.75,26.6405,0.0025165859877720265,https://doi.org/10.6028/NBS.TN.653
150.75,30.9862,0.002488033157639707,https://doi.org/10.6028/NBS.TN.653
158.238,2.2895,0.002895444860665281,https://doi.org/10.6028/NBS.TN.653
158.238,3.9627,0.0028553565134753806,https://doi.org/10.6028/NBS.TN.653
158.238,5.8951,0.002816274021930281,https://doi.org/10.6028/NBS.TN.653
158.238,8.0251,0.0027786184333480177,https://doi.org/10.6028/NBS.TN.653
158.238,10.3898,0.002742897478183348,https://doi.org/10.6028/NBS.TN.653
158.238,12.9358,0.002708600981482151,https://doi.org/10.6028/NBS.TN.653
158.238,15.7625,0.0026756222812466834,https://doi.org/10.6028/NBS.TN.653
158.238,18.908,0.002643515449201266,https://doi.org/10.6028/NBS.TN.653
158.238,22.3624,0.002611601024249028,https://doi.org/10.6028/NBS.TN.653
158.238,26.1723,0.002579487101388242,https://doi.org/10.6028/NBS.TN.653
158.238,30.4591,0.002547695197985873,https://doi.org/10.6028/NBS.TN.653
158.316,3.0556,0.0030465722059487155,https://doi.org/10.6028/NBS.TN.653
158.816,4.2201,0.003002496599942824,https://doi.org/10.6028/NBS.TN.653
158.816,5.6269,0.00295997320584894,https://doi.org/10.6028/NBS.TN.653
158.816,7.1461,0.00291914312173399,https://doi.org/10.6028/NBS.TN.653
165.816,8.7639,0.00287955713240616,https://doi.org/10.6028/NBS.TN.653
165.816,10.6276,0.0028421442609672326,https://doi.org/10.6028/NBS.TN.653
165.816,12.5484,0.002805855254255206,https://doi.org/10.6028/NBS.TN.653
165.816,14.6708,0.0027707028803296138,https://doi.org/10.6028/NBS.TN.653
165.816,16.9635,0.0027369129308078806,https://doi.org/10.6028/NBS.TN.653
165.816,19.4903,0.0027036206184380737,https://doi.org/10.6028/NBS.TN.653
165.816,25.2431,0.002638347001729695,https://doi.org/10.6028/NBS.TN.653
165.816,28.8859,0.002606981582186085,https://doi.org/10.6028/NBS.TN.653
171.02,3.0512,0.0032036082983501434,https://doi.org/10.6028/NBS.TN.653
171.02,3.962,0.0031554191079408043,https://doi.org/10.6028/NBS.TN.653
171.02,4.9881,0.00310667535309664,https://doi.org/10.6028/NBS.TN.653
171.02,6.1856,0.0030599702392190464,https://doi.org/10.6028/NBS.TN.653
171.02,7.5316,0.003015027693994177,https://doi.org/10.6028/NBS.TN.653
171.02,9.0173,0.0029715703211062225,https://doi.org/10.6028/NBS.TN.653
171.02,10.6293,0.002930490763544408,https://doi.org/10.6028/NBS.TN.653
171.02,12.408,0.002891268783460144,https://doi.org/10.6028/NBS.TN.653
171.02,14.2859,0.0028537488854398323,https://doi.org/10.6028/NBS.TN.653
171.02,16.3662,0.002817521326635998,https://doi.org/10.6028/NBS.TN.653
171.32,18.6301,0.002781730307463535,https://doi.org/10.6028/NBS.TN.653
171.02,21.0832,0.002747636178371746,https://doi.org/10.6028/NBS.TN.653
171.02,23.8168,0.0027133399044637348,https://doi.org/10.6028/NBS.TN.653
171.02,26.8002,0.0026794861285789778,https://doi.org/10.6028/NBS.TN.653
171.02,30.0808,0.0026349459923024755,https://doi.org/10.6028/NBS.TN.653
172.812,2.6918,0.0032980035364096136,https://doi.org/10.6028/NBS.TN.653
172.812,3.4176,0.0032442012400868397,https://doi.org/10.6028/NBS.TN.653
172.812,4.3111,0.0031900844620798507,https://doi.org/10.6028/NBS.TN.653
172.312,5.3641,0.0031382173476863966,https://doi.org/10.6028/NBS.TN.653
172.812,6.5532,0.003088285191723149,https://doi.org/10.6028/NBS.TN.653
172.812,7.8943,0.0030261354365797694,https://doi.org/10.6028/NBS.TN.653
172.812,9.3956,0.003024579243220025,https://doi.org/10.6028/NBS.TN.653
172.812,11.0311,0.002952417783933398,https://doi.org/10.6028/NBS.TN.653
172.812,12.3956,0.0029113457262411285,https://doi.org/10.6028/NBS.TN.653
172.812,14.8729,0.0028713874987736287,https://doi.org/10.6028/NBS.TN.653
172.312,16.9458,0.0028329746371939654,https://doi.org/10.6028/NBS.TN.653
172.812,19.3398,0.0027955132906249693,https://doi.org/10.6028/NBS.TN.653
172.812,21.9091,0.0027586024562441776,https://doi.org/10.6028/NBS.TN.653
172.812,24.7494,0.0027224990677074193,https://doi.org/10.6028/NBS.TN.653
172.312,27.9157,0.0026868420561929366,https://doi.org/10.6028/NBS.TN.653
172.812,31.3431,0.002651746006093965,https://doi.org/10.6028/NBS.TN.653
179.526,3.8288,0.003492394974672731,https://doi.org/10.6028/NBS.TN.653
179.526,4.3914,0.003428497404373753,https://doi.org/10.6028/NBS.TN.653
179.526,5.0375,0.0033668959890949196,https://doi.org/10.6028/NBS.TN.653
179.526,5.8367,0.0033087329917723817,https://doi.org/10.6028/NBS.TN.653
179.526,6.7352,0.0032526132731029115,https://doi.org/10.6028/NBS.TN.653
179.526,7.7613,0.003199563753560281,https://doi.org/10.6028/NBS.TN.653
179.526,8.9123,0.0031484395024075195,https://doi.org/10.6028/NBS.TN.653
179.526,10.2227,0.0031000019716012532,https://doi.org/10.6028/NBS.TN.653
179.526,11.6557,0.003053361199854676,https://doi.org/10.6028/NBS.TN.653
179.526,13.2223,0.0030084804973687347,https://doi.org/10.6028/NBS.TN.653
179.526,14.9605,0.0029655911357294703,https://doi.org/10.6028/NBS.TN.653
179.526,16.6544,0.002924195461131646,https://doi.org/10.6028/NBS.TN.653
179.526,18.9445,0.002883912852352575,https://doi.org/10.6028/NBS.TN.653
179.526,21.2479,0.0028446341393145204,https://doi.org/10.6028/NBS.TN.653
179.526,23.7559,0.0028062341456891026,https://doi.org/10.6028/NBS.TN.653
179.526,26.5059,0.002768697219978803,https://doi.org/10.6028/NBS.TN.653
179.526,29.5185,0.0027928583751460536,https://doi.org/10.6028/NBS.TN.653
183.221,5.3258,0.0038194512982376062,https://doi.org/10.6028/NBS.TN.653
188.221,5.7034,0.003741651141558305,https://doi.org/10.6028/NBS.TN.653
188.221,6.1386,0.003666957207020088,https://doi.org/10.6028/NBS.TN.653
188.221,6.6632,0.003595643276978379,https://doi.org/10.6028/NBS.TN.653
188.221,7.2749,0.003651664615697058,https://doi.org/10.6028/NBS.TN.653
188.221,7.9651,0.003462909208864589,https://doi.org/10.6028/NBS.TN.653
188.221,8.7679,0.003401059400073797,https://doi.org/10.6028/NBS.TN.653
183.221,8.8439,0.0033955763300839155,https://doi.org/10.6028/NBS.TN.653
188.221,9.7425,0.0033367840574437223,https://doi.org/10.6028/NBS.TN.653
188.221,10.7955,0.0032811150866997258,https://doi.org/10.6028/NBS.TN.653
188.221,11.9512,0.0032277409721343767,https://doi.org/10.6028/NBS.TN.653
133.221,13.1343,0.003176124084307544,https://doi.org/10.6028/NBS.TN.653
133.221,14.5061,0.003126743550372276,https://doi.org/10.6028/NBS.TN.653
188.221,16.1461,0.0030785557155350936,https://doi.org/10.6028/NBS.TN.653
188.221,17.8513,0.0030348561606250747,https://doi.org/10.6028/NBS.TN.653
188.221,19.7206,0.0029905855887173444,https://doi.org/10.6028/NBS.TN.653
188.221,21.7789,0.002947755270801609,https://doi.org/10.6028/NBS.TN.653
188.221,24.3259,0.002905795808496478,https://doi.org/10.6028/NBS.TN.653
138.221,26.4984,0.0028653301368627183,https://doi.org/10.6028/NBS.TN.653
188.221,29.1744,0.0028268089038510228,https://doi.org/10.6028/NBS.TN.653
273.15,1.6376,0.0831255195344971,https://doi.org/10.6028/NBS.TN.653
298.142,1.802,0.0831255195344971,https://doi.org/10.6028/NBS.TN.653
303.143,1.8347,0.0831255195344971,https://doi.org/10.6028/NBS.TN.653
323.14,1.9656,0.0831255195344971,https://doi.org/10.6028/NBS.TN.653
398.143,2.1292,0.0831255195344971,https://doi.org/10.6028/NBS.TN.653
373.15,2.2925,0.0831255195344971,https://doi.org/10.6028/NBS.TN.653
398.16,2.4557,0.0831255195344971,https://doi.org/10.6028/NBS.TN.653
273.15,2.1558,0.06234413965087283,https://doi.org/10.6028/NBS.TN.653
298.142,2.3786,0.06234413965087283,https://doi.org/10.6028/NBS.TN.653
303.143,2.4232,0.06234413965087283,https://doi.org/10.6028/NBS.TN.653
323.14,2.6006,0.06234413965087283,https://doi.org/10.6028/NBS.TN.653
348.143,2.8221,0.06234413965087283,https://doi.org/10.6028/NBS.TN.653
373.15,3.0431,0.06234413965087283,https://doi.org/10.6028/NBS.TN.653
398.16,3.2637,0.06234413965087283,https://doi.org/10.6028/NBS.TN.653
273.15,3.1539,0.04156275976724855,https://doi.org/10.6028/NBS.TN.653
298.142,3.4993,0.04156275976724855,https://doi.org/10.6028/NBS.TN.653
303.143,3.5685,0.04156275976724855,https://doi.org/10.6028/NBS.TN.653
323.14,3.8427,0.04156275976724855,https://doi.org/10.6028/NBS.TN.653
348.143,4.1852,0.04156275976724855,https://doi.org/10.6028/NBS.TN.653
373.15,4.5267,0.04156275976724855,https://doi.org/10.6028/NBS.TN.653
398.16,4.8676,0.04156275976724855,https://doi.org/10.6028/NBS.TN.653
273.15,4.1053,0.031172069825436414,https://doi.org/10.6028/NBS.TN.653
298.142,4.5804,0.031172069825436414,https://doi.org/10.6028/NBS.TN.653
303.143,4.6753,0.031172069825436414,https://doi.org/10.6028/NBS.TN.653
323.14,5.053,0.031172069825436414,https://doi.org/10.6028/NBS.TN.653
348.143,5.5222,0.031172069825436414,https://doi.org/10.6028/NBS.TN.653
373.15,5.992,0.031172069825436414,https://doi.org/10.6028/NBS.TN.653
398.16,6.4582,0.031172069825436414,https://doi.org/10.6028/NBS.TN.653
273.15,5.0139,0.024937655860349132,https://doi.org/10.6028/NBS.TN.653
298.142,5.6263,0.024937655860349132,https://doi.org/10.6028/NBS.TN.653
303.143,5.7485,0.024937655860349132,https://doi.org/10.6028/NBS.TN.653
323.14,5.2343,0.024937655860349132,https://doi.org/10.6028/NBS.TN.653
348.143,6.839,0.024937655860349132,https://doi.org/10.6028/NBS.TN.653
373.15,7.4424,0.024937655860349132,https://doi.org/10.6028/NBS.TN.653
398.16,8.0411,0.024937655860349132,https://doi.org/10.6028/NBS.TN.653
273.15,5.8842,0.020781379883624274,https://doi.org/10.6028/NBS.TN.653
298.142,6.6415,0.020781379883624274,https://doi.org/10.6028/NBS.TN.653
303.143,6.794,0.020781379883624274,https://doi.org/10.6028/NBS.TN.653
323.14,7.3926,0.020781379883624274,https://doi.org/10.6028/NBS.TN.653
348.143,8.1391,0.020781379883624274,https://doi.org/10.6028/NBS.TN.653
373.15,8.8835,0.020781379883624274,https://doi.org/10.6028/NBS.TN.653
398.16,9.6229,0.020781379883624274,https://doi.org/10.6028/NBS.TN.653
273.15,6.7222,0.017812611328820803,https://doi.org/10.6028/NBS.TN.653
298.142,7.6307,0.017812611328820803,https://doi.org/10.6028/NBS.TN.653
303.143,7.6146,0.017812611328820803,https://doi.org/10.6028/NBS.TN.653
323.14,8.5324,0.017812611328820803,https://doi.org/10.6028/NBS.TN.653
348.143,9.4279,0.017812611328820803,https://doi.org/10.6028/NBS.TN.653
373.15,10.32,0.017812611328820803,https://doi.org/10.6028/NBS.TN.653
398.16,11.207,0.017812611328820803,https://doi.org/10.6028/NBS.TN.653
273.15,7.5307,0.015586034912718207,https://doi.org/10.6028/NBS.TN.653
298.142,8.5992,0.015586034912718207,https://doi.org/10.6028/NBS.TN.653
303.143,8.8142,0.015586034912718207,https://doi.org/10.6028/NBS.TN.653
323.14,9.6585,0.015586034912718207,https://doi.org/10.6028/NBS.TN.653
348.143,10.7094,0.015586034912718207,https://doi.org/10.6028/NBS.TN.653
373.15,11.7577,0.015586034912718207,https://doi.org/10.6028/NBS.TN.653
398.16,12.7993,0.015586034912718207,https://doi.org/10.6028/NBS.TN.653
273.15,6.3156,0.013854253255749516,https://doi.org/10.6028/NBS.TN.653
298.142,9.5511,0.013854253255749516,https://doi.org/10.6028/NBS.TN.653
303.143,9.6002,0.013854253255749516,https://doi.org/10.6028/NBS.TN.653
323.14,10.7779,0.013854253255749516,https://doi.org/10.6028/NBS.TN.653
348.143,11.992,0.013854253255749516,https://doi.org/10.6028/NBS.TN.653
373.15,13.2013,0.013854253255749516,https://doi.org/10.6028/NBS.TN.653
398.16,14.4083,0.013854253255749516,https://doi.org/10.6028/NBS.TN.653
273.15,9.0802,0.012468827930174566,https://doi.org/10.6028/NBS.TN.653
298.142,10.4911,0.012468827930174566,https://doi.org/10.6028/NBS.TN.653
303.143,10.7745,0.012468827930174566,https://doi.org/10.6028/NBS.TN.653
323.14,11.8912,0.012468827930174566,https://doi.org/10.6028/NBS.TN.653
348.143,13.2781,0.012468827930174566,https://doi.org/10.6028/NBS.TN.653
373.15,14.6583,0.012468827930174566,https://doi.org/10.6028/NBS.TN.653
398.16,16.0346,0.012468827930174566,https://doi.org/10.6028/NBS.TN.653
273.15,9.8315,0.011335298118340513,https://doi.org/10.6028/NBS.TN.653
298.142,11.4261,0.011335298118340513,https://doi.org/10.6028/NBS.TN.653
303.143,11.7449,0.011335298118340513,https://doi.org/10.6028/NBS.TN.653
323.14,13.003,0.011335298118340513,https://doi.org/10.6028/NBS.TN.653
348.143,14.5746,0.011335298118340513,https://doi.org/10.6028/NBS.TN.653
373.15,16.1321,0.011335298118340513,https://doi.org/10.6028/NBS.TN.653
393.16,17.6887,0.011335298118340513,https://doi.org/10.6028/NBS.TN.653
273.15,10.566,0.010390689941812133,https://doi.org/10.6028/NBS.TN.653
298.142,12.3585,0.010390689941812133,https://doi.org/10.6028/NBS.TN.653
303.143,12.716,0.010390689941812133,https://doi.org/10.6028/NBS.TN.653
323.14,14.1261,0.010390689941812133,https://doi.org/10.6028/NBS.TN.653
343.143,15.8896,0.010390689941812133,https://doi.org/10.6028/NBS.TN.653
373.15,17.6308,0.010390689941812133,https://doi.org/10.6028/NBS.TN.653
398.16,19.3701,0.010390689941812133,https://doi.org/10.6028/NBS.TN.653
273.15,11.3057,0.009591406100134278,https://doi.org/10.6028/NBS.TN.653
298.142,13.2941,0.009591406100134278,https://doi.org/10.6028/NBS.TN.653
303.143,13.6921,0.009591406100134278,https://doi.org/10.6028/NBS.TN.653
323.14,15.2692,0.009591406100134278,https://doi.org/10.6028/NBS.TN.653
348.143,17.2195,0.009591406100134278,https://doi.org/10.6028/NBS.TN.653
373.15,19.1585,0.009591406100134278,https://doi.org/10.6028/NBS.TN.653
393.16,21.1015,0.009591406100134278,https://doi.org/10.6028/NBS.TN.653
273.15,12.0494,0.0089063056644104,https://doi.org/10.6028/NBS.TN.653
298.142,14.2411,0.0089063056644104,https://doi.org/10.6028/NBS.TN.653
303.143,14.6809,0.0089063056644104,https://doi.org/10.6028/NBS.TN.653
323.14,16.4208,0.0089063056644104,https://doi.org/10.6028/NBS.TN.653
348.143,18.5865,0.0089063056644104,https://doi.org/10.6028/NBS.TN.653
373.15,20.7347,0.0089063056644104,https://doi.org/10.6028/NBS.TN.653
398.16,22.8706,0.0089063056644104,https://doi.org/10.6028/NBS.TN.653
273.15,12.7854,0.008312551953449708,https://doi.org/10.6028/NBS.TN.653
298.142,15.204,0.008312551953449708,https://doi.org/10.6028/NBS.TN.653
303.143,15.6783,0.008312551953449708,https://doi.org/10.6028/NBS.TN.653
323.14,17.5966,0.008312551953449708,https://doi.org/10.6028/NBS.TN.653
343.143,19.9807,0.008312551953449708,https://doi.org/10.6028/NBS.TN.653
373.15,22.344,0.008312551953449708,https://doi.org/10.6028/NBS.TN.653
398.16,24.7053,0.008312551953449708,https://doi.org/10.6028/NBS.TN.653
273.15,13.541,0.0077930174563591035,https://doi.org/10.6028/NBS.TN.653
298.142,16.1873,0.0077930174563591035,https://doi.org/10.6028/NBS.TN.653
303.143,16.7135,0.0077930174563591035,https://doi.org/10.6028/NBS.TN.653
323.14,18.8142,0.0077930174563591035,https://doi.org/10.6028/NBS.TN.653
348.143,21.4218,0.0077930174563591035,https://doi.org/10.6028/NBS.TN.653
373.15,24.0078,0.0077930174563591035,https://doi.org/10.6028/NBS.TN.653
398.16,26.6023,0.0077930174563591035,https://doi.org/10.6028/NBS.TN.653
273.16,14.309,0.0077930174563591035,https://doi.org/10.6028/NBS.TN.653
293.142,17.1979,0.0073346046648085665,https://doi.org/10.6028/NBS.TN.653
303.143,17.7736,0.0073346046648085665,https://doi.org/10.6028/NBS.TN.653
323.14,20.0673,0.0073346046648085665,https://doi.org/10.6028/NBS.TN.653
348.143,22.9193,0.017812611328820803,https://doi.org/10.6028/NBS.TN.653
373.15,25.7427,0.0073346046648085665,https://doi.org/10.6028/NBS.TN.653
398.16,28.5758,0.0073346046648085665,https://doi.org/10.6028/NBS.TN.653
273.15,15.1095,0.006927126627874758,https://doi.org/10.6028/NBS.TN.653
298.142,18.247,0.006927126627874758,https://doi.org/10.6028/NBS.TN.653
303.143,18.8733,0.006927126627874758,https://doi.org/10.6028/NBS.TN.653
323.14,21.3759,0.006927126627874758,https://doi.org/10.6028/NBS.TN.653
348.143,24.4766,0.006927126627874758,https://doi.org/10.6028/NBS.TN.653
373.15,27.5434,0.006927126627874758,https://doi.org/10.6028/NBS.TN.653
398.16,30.6209,0.006927126627874758,https://doi.org/10.6028/NBS.TN.653
273.15,15.9307,0.0065625410158813464,https://doi.org/10.6028/NBS.TN.653
298.142,19.3423,0.0065625410158813464,https://doi.org/10.6028/NBS.TN.653
303.143,20.0116,0.0065625410158813464,https://doi.org/10.6028/NBS.TN.653
323.14,22.7366,0.0065625410158813464,https://doi.org/10.6028/NBS.TN.653
348.143,26.1024,0.0065625410158813464,https://doi.org/10.6028/NBS.TN.653
373.15,29.4478,0.0065625410158813464,https://doi.org/10.6028/NBS.TN.653
398.16,32.7865,0.0065625410158813464,https://doi.org/10.6028/NBS.TN.653
273.15,16.7979,0.006234413965087283,https://doi.org/10.6028/NBS.TN.653
298.142,20.4825,0.006234413965087283,https://doi.org/10.6028/NBS.TN.653
303.143,21.21,0.006234413965087283,https://doi.org/10.6028/NBS.TN.653
323.14,24.1534,0.006234413965087283,https://doi.org/10.6028/NBS.TN.653
348.143,27.8048,0.006234413965087283,https://doi.org/10.6028/NBS.TN.653
373.15,31.425,0.006234413965087283,https://doi.org/10.6028/NBS.TN.653
398.16,35.0494,0.006234413965087283,https://doi.org/10.6028/NBS.TN.653
273.15,17.7002,0.005937537109606934,https://doi.org/10.6028/NBS.TN.653
298.142,21.6938,0.005937537109606934,https://doi.org/10.6028/NBS.TN.653
303.143,22.4805,0.005937537109606934,https://doi.org/10.6028/NBS.TN.653
323.14,25.6572,0.005937537109606934,https://doi.org/10.6028/NBS.TN.653
348.143,29.6014,0.005937537109606934,https://doi.org/10.6028/NBS.TN.653
373.15,33.5101,0.005937537109606934,https://doi.org/10.6028/NBS.TN.653
398.16,37.4301,0.005937537109606934,https://doi.org/10.6028/NBS.TN.653
273.15,18.678,0.005667649059170257,https://doi.org/10.6028/NBS.TN.653
298.142,22.9688,0.005667649059170257,https://doi.org/10.6028/NBS.TN.653
303.143,23.8292,0.005667649059170257,https://doi.org/10.6028/NBS.TN.653
323.14,27.2539,0.005667649059170257,https://doi.org/10.6028/NBS.TN.653
348.143,31.5031,0.005667649059170257,https://doi.org/10.6028/NBS.TN.653
373.15,35.7297,0.005667649059170257,https://doi.org/10.6028/NBS.TN.653
398.16,39.9523,0.005667649059170257,https://doi.org/10.6028/NBS.TN.653
273.15,19.7051,0.005421229534858504,https://doi.org/10.6028/NBS.TN.653
298.142,24.3451,0.005421229534858504,https://doi.org/10.6028/NBS.TN.653
303.143,25.2507,0.005421229534858504,https://doi.org/10.6028/NBS.TN.653
323.14,28.9542,0.005421229534858504,https://doi.org/10.6028/NBS.TN.653
348.143,33.5104,0.005421229534858504,https://doi.org/10.6028/NBS.TN.653
373.15,38.0866,0.005421229534858504,https://doi.org/10.6028/NBS.TN.653
273.15,20.8211,0.005195344970906067,https://doi.org/10.6028/NBS.TN.653
298.142,25.795,0.005195344970906067,https://doi.org/10.6028/NBS.TN.653
303.143,26.7883,0.005195344970906067,https://doi.org/10.6028/NBS.TN.653
323.14,30.7555,0.005195344970906067,https://doi.org/10.6028/NBS.TN.653
343.143,35.6651,0.005195344970906067,https://doi.org/10.6028/NBS.TN.653
373.15,40.5932,0.005195344970906067,https://doi.org/10.6028/NBS.TN.653
273.15,22.0275,0.004987531172069826,https://doi.org/10.6028/NBS.TN.653
293.142,27.3788,0.004987531172069826,https://doi.org/10.6028/NBS.TN.653
303.143,28.4252,0.004987531172069826,https://doi.org/10.6028/NBS.TN.653
323.14,32.6974,0.004987531172069826,https://doi.org/10.6028/NBS.TN.653
348.143,37.9993,0.004987531172069826,https://doi.org/10.6028/NBS.TN.653
203.084,0.1013,1.0321877425641195,https://doi.org/10.6028/NBS.TN.653
223.249,0.1013,1.1355945291597962,https://doi.org/10.6028/NBS.TN.653
248.175,0.1013,1.2645870111738908,https://doi.org/10.6028/NBS.TN.653
273.15,0.1013,1.3947234821224346,https://doi.org/10.6028/NBS.TN.653
298.142,0.1013,1.524306592930876,https://doi.org/10.6028/NBS.TN.653
323.14,0.1013,1.6493158637797045,https://doi.org/10.6028/NBS.TN.653
373.15,0.1013,1.9065486131765386,https://doi.org/10.6028/NBS.TN.653
423.17,0.1013,2.164727071210862,https://doi.org/10.6028/NBS.TN.653
473.193,0.1013,2.4164395213516596,https://doi.org/10.6028/NBS.TN.653
203.084,2.0265,0.04511806314290985,https://doi.org/10.6028/NBS.TN.653
223.249,2.0265,0.051592303583972876,https://doi.org/10.6028/NBS.TN.653
298.142,2.0265,0.07352770332689329,https://doi.org/10.6028/NBS.TN.653
203.084,3.0397,0.027463168869597293,https://doi.org/10.6028/NBS.TN.653
223.249,3.0397,0.03248613394344892,https://doi.org/10.6028/NBS.TN.653
248.175,3.0397,0.03802399344405515,https://doi.org/10.6028/NBS.TN.653
273.15,3.0397,0.04322849788578063,https://doi.org/10.6028/NBS.TN.653
323.14,3.0397,0.05302725155300912,https://doi.org/10.6028/NBS.TN.653
373.15,3.0397,0.06231921196608639,https://doi.org/10.6028/NBS.TN.653
423.17,3.0397,0.0714218577739407,https://doi.org/10.6028/NBS.TN.653
273.193,3.0397,0.08044405116241654,https://doi.org/10.6028/NBS.TN.653
203.084,4.053,0.018275771597594116,https://doi.org/10.6028/NBS.TN.653
223.249,4.053,0.022816622621458355,https://doi.org/10.6028/NBS.TN.653
248.175,4.053,0.02743778701297105,https://doi.org/10.6028/NBS.TN.653
273.15,4.053,0.03159224670663465,https://doi.org/10.6028/NBS.TN.653
298.142,4.053,0.03554195293932662,https://doi.org/10.6028/NBS.TN.653
323.14,4.053,0.03932639856864494,https://doi.org/10.6028/NBS.TN.653
203.084,5.0662,0.012337312182311122,https://doi.org/10.6028/NBS.TN.653
223.249,5.0662,0.016920651282636128,https://doi.org/10.6028/NBS.TN.653
273.15,5.0662,0.024627351234790762,https://doi.org/10.6028/NBS.TN.653
373.15,5.0662,0.037437182279993285,https://doi.org/10.6028/NBS.TN.653
423.17,5.0662,0.04271024159133577,https://doi.org/10.6028/NBS.TN.653
473.193,5.0662,0.04825771317506992,https://doi.org/10.6028/NBS.TN.653
203.084,6.0795,0.00782058501854949,https://doi.org/10.6028/NBS.TN.653
223.249,6.0795,0.012897275419614147,https://doi.org/10.6028/NBS.TN.653
248.175,6.0795,0.016828390868592006,https://doi.org/10.6028/NBS.TN.653
273.15,6.0795,0.020007104923100295,https://doi.org/10.6028/NBS.TN.653
298.142,6.0795,0.022934130242375225,https://doi.org/10.6028/NBS.TN.653
323.14,6.0795,0.02560334277243237,https://doi.org/10.6028/NBS.TN.653
423.17,6.0795,0.03556019829504496,https://doi.org/10.6028/NBS.TN.653
473.193,6.0795,0.04020905491833139,https://doi.org/10.6028/NBS.TN.653
203.084,6.5861,0.006245280753598542,https://doi.org/10.6028/NBS.TN.653
203.084,7.0927,0.005243585961754203,https://doi.org/10.6028/NBS.TN.653
223.249,7.0927,0.010078263765094218,https://doi.org/10.6028/NBS.TN.653
203.084,8.106,0.004453948180094502,https://doi.org/10.6028/NBS.TN.653
223.249,8.106,0.008022666278583555,https://doi.org/10.6028/NBS.TN.653
248.175,8.106,0.01158963799209429,https://doi.org/10.6028/NBS.TN.653
273.15,8.106,0.014287317730972774,https://doi.org/10.6028/NBS.TN.653
298.142,8.106,0.01667446030941529,https://doi.org/10.6028/NBS.TN.653
323.14,8.106,0.018829967577055427,https://doi.org/10.6028/NBS.TN.653
223.249,9.1192,0.006607751950277988,https://doi.org/10.6028/NBS.TN.653
203.084,10.1325,0.003914466342525885,https://doi.org/10.6028/NBS.TN.653
223.249,10.1325,0.0056988372411628,https://doi.org/10.6028/NBS.TN.653
423.17,30.3975,0.007543606951524327,https://doi.org/10.6028/NBS.TN.653
473.193,30.3975,0.008614757651877575,https://doi.org/10.6028/NBS.TN.653
203.084,40.53,0.0028525606666913467,https://doi.org/10.6028/NBS.TN.653
223.249,40.53,0.0030494631584780493,https://doi.org/10.6028/NBS.TN.653
248.175,40.53,0.0033321115146831234,https://doi.org/10.6028/NBS.TN.653
273.15,40.53,0.0036482029171322388,https://doi.org/10.6028/NBS.TN.653
296.142,40.53,0.004007516947628865,https://doi.org/10.6028/NBS.TN.653
323.14,40.53,0.004394021852419775,https://doi.org/10.6028/NBS.TN.653
373.15,40.53,0.005202889160188342,https://doi.org/10.6028/NBS.TN.653
423.17,40.53,0.006018064544705132,https://doi.org/10.6028/NBS.TN.653
473.193,40.53,0.00682595086724252,https://doi.org/10.6028/NBS.TN.653
203.084,50.6625,0.0027509945835777682,https://doi.org/10.6028/NBS.TN.653
223.249,50.6625,0.0029088056049751936,https://doi.org/10.6028/NBS.TN.653
248.175,50.6625,0.0031285008706868145,https://doi.org/10.6028/NBS.TN.653
273.15,50.6625,0.003369680277321989,https://doi.org/10.6028/NBS.TN.653
298.142,50.6625,0.0036423415798132112,https://doi.org/10.6028/NBS.TN.653
323.14,50.6625,0.003983116620189801,https://doi.org/10.6028/NBS.TN.653
373.15,50.6625,0.004538145820354988,https://doi.org/10.6028/NBS.TN.653
423.17,50.6625,0.0051696689484620395,https://doi.org/10.6028/NBS.TN.653
473.193,50.6625,0.005800048344562962,https://doi.org/10.6028/NBS.TN.653
203.084,60.795,0.0026688872947684354,https://doi.org/10.6028/NBS.TN.653
223.249,60.795,0.002804580404818517,https://doi.org/10.6028/NBS.TN.653
248.175,60.795,0.002988363682377912,https://doi.org/10.6028/NBS.TN.653
273.15,60.795,0.0031851461499214652,https://doi.org/10.6028/NBS.TN.653
298.142,60.795,0.0034058716327799005,https://doi.org/10.6028/NBS.TN.653
323.14,60.795,0.0036368172466602184,https://doi.org/10.6028/NBS.TN.653
373.15,60.795,0.004119148716295312,https://doi.org/10.6028/NBS.TN.653
423.17,60.795,0.004631705062359146,https://doi.org/10.6028/NBS.TN.653
473.193,60.795,0.005141911936037407,https://doi.org/10.6028/NBS.TN.653
203.084,70.9275,0.002602074327857656,https://doi.org/10.6028/NBS.TN.653
223.249,70.9275,0.002720562563585667,https://doi.org/10.6028/NBS.TN.653
248.175,70.9275,0.002880887759621858,https://doi.org/10.6028/NBS.TN.653
203.084,81.06,0.002549528881736247,https://doi.org/10.6028/NBS.TN.653
223.249,81.06,0.002656695401625817,https://doi.org/10.6028/NBS.TN.653
248.175,81.06,0.0027960900237644147,https://doi.org/10.6028/NBS.TN.653
273.15,81.06,0.002943857909540356,https://doi.org/10.6028/NBS.TN.653
298.142,81.06,0.003101914543842494,https://doi.org/10.6028/NBS.TN.653
323.14,81.06,0.0032726754287882237,https://doi.org/10.6028/NBS.TN.653
373.15,81.06,0.003614739763606428,https://doi.org/10.6028/NBS.TN.653
423.17,81.06,0.003977881261740019,https://doi.org/10.6028/NBS.TN.653
473.193,81.06,0.004347478061886628,https://doi.org/10.6028/NBS.TN.653
203.084,91.1925,0.002502142759995374,https://doi.org/10.6028/NBS.TN.653
223.249,91.1925,0.0026015857039493892,https://doi.org/10.6028/NBS.TN.653
248.175,91.1925,0.002727203277801615,https://doi.org/10.6028/NBS.TN.653
203.084,101.325,0.002461315601149358,https://doi.org/10.6028/NBS.TN.653
223.249,101.325,0.0025492786785387724,https://doi.org/10.6028/NBS.TN.653
246.175,101.325,0.0026640062408501996,https://doi.org/10.6028/NBS.TN.653
273.15,101.325,0.0027880747574291274,https://doi.org/10.6028/NBS.TN.653
298.142,101.325,0.0029124337645575937,https://doi.org/10.6028/NBS.TN.653
323.14,101.325,0.0030452775273476875,https://doi.org/10.6028/NBS.TN.653
373.15,101.325,0.0033473902747895388,https://doi.org/10.6028/NBS.TN.653
423.17,101.325,0.0035962032781809475,https://doi.org/10.6028/NBS.TN.653
473.193,101.325,0.003883934490267307,https://doi.org/10.6028/NBS.TN.653
111.23,28.7,0.002233788361383635,https://doi.org/10.6028/NBS.TN.653
111.23,40.2,0.0022026151102955984,https://doi.org/10.6028/NBS.TN.653
111.23,51.9,0.0021701977781098444,https://doi.org/10.6028/NBS.TN.653
111.23,72.6,0.00212343799900793,https://doi.org/10.6028/NBS.TN.653
121.19,21.8,0.002332915713425636,https://doi.org/10.6028/NBS.TN.653
121.19,33.5,0.002286784176638965,https://doi.org/10.6028/NBS.TN.653
121.19,74.6,0.0021739436866323137,https://doi.org/10.6028/NBS.TN.653
121.19,94.2,0.002134042796145449,https://doi.org/10.6028/NBS.TN.653
121.19,114.4,0.0020991292811741646,https://doi.org/10.6028/NBS.TN.653
131.79,46.5,0.0022961328402121696,https://doi.org/10.6028/NBS.TN.653
131.79,60.7,0.0022506259620975813,https://doi.org/10.6028/NBS.TN.653
131.79,74.6,0.002212589688429314,https://doi.org/10.6028/NBS.TN.653
131.79,89.2,0.002179552569417419,https://doi.org/10.6028/NBS.TN.653
131.79,104.8,0.002147132513117257,https://doi.org/10.6028/NBS.TN.653
143.82,48.3,0.0023603492074339154,https://doi.org/10.6028/NBS.TN.653
143.82,70.5,0.002284287303183747,https://doi.org/10.6028/NBS.TN.653
143.32,96.8,0.0022157115164167396,https://doi.org/10.6028/NBS.TN.653
156.96,49.5,0.002442023981906278,https://doi.org/10.6028/NBS.TN.653
156.96,61.7,0.002383413539171279,https://doi.org/10.6028/NBS.TN.653
156.96,76.9,0.0023310490389220014,https://doi.org/10.6028/NBS.TN.653
156.96,95.1,0.0022777110286968396,https://doi.org/10.6028/NBS.TN.653
167.61,41.5004,0.002548653385341627,https://doi.org/10.6028/NBS.TN.653
167.61,55.0,0.0024675796309908357,https://doi.org/10.6028/NBS.TN.653
167.61,75.1,0.002385282918884065,https://doi.org/10.6028/NBS.TN.653
167.61,93.6,0.0023229454680932108,https://doi.org/10.6028/NBS.TN.653
179.29,48.8,0.0025804266341150316,https://doi.org/10.6028/NBS.TN.653
179.29,75.6,0.0024401505971151003,https://doi.org/10.6028/NBS.TN.653
179.29,100.3,0.0023516240235551436,https://doi.org/10.6028/NBS.TN.653
192.87,33.4,0.0028260656946779176,https://doi.org/10.6028/NBS.TN.653
192.87,52.9,0.0026456356551851565,https://doi.org/10.6028/NBS.TN.653
192.87,71.4,0.00252992324911121,https://doi.org/10.6028/NBS.TN.653
192.87,97.9,0.0024164582535861788,https://doi.org/10.6028/NBS.TN.653
212.0,40.1,0.0029351678711734604,https://doi.org/10.6028/NBS.TN.653
212.0,58.6,0.0027375258366319644,https://doi.org/10.6028/NBS.TN.653
212.0,74.6,0.002625934101217382,https://doi.org/10.6028/NBS.TN.653
212.0,95.03,0.0025193317647839403,https://doi.org/10.6028/NBS.TN.653
225.07,42.8,0.0029958596859636787,https://doi.org/10.6028/NBS.TN.653
225.07,62.5,0.002801744554436827,https://doi.org/10.6028/NBS.TN.653
225.07,82.3,0.0026552357845659354,https://doi.org/10.6028/NBS.TN.653
225.07,108.7,0.002521818292723161,https://doi.org/10.6028/NBS.TN.653
237.57,30.2,0.003474430560635362,https://doi.org/10.6028/NBS.TN.653
237.57,60.6,0.00290461799172899,https://doi.org/10.6028/NBS.TN.653
237.57,94.2,0.002644019951859165,https://doi.org/10.6028/NBS.TN.653
249.43,41.1,0.003314837600271846,https://doi.org/10.6028/NBS.TN.653
249.43,58.1,0.0030261795030906737,https://doi.org/10.6028/NBS.TN.653
249.43,74.4,0.002852247455193442,https://doi.org/10.6028/NBS.TN.653
249.43,94.2,0.0027076010896946324,https://doi.org/10.6028/NBS.TN.653
261.55,40.7,0.003480054907471116,https://doi.org/10.6028/NBS.TN.653
261.55,53.3,0.003202620881451964,https://doi.org/10.6028/NBS.TN.653
261.55,68.0,0.003004363104344458,https://doi.org/10.6028/NBS.TN.653
261.55,82.6,0.0028647113262481303,https://doi.org/10.6028/NBS.TN.653
261.55,100.1,0.002739402312601241,https://doi.org/10.6028/NBS.TN.653
278.71,34.8,0.003951984713596659,https://doi.org/10.6028/NBS.TN.653
278.71,50.0,0.003430176264958448,https://doi.org/10.6028/NBS.TN.653
278.71,62.4,0.003194514226832999,https://doi.org/10.6028/NBS.TN.653
278.71,77.4,0.0030087273190551062,https://doi.org/10.6028/NBS.TN.653
278.71,95.9,0.002817584994254601,https://doi.org/10.6028/NBS.TN.653
293.41,46.5,0.003711778168458099,https://doi.org/10.6028/NBS.TN.653
293.41,64.0,0.0033079780783203745,https://doi.org/10.6028/NBS.TN.653
293.41,94.7,0.002939527257466098,https://doi.org/10.6028/NBS.TN.653
303.29,36.9,0.004383425063516267,https://doi.org/10.6028/NBS.TN.653
303.29,51.6,0.0037400350133101816,https://doi.org/10.6028/NBS.TN.653
309.29,66.7,0.003204201040801397,https://doi.org/10.6028/NBS.TN.653
309.29,84.7,0.00312842237676434,https://doi.org/10.6028/NBS.TN.653
303.29,105.8,0.0029307938403294828,https://doi.org/10.6028/NBS.TN.653
176.0,2.7962,0.020813293600478337,https://doi.org/10.6028/NBS.TN.653
180.0,2.9335,0.02082580827461011,https://doi.org/10.6028/NBS.TN.653
184.0,3.0683,0.02083833800751147,https://doi.org/10.6028/NBS.TN.653
188.0,3.2008,0.02085018549576028,https://doi.org/10.6028/NBS.TN.653
192.0,3.3316,0.020862744587515584,https://doi.org/10.6028/NBS.TN.653
196.0,3.461,0.020875318818306655,https://doi.org/10.6028/NBS.TN.653
200.0,3.589,0.0208886080717258,https://doi.org/10.6028/NBS.TN.653
204.0,3.7158,0.020899111545329627,https://doi.org/10.6028/NBS.TN.653
208.0,3.8417,0.02091172966520404,https://doi.org/10.6028/NBS.TN.653
212.0,3.9665,0.02092366077690724,https://doi.org/10.6028/NBS.TN.653
216.0,4.0907,0.020935605510887814,https://doi.org/10.6028/NBS.TN.653
220.0,4.2142,0.020948267750032865,https://doi.org/10.6028/NBS.TN.653
225.0,4.3673,0.020963764635957102,https://doi.org/10.6028/NBS.TN.653
230.3,4.5196,0.02097928446709723,https://doi.org/10.6028/NBS.TN.653
240.3,4.6219,0.021008977135930182,https://doi.org/10.6028/NBS.TN.653
250.0,5.1203,0.021040884121118063,https://doi.org/10.6028/NBS.TN.653
260.0,5.416,0.0210728881699756,https://doi.org/10.6028/NBS.TN.653
270.0,5.7089,0.021104989726090997,https://doi.org/10.6028/NBS.TN.653
280.0,5.9996,0.02113718923575956,https://doi.org/10.6028/NBS.TN.653
290.0,6.2872,0.021169487148004356,https://doi.org/10.6028/NBS.TN.653
300.0,6.5748,0.021204047224975455,https://doi.org/10.6028/NBS.TN.653
184.0,3.5156,0.015671444284066367,https://doi.org/10.6028/NBS.TN.653
188.0,3.7096,0.015681693241491306,https://doi.org/10.6028/NBS.TN.653
192.0,3.8989,0.015691955613106677,https://doi.org/10.6028/NBS.TN.653
196.0,4.09,0.015701835952870623,https://doi.org/10.6028/NBS.TN.653
200.0,4.275,0.015710540949744934,https://doi.org/10.6028/NBS.TN.653
204.0,4.4556,0.015722030476338536,https://doi.org/10.6028/NBS.TN.653
208.0,4.6349,0.01573194873725626,https://doi.org/10.6028/NBS.TN.653
212.0,4.8124,0.01574187951996587,https://doi.org/10.6028/NBS.TN.653
216.0,4.9885,0.015751822848195464,https://doi.org/10.6028/NBS.TN.653
220.0,5.1632,0.01576177874573313,https://doi.org/10.6028/NBS.TN.653
225.0,5.38,0.015774540673769752,https://doi.org/10.6028/NBS.TN.653
230.0,5.5949,0.015787323284596814,https://doi.org/10.6028/NBS.TN.653
240.0,6.0204,0.01581254968698425,https://doi.org/10.6028/NBS.TN.653
250.0,6.4407,0.015838259190324118,https://doi.org/10.6028/NBS.TN.653
260.0,6.8568,0.0158636487661254,https://doi.org/10.6028/NBS.TN.653
270.0,7.2682,0.015889929820535956,https://doi.org/10.6028/NBS.TN.653
280.0,7.6756,0.01591629809825704,https://doi.org/10.6028/NBS.TN.653
290.0,8.0805,0.015943161735595544,https://doi.org/10.6028/NBS.TN.653
300.0,8.4819,0.01597093443254248,https://doi.org/10.6028/NBS.TN.653
138.0,4.0276,0.01264484416089421,https://doi.org/10.6028/NBS.TN.653
192.0,4.277,0.0126538268791477,https://doi.org/10.6028/NBS.TN.653
196.0,4.5221,0.012662307996358929,https://doi.org/10.6028/NBS.TN.653
200.0,4.7641,0.012671058016111705,https://doi.org/10.6028/NBS.TN.653
204.3,5.0036,0.012679562254850169,https://doi.org/10.6028/NBS.TN.653
208.0,5.2409,0.012688336145491566,https://doi.org/10.6028/NBS.TN.653
212.0,5.4744,0.012696863600438436,https://doi.org/10.6028/NBS.TN.653
216.0,5.7052,0.012705402525193667,https://doi.org/10.6028/NBS.TN.653
220.0,5.933,0.012714212226139048,https://doi.org/10.6028/NBS.TN.653
225.0,6.2178,0.012724851951437483,https://doi.org/10.6028/NBS.TN.653
230.3,6.4995,0.012735769662296292,https://doi.org/10.6028/NBS.TN.653
240.0,7.0563,0.012757661383906198,https://doi.org/10.6028/NBS.TN.653
250.0,7.606,0.012779628495177275,https://doi.org/10.6028/NBS.TN.653
260.0,8.1491,0.012801934259609602,https://doi.org/10.6028/NBS.TN.653
270.0,8.6867,0.01282431802585116,https://doi.org/10.6028/NBS.TN.653
260.0,9.219,0.012847309673145426,https://doi.org/10.6028/NBS.TN.653
290.0,9.7469,0.012870383908107514,https://doi.org/10.6028/NBS.TN.653
300.0,10.2699,0.012893541176529442,https://doi.org/10.6028/NBS.TN.653
192.0,4.5371,0.01048188231797855,https://doi.org/10.6028/NBS.TN.653
196.0,4.8493,0.010489465744237033,https://doi.org/10.6028/NBS.TN.653
200.0,5.1565,0.010497060151345773,https://doi.org/10.6028/NBS.TN.653
204.0,5.458,0.01050448856796509,https://doi.org/10.6028/NBS.TN.653
208.0,5.7577,0.010512104751694203,https://doi.org/10.6028/NBS.TN.653
212.0,6.3538,0.010519731987525786,https://doi.org/10.6028/NBS.TN.653
216.0,6.3471,0.010527192538393303,https://doi.org/10.6028/NBS.TN.653
220.0,6.6376,0.010534841692301795,https://doi.org/10.6028/NBS.TN.653
225.0,0.9966,0.010543928367418617,https://doi.org/10.6028/NBS.TN.653
230.0,7.3565,0.010553923965816772,https://doi.org/10.6028/NBS.TN.653
240.0,8.0641,0.010944288536974075,https://doi.org/10.6028/NBS.TN.653
253.0,8.7631,0.010592476621450774,https://doi.org/10.6028/NBS.TN.653
260.0,9.4542,0.010611949080132906,https://doi.org/10.6028/NBS.TN.653
270.0,10.1384,0.01063167456529209,https://doi.org/10.6028/NBS.TN.653
260.0,10.8156,0.010651473518455655,https://doi.org/10.6028/NBS.TN.653
290.0,11.4673,0.010671346350839203,https://doi.org/10.6028/NBS.TN.653
300.0,12.1534,0.010691476823102071,https://doi.org/10.6028/NBS.TN.653
192.0,4.6845,0.008929522422709446,https://doi.org/10.6028/NBS.TN.653
196.0,5.0661,0.008936306120672663,https://doi.org/10.6028/NBS.TN.653
200.0,5.4406,0.008943100133531216,https://doi.org/10.6028/NBS.TN.653
204.0,5.811,0.008949904484829354,https://doi.org/10.6028/NBS.TN.653
208.0,6.1774,0.008956590522630311,https://doi.org/10.6028/NBS.TN.653
212.0,6.541,0.008963286557526104,https://doi.org/10.6028/NBS.TN.653
216.0,6.9013,0.0089701216728832,https://doi.org/10.6028/NBS.TN.653
223.0,7.2591,0.008976837962688666,https://doi.org/10.6028/NBS.TN.653
225.0,7.7032,0.008985376981850687,https://doi.org/10.6028/NBS.TN.653
230.0,8.1437,0.008994062012330712,https://doi.org/10.6028/NBS.TN.653
240.0,9.3158,0.009011091788927358,https://doi.org/10.6028/NBS.TN.653
250.0,9.8789,0.009028447663515387,https://doi.org/10.6028/NBS.TN.653
260.0,10.7322,0.009045870523922344,https://doi.org/10.6028/NBS.TN.653
270.0,11.5791,0.009337707763063953,https://doi.org/10.6028/NBS.TN.653
280.0,12.4174,0.009081051032128648,https://doi.org/10.6028/NBS.TN.653
290.0,13.2489,0.009372098983910768,https://doi.org/10.6028/NBS.TN.653
300.0,14.0737,0.009118773077106996,https://doi.org/10.6028/NBS.TN.653
192.0,4.7528,0.007814507351575937,https://doi.org/10.6028/NBS.TN.653
196.0,5.2011,0.007819800272291703,https://doi.org/10.6028/NBS.TN.653
230.0,5.6416,0.007825886178307994,https://doi.org/10.6028/NBS.TN.653
204.0,6.0781,0.007832079955135336,https://doi.org/10.6028/NBS.TN.653
208.0,6.512,0.00783818499740666,https://doi.org/10.6028/NBS.TN.653
212.0,6.9442,0.007844398264994813,https://doi.org/10.6028/NBS.TN.653
218.0,7.373,0.007850621390814203,https://doi.org/10.6028/NBS.TN.653
223.0,7.7995,0.007856854398345662,https://doi.org/10.6028/NBS.TN.653
225.0,8.3292,0.007864684392889301,https://doi.org/10.6028/NBS.TN.653
230.0,8.8565,0.007872530009454589,https://doi.org/10.6028/NBS.TN.653
240.0,9.9012,0.007888268296033703,https://doi.org/10.6028/NBS.TN.653
250.0,10.938,0.007924162343138037,https://doi.org/10.6028/NBS.TN.653
260.0,11.961,0.00791993440520247,https://doi.org/10.6028/NBS.TN.653
270.0,12.9779,0.007935761974882296,https://doi.org/10.6028/NBS.TN.653
280.0,13.9858,0.007951551514683094,https://doi.org/10.6028/NBS.TN.653
290.0,14.9653,0.007967200374547649,https://doi.org/10.6028/NBS.TN.653
300.0,15.9769,0.007982604308690498,https://doi.org/10.6028/NBS.TN.653
192.0,4.7891,0.0068592958137168895,https://doi.org/10.6028/NBS.TN.653
196.0,5.3082,0.006864809413531915,https://doi.org/10.6028/NBS.TN.653
200.0,5.8237,0.0068704075962744025,https://doi.org/10.6028/NBS.TN.653
204.0,6.3364,0.006874498522519029,https://doi.org/10.6028/NBS.TN.653
208.0,6.6502,0.00688163139807636,https://doi.org/10.6028/NBS.TN.653
212.0,7.3615,0.00688733314746717,https://doi.org/10.6028/NBS.TN.653
216.0,7.8711,0.006893044353018168,https://doi.org/10.6028/NBS.TN.653
220.0,8.36,0.006898841378224041,https://doi.org/10.6028/NBS.TN.653
225.0,9.0129,0.006906024885170069,https://doi.org/10.6028/NBS.TN.653
230.0,9.6439,0.006914833590380742,https://doi.org/10.6028/NBS.TN.653
240.0,10.697,0.006927896394140767,https://doi.org/10.6028/NBS.TN.653
250.0,12.1398,0.0069424772163865466,https://doi.org/10.6028/NBS.TN.653
260.0,13.3727,0.0089556898972725,https://doi.org/10.6028/NBS.TN.653
270.0,14.597,0.0069713560087748695,https://doi.org/10.6028/NBS.TN.653
260.0,15.8114,0.006985416043975038,https://doi.org/10.6028/NBS.TN.653
290.0,17.017,0.006999297158576522,https://doi.org/10.6028/NBS.TN.653
300.0,18.2149,0.007012839105834957,https://doi.org/10.6028/NBS.TN.653
192.0,4.8104,0.006089484240171204,https://doi.org/10.6028/NBS.TN.653
196.0,5.402,0.006094484598701104,https://doi.org/10.6028/NBS.TN.653
200.0,5.9983,0.006099612528213754,https://doi.org/10.6028/NBS.TN.653
204.0,6.5977,0.006104808872719445,https://doi.org/10.6028/NBS.TN.653
208.0,7.199,0.0061100739600012536,https://doi.org/10.6028/NBS.TN.653
212.0,7.8012,0.006115348136862563,https://doi.org/10.6028/NBS.TN.653
216.0,8.4035,0.006132733247838125,https://doi.org/10.6028/NBS.TN.653
220.0,9.006,0.006126044242438541,https://doi.org/10.6028/NBS.TN.653
225.0,9.7568,0.0061327935755405745,https://doi.org/10.6028/NBS.TN.653
230.0,10.5066,0.0061395577971217466,https://doi.org/10.6028/NBS.TN.653
240.0,11.9985,0.006153191832893094,https://doi.org/10.6028/NBS.TN.653
250.0,13.4809,0.00616658156784103,https://doi.org/10.6028/NBS.TN.653
260.0,14.9544,0.006179907183726808,https://doi.org/10.6028/NBS.TN.653
270.0,16.4165,0.006192859875323854,https://doi.org/10.6028/NBS.TN.653
280.0,17.67,0.006205496352086559,https://doi.org/10.6028/NBS.TN.653
290.0,19.3133,0.006217626373877813,https://doi.org/10.6028/NBS.TN.653
300.0,20.7474,0.006230613290979783,https://doi.org/10.6028/NBS.TN.653
192.0,4.8322,0.005610877183666429,https://doi.org/10.6028/NBS.TN.653
196.0,5.4855,0.005615627924127656,https://doi.org/10.6028/NBS.TN.653
200.0,6.1513,0.005620488054855425,https://doi.org/10.6028/NBS.TN.653
204.0,6.3249,0.005625458123245911,https://doi.org/10.6028/NBS.TN.653
208.0,7.5017,0.005630538690528136,https://doi.org/10.6028/NBS.TN.653
212.0,8.1773,0.005635628443016752,https://doi.org/10.6028/NBS.TN.653
216.0,8.8609,0.005640829479010955,https://doi.org/10.6028/NBS.TN.653
220.0,9.5415,0.005645988992308853,https://doi.org/10.6028/NBS.TN.653
225.0,10.3913,0.005652541357723249,https://doi.org/10.6028/NBS.TN.653
230.0,11.2402,0.005659057580842975,https://doi.org/10.6028/NBS.TN.653
240.0,12.9341,0.005672083597255381,https://doi.org/10.6028/NBS.TN.653
250.0,14.617,0.005684858676800936,https://doi.org/10.6028/NBS.TN.653
260.0,16.2909,0.00569727488859093,https://doi.org/10.6028/NBS.TN.653
270.0,17.9548,0.005709274863172656,https://doi.org/10.6028/NBS.TN.653
280.0,19.607,0.005720800496510562,https://doi.org/10.6028/NBS.TN.653
290.0,21.2497,0.005731793033940992,https://doi.org/10.6028/NBS.TN.653
330.0,22.8828,0.005742298945461253,https://doi.org/10.6028/NBS.TN.653
192.0,4.8685,0.005165342937344988,https://doi.org/10.6028/NBS.TN.653
196.0,5.6033,0.005169883295674869,https://doi.org/10.6028/NBS.TN.653
200.0,6.3574,0.005174603435468897,https://doi.org/10.6028/NBS.TN.653
204.0,7.1216,0.005179375230611677,https://doi.org/10.6028/NBS.TN.653
208.0,7.8913,0.005184285162559271,https://doi.org/10.6028/NBS.TN.653
212.0,8.6654,0.005189204412351447,https://doi.org/10.6028/NBS.TN.653
216.0,9.4428,0.005194219556668792,https://doi.org/10.6028/NBS.TN.653
220.0,10.2201,0.005199157686542863,https://doi.org/10.6028/NBS.TN.653
225.0,11.1912,0.005205452223974284,https://doi.org/10.6028/NBS.TN.653
230.0,12.1617,0.005211674885547451,https://doi.org/10.6028/NBS.TN.653
240.0,14.0985,0.005223989848575756,https://doi.org/10.6028/NBS.TN.653
250.0,16.0255,0.005236011325534384,https://doi.org/10.6028/NBS.TN.653
260.0,17.9425,0.005247469837963168,https://doi.org/10.6028/NBS.TN.653
270.0,19.849,0.005258357623089421,https://doi.org/10.6028/NBS.TN.653
280.0,21.7442,0.005268667256897894,https://doi.org/10.6028/NBS.TN.653
290.0,23.6293,0.005278391666458342,https://doi.org/10.6028/NBS.TN.653
300.0,25.5031,0.00528761383227934,https://doi.org/10.6028/NBS.TN.653
192.0,4.9455,0.004802537430256347,https://doi.org/10.6028/NBS.TN.653
196.0,5.779,0.004806980966951141,https://doi.org/10.6028/NBS.TN.653
200.0,6.6328,0.004811618403247109,https://doi.org/10.6028/NBS.TN.653
204.0,7.4993,0.004816376419622132,https://doi.org/10.6028/NBS.TN.653
208.0,8.3726,0.004821181138081459,https://doi.org/10.6028/NBS.TN.653
212.0,9.2499,0.004825995452290748,https://doi.org/10.6028/NBS.TN.653
216.0,10.1304,0.004830894256690879,https://doi.org/10.6028/NBS.TN.653
220.0,11.0116,0.004835765507386023,https://doi.org/10.6028/NBS.TN.653
225.0,12.1115,0.004841849601266902,https://doi.org/10.6028/NBS.TN.653
230.0,13.2115,0.0048479113258843515,https://doi.org/10.6028/NBS.TN.653
240.0,15.4057,0.0048597773452187165,https://doi.org/10.6028/NBS.TN.653
250.0,17.59,0.004871092575153354,https://doi.org/10.6028/NBS.TN.653
260.0,19.7638,0.00488177245363429,https://doi.org/10.6028/NBS.TN.653
270.0,21.9261,0.00489173150232823,https://doi.org/10.6028/NBS.TN.653
280.0,24.0753,0.004901076188111534,https://doi.org/10.6028/NBS.TN.653
290.0,26.213,0.004909760564724589,https://doi.org/10.6028/NBS.TN.653
300.0,28.3387,0.004918010180163037,https://doi.org/10.6028/NBS.TN.653
192.0,5.2052,0.004380068264590318,https://doi.org/10.6028/NBS.TN.653
196.0,6.2209,0.004384627370162937,https://doi.org/10.6028/NBS.TN.653
200.0,7.2451,0.004389257779669721,https://doi.org/10.6028/NBS.TN.653
204.0,8.2785,0.004394579367210804,https://doi.org/10.6028/NBS.TN.653
208.0,9.3177,0.004398703170812214,https://doi.org/10.6028/NBS.TN.653
212.0,10.3608,0.004403456678264782,https://doi.org/10.6028/NBS.TN.653
216.0,11.404,0.004408220470693205,https://doi.org/10.6028/NBS.TN.653
220.0,12.4478,0.004412963344602569,https://doi.org/10.6028/NBS.TN.653
225.0,13.7516,0.004418812347674702,https://doi.org/10.6028/NBS.TN.653
233.0,15.0534,0.004424519867917108,https://doi.org/10.6028/NBS.TN.653
240.0,17.5506,0.004435505855337894,https://doi.org/10.6028/NBS.TN.653
250.0,20.2352,0.0044457538276206614,https://doi.org/10.6028/NBS.TN.653
260.0,22.8062,0.004455093980296615,https://doi.org/10.6028/NBS.TN.653
270.0,25.3635,0.004463706309264963,https://doi.org/10.6028/NBS.TN.653
280.0,27.9069,0.004471646283621029,https://doi.org/10.6028/NBS.TN.653
290.0,30.4333,0.004479067436660163,https://doi.org/10.6028/NBS.TN.653
300.0,32.9483,0.004486093576466684,https://doi.org/10.6028/NBS.TN.653
190.0,5.1866,0.004053690580435954,https://doi.org/10.6028/NBS.TN.653
194.0,6.3787,0.004058308411667208,https://doi.org/10.6028/NBS.TN.653
198.0,7.5861,0.0040629897324674005,https://doi.org/10.6028/NBS.TN.653
202.0,8.8012,0.004067681865690119,https://doi.org/10.6028/NBS.TN.653
206.0,10.0201,0.004072438052027121,https://doi.org/10.6028/NBS.TN.653
210.0,11.2378,0.004077152046018454,https://doi.org/10.6028/NBS.TN.653
215.0,12.7596,0.00408299974136646,https://doi.org/10.6028/NBS.TN.653
220.0,14.2792,0.0040887301545713345,https://doi.org/10.6028/NBS.TN.653
230.0,17.3125,0.0040996731560174375,https://doi.org/10.6028/NBS.TN.653
240.0,20.3287,0.004109672292923105,https://doi.org/10.6028/NBS.TN.653
250.0,23.3313,0.004118686101571179,https://doi.org/10.6028/NBS.TN.653
260.0,26.3178,0.004126865184178935,https://doi.org/10.6028/NBS.TN.653
270.0,29.2861,0.004134309014826079,https://doi.org/10.6028/NBS.TN.653
280.0,32.2396,0.004141202001439613,https://doi.org/10.6028/NBS.TN.653
290.0,35.1677,0.004147621273667132,https://doi.org/10.6028/NBS.TN.653
186.0,4.5617,0.0038310692761070455,https://doi.org/10.6028/NBS.TN.653
190.0,5.9078,0.0038355474951780617,https://doi.org/10.6028/NBS.TN.653
194.0,7.266,0.0038401544614576565,https://doi.org/10.6028/NBS.TN.653
198.0,8.6363,0.0038448199302423504,https://doi.org/10.6028/NBS.TN.653
202.0,10.0048,0.0038495205183524065,https://doi.org/10.6028/NBS.TN.653
206.0,11.3751,0.003854232614192625,https://doi.org/10.6028/NBS.TN.653
210.0,12.7454,0.003858836833591609,https://doi.org/10.6028/NBS.TN.653
215.0,14.4404,0.0038644339265888595,https://doi.org/10.6028/NBS.TN.653
220.0,16.1607,0.003869951188150861,https://doi.org/10.6028/NBS.TN.653
230.0,19.5626,0.0038800910927433794,https://doi.org/10.6028/NBS.TN.653
240.0,22.9438,0.003889167923723523,https://doi.org/10.6028/NBS.TN.653
250.0,26.3114,0.0038972150984161345,https://doi.org/10.6028/NBS.TN.653
260.0,29.6539,0.003904415168896565,https://doi.org/10.6028/NBS.TN.653
270.0,32.9757,0.003910979351781142,https://doi.org/10.6028/NBS.TN.653
182.0,4.1322,0.003606667880622987,https://doi.org/10.6028/NBS.TN.653
186.0,5.6948,0.003611305848772725,https://doi.org/10.6028/NBS.TN.653
190.0,7.2675,0.0036159138160537785,https://doi.org/10.6028/NBS.TN.653
194.0,8.6346,0.0036205756095376625,https://doi.org/10.6028/NBS.TN.653
198.0,10.408,0.003625228358572145,https://doi.org/10.6028/NBS.TN.653
202.0,11.9774,0.0036298508128412036,https://doi.org/10.6028/NBS.TN.653
206.0,13.5462,0.0036344003200947197,https://doi.org/10.6028/NBS.TN.653
210.0,15.108,0.003638812570455599,https://doi.org/10.6028/NBS.TN.653
215.0,17.0602,0.00364406605239957,https://doi.org/10.6028/NBS.TN.653
220.0,19.033,0.0036490997641688973,https://doi.org/10.6028/NBS.TN.653
230.0,22.6723,0.0036581784050880614,https://doi.org/10.6028/NBS.TN.653
240.0,26.7186,0.003666094677686927,https://doi.org/10.6028/NBS.TN.653
250.0,30.5442,0.003673114495930194,https://doi.org/10.6028/NBS.TN.653
260.0,34.3357,0.003679401068860119,https://doi.org/10.6028/NBS.TN.653
176.0,3.2172,0.0033912173439334605,https://doi.org/10.6028/NBS.TN.653
180.0,5.0437,0.003396205243279009,https://doi.org/10.6028/NBS.TN.653
184.0,6.8691,0.0034008367690853557,https://doi.org/10.6028/NBS.TN.653
188.0,8.6906,0.003405480944495156,https://doi.org/10.6028/NBS.TN.653
192.0,10.5089,0.0034103243614065277,https://doi.org/10.6028/NBS.TN.653
196.0,12.3227,0.003414994503224845,https://doi.org/10.6028/NBS.TN.653
200.0,14.1311,0.003419489888705175,https://doi.org/10.6028/NBS.TN.653
205.0,16.386,0.003424937628460848,https://doi.org/10.6028/NBS.TN.653
210.0,18.6312,0.0034302140110521453,https://doi.org/10.6028/NBS.TN.653
215.0,20.8687,0.0034349388237395456,https://doi.org/10.6028/NBS.TN.653
220.0,23.1002,0.003439297161740649,https://doi.org/10.6028/NBS.TN.653
225.0,25.3237,0.0034432861841860603,https://doi.org/10.6028/NBS.TN.653
230.0,27.5393,0.0034482378125482733,https://doi.org/10.6028/NBS.TN.653
235.0,29.7479,0.0034505279859902995,https://doi.org/10.6028/NBS.TN.653
240.0,31.9488,0.0034535862868863717,https://doi.org/10.6028/NBS.TN.653
245.0,34.1402,0.0034566500139095574,https://doi.org/10.6028/NBS.TN.653
170.0,2.6367,0.0031961519353467024,https://doi.org/10.6028/NBS.TN.653
174.0,4.7743,0.00320123951994212,https://doi.org/10.6028/NBS.TN.653
178.0,6.9007,0.0032060135581030926,https://doi.org/10.6028/NBS.TN.653
182.0,9.0117,0.0032108018566654366,https://doi.org/10.6028/NBS.TN.653
186.0,11.1128,0.0032154718007753307,https://doi.org/10.6028/NBS.TN.653
190.0,13.2061,0.003220421491341122,https://doi.org/10.6028/NBS.TN.653
194.0,15.2913,0.0032249192867200875,https://doi.org/10.6028/NBS.TN.653
198.0,17.3668,0.0032290951287550006,https://doi.org/10.6028/NBS.TN.653
202.0,19.4349,0.003233114123884913,https://doi.org/10.6028/NBS.TN.653
205.0,20.9838,0.0032359669703556923,https://doi.org/10.6028/NBS.TN.653
210.0,23.5576,0.003240339898694009,https://doi.org/10.6028/NBS.TN.653
215.0,26.1206,0.00324540029416308,https://doi.org/10.6028/NBS.TN.653
220.0,28.6762,0.003247936423593267,https://doi.org/10.6028/NBS.TN.653
225.0,31.2214,0.00325132410174043,https://doi.org/10.6028/NBS.TN.653
230.0,33.7542,0.003254379059919234,https://doi.org/10.6028/NBS.TN.653
164.0,2.0288,0.003052344658549464,https://doi.org/10.6028/NBS.TN.653
168.0,4.4689,0.0030577340551705677,https://doi.org/10.6028/NBS.TN.653
172.0,6.3823,0.003062540632257837,https://doi.org/10.6028/NBS.TN.653
176.0,9.27,0.0030675132676083795,https://doi.org/10.6028/NBS.TN.653
180.0,11.639,0.003072350662865798,https://doi.org/10.6028/NBS.TN.653
184.0,13.9966,0.0030772033391348813,https://doi.org/10.6028/NBS.TN.653
188.0,16.3416,0.0030816143369518456,https://doi.org/10.6028/NBS.TN.653
192.0,18.6776,0.003085427083582737,https://doi.org/10.6028/NBS.TN.653
196.0,21.0084,0.003089708576215324,https://doi.org/10.6028/NBS.TN.653
200.0,23.3321,0.003093234415821023,https://doi.org/10.6028/NBS.TN.653
204.0,25.6494,0.0030964606958812342,https://doi.org/10.6028/NBS.TN.653
208.0,27.9599,0.0030993855158276316,https://doi.org/10.6028/NBS.TN.653
212.0,30.2629,0.00310216149927217,https://doi.org/10.6028/NBS.TN.653
216.0,32.5569,0.0031047878312187656,https://doi.org/10.6028/NBS.TN.653
220.0,34.8434,0.0031071088786878993,https://doi.org/10.6028/NBS.TN.653
158.0,1.9836,0.0029172308104849004,https://doi.org/10.6028/NBS.TN.653
162.0,4.7537,0.0029225642063975626,https://doi.org/10.6028/NBS.TN.653
166.0,7.4747,0.0029277796398456237,https://doi.org/10.6028/NBS.TN.653
170.0,10.1595,0.0029327377764075996,https://doi.org/10.6028/NBS.TN.653
174.0,12.8287,0.002937574313286191,https://doi.org/10.6028/NBS.TN.653
178.0,15.4807,0.0029422879631352495,https://doi.org/10.6028/NBS.TN.653
182.0,18.1216,0.0029465989058924625,https://doi.org/10.6028/NBS.TN.653
186.0,20.7556,0.0029506431752980614,https://doi.org/10.6028/NBS.TN.653
190.0,23.3818,0.0029542785220524445,https://doi.org/10.6028/NBS.TN.653
194.0,26.0026,0.002957501880971191,https://doi.org/10.6028/NBS.TN.653
198.0,28.6118,0.0029604510969596268,https://doi.org/10.6028/NBS.TN.653
206.0,31.214,0.002963124508121328,https://doi.org/10.6028/NBS.TN.653
206.0,33.8043,0.002965661671147974,https://doi.org/10.6028/NBS.TN.653
152.0,1.4593,0.0028178142215083734,https://doi.org/10.6028/NBS.TN.653
156.0,4.5884,0.002823557049405468,https://doi.org/10.6028/NBS.TN.653
160.0,7.4923,0.0028286814723626503,https://doi.org/10.6028/NBS.TN.653
164.0,10.4403,0.0028336957252339777,https://doi.org/10.6028/NBS.TN.653
168.0,13.3692,0.0028387277866711914,https://doi.org/10.6028/NBS.TN.653
172.0,16.2772,0.0028429996648671944,https://doi.org/10.6028/NBS.TN.653
176.0,19.1756,0.002874061389031565,https://doi.org/10.6028/NBS.TN.653
180.0,22.0648,0.0028517125446378554,https://doi.org/10.6028/NBS.TN.653
184.0,24.952,0.002855108062414028,https://doi.org/10.6028/NBS.TN.653
188.0,27.8308,0.002858249571376889,https://doi.org/10.6028/NBS.TN.653
192.0,30.7015,0.002861004068233342,https://doi.org/10.6028/NBS.TN.653
196.0,33.5575,0.0028635008107143456,https://doi.org/10.6028/NBS.TN.653
146.0,1.3127,0.002749708448413211,https://doi.org/10.6028/NBS.TN.653
140.0,1.2262,0.002645063201140125,https://doi.org/10.6028/NBS.TN.653
150.0,4.0703,0.0027556638813151,https://doi.org/10.6028/NBS.TN.653
154.0,7.9462,0.002736552526155418,https://doi.org/10.6028/NBS.TN.653
156.0,11.1736,0.0027417274132931426,https://doi.org/10.6028/NBS.TN.653
162.0,14.381,0.0028212571115427995,https://doi.org/10.6028/NBS.TN.653
166.0,17.5712,0.002751285951053523,https://doi.org/10.6028/NBS.TN.653
170.0,20.7555,0.00283047941754621,https://doi.org/10.6028/NBS.TN.653
174.0,23.933,0.0027590785825311035,https://doi.org/10.6028/NBS.TN.653
176.0,27.1112,0.002762256962821122,https://doi.org/10.6028/NBS.TN.653
182.0,30.2767,0.002765197358771964,https://doi.org/10.6028/NBS.TN.653
186.0,33.4282,0.0027677753452107798,https://doi.org/10.6028/NBS.TN.653
144.0,4.891,0.0026509116273013343,https://doi.org/10.6028/NBS.TN.653
148.0,8.45,0.0026561068358415467,https://doi.org/10.6028/NBS.TN.653
152.0,11.9526,0.0026613224473180552,https://doi.org/10.6028/NBS.TN.653
156.0,15.435,0.002666216467128803,https://doi.org/10.6028/NBS.TN.653
160.0,18.9067,0.0026707852311559227,https://doi.org/10.6028/NBS.TN.653
164.0,22.3762,0.002674795763294695,https://doi.org/10.6028/NBS.TN.653
166.0,25.844,0.0026782429612025437,https://doi.org/10.6028/NBS.TN.653
172.0,29.304,0.002681237727974919,https://doi.org/10.6028/NBS.TN.653
176.0,32.7578,0.0026840080786495954,https://doi.org/10.6028/NBS.TN.653
134.0,0.6861,0.002578015120161796,https://doi.org/10.6028/NBS.TN.653
138.0,4.6383,0.0025842130425232234,https://doi.org/10.6028/NBS.TN.653
142.0,6.463,0.002589472489237114,https://doi.org/10.6028/NBS.TN.653
146.0,12.224,0.0025947533878916524,https://doi.org/10.6028/NBS.TN.653
150.0,15.9656,0.0025997306055157298,https://doi.org/10.6028/NBS.TN.653
154.0,19.704,0.002604182942810056,https://doi.org/10.6028/NBS.TN.653
134.0,0.5841,0.002578974917302587,https://doi.org/10.6028/NBS.TN.653
136.0,2.577,0.0025825002962127806,https://doi.org/10.6028/NBS.TN.653
138.0,4.5258,0.0025852846631089655,https://doi.org/10.6028/NBS.TN.653
140.0,6.4512,0.0025879676069270577,https://doi.org/10.6028/NBS.TN.653
142.0,8.3348,0.0025905484771408917,https://doi.org/10.6028/NBS.TN.653
144.0,10.2134,0.002593134500077893,https://doi.org/10.6028/NBS.TN.653
146.0,12.0944,0.0025958337698660412,https://doi.org/10.6028/NBS.TN.653
148.0,13.9702,0.0025983220659695264,https://doi.org/10.6028/NBS.TN.653
150.0,15.8374,0.0026008151370770015,https://doi.org/10.6028/NBS.TN.653
152.0,17.7053,0.002603095601289053,https://doi.org/10.6028/NBS.TN.653
154.0,19.5747,0.0026051623271435664,https://doi.org/10.6028/NBS.TN.653
156.0,21.4417,0.002607232337356671,https://doi.org/10.6028/NBS.TN.653
158.0,23.2888,0.002609305639763647,https://doi.org/10.6028/NBS.TN.653
160.0,25.1636,0.0026110541379098197,https://doi.org/10.6028/NBS.TN.653
162.0,27.0317,0.002612695484488841,https://doi.org/10.6028/NBS.TN.653
164.0,26.8962,0.0026141196549487535,https://doi.org/10.6028/NBS.TN.653
166.0,30.7694,0.00261554537887535,https://doi.org/10.6028/NBS.TN.653
168.0,32.6391,0.002616862812746503,https://doi.org/10.6028/NBS.TN.653
170.0,34.4966,0.0026181815744529117,https://doi.org/10.6028/NBS.TN.653
130.0,0.7286,0.0025337996200314097,https://doi.org/10.6028/NBS.TN.653
132.0,2.823,0.002537202492710106,https://doi.org/10.6028/NBS.TN.653
134.0,4.8781,0.002539889988221004,https://doi.org/10.6028/NBS.TN.653
136.0,6.8894,0.0025426868816376185,https://doi.org/10.6028/NBS.TN.653
138.0,8.8639,0.0025452820956508855,https://doi.org/10.6028/NBS.TN.653
140.0,10.8425,0.002547882612729277,https://doi.org/10.6028/NBS.TN.653
142.0,12.8176,0.0025505927934734982,https://doi.org/10.6028/NBS.TN.653
144.0,14.7856,0.002553099621232351,https://doi.org/10.6028/NBS.TN.653
146.0,16.7516,0.00255550662612202,https://doi.org/10.6028/NBS.TN.653
146.0,18.7222,0.002557813229296496,https://doi.org/10.6028/NBS.TN.653
150.0,20.6921,0.00255991375752947,https://doi.org/10.6028/NBS.TN.653
152.0,22.6644,0.0025619124574017956,https://doi.org/10.6028/NBS.TN.653
154.0,24.6119,0.002563808843643242,https://doi.org/10.6028/NBS.TN.653
156.0,26.5906,0.0025654968787651874,https://doi.org/10.6028/NBS.TN.653
158.0,28.5671,0.0025670814317249754,https://doi.org/10.6028/NBS.TN.653
160.0,30.5459,0.0025684562950963096,https://doi.org/10.6028/NBS.TN.653
162.0,32.5155,0.002569832631940343,https://doi.org/10.6028/NBS.TN.653
164.0,34.4921,0.0025711044065849877,https://doi.org/10.6028/NBS.TN.653
126.0,0.4795,0.0024941646523792896,https://doi.org/10.6028/NBS.TN.653
126.0,2.674,0.002497762005243298,https://doi.org/10.6028/NBS.TN.653
130.0,4.8275,0.0025004668371584977,https://doi.org/10.6028/NBS.TN.653
132.0,6.9442,0.002503278042596777,https://doi.org/10.6028/NBS.TN.653
134.0,9.0206,0.002505894113544464,https://doi.org/10.6028/NBS.TN.653
136.0,11.0901,0.0025086165962849194,https://doi.org/10.6028/NBS.TN.653
138.0,13.1437,0.002511243843183467,https://doi.org/10.6028/NBS.TN.653
140.0,15.2046,0.0025342116032223386,https://doi.org/10.6028/NBS.TN.653
142.0,17.2619,0.002516210180848074,https://doi.org/10.6028/NBS.TN.653
144.0,19.3223,0.002518548099332338,https://doi.org/10.6028/NBS.TN.653
146.0,21.3859,0.002520584606245362,https://doi.org/10.6028/NBS.TN.653
148.0,23.4593,0.002522522340719109,https://doi.org/10.6028/NBS.TN.653
148.0,23.4564,0.0025226244092770387,https://doi.org/10.6028/NBS.TN.653
150.0,25.5294,0.002524360839408541,https://doi.org/10.6028/NBS.TN.653
152.0,27.6024,0.002528045888279988,https://doi.org/10.6028/NBS.TN.653
154.0,29.6664,0.002527533432695723,https://doi.org/10.6028/NBS.TN.653
156.0,31.7346,0.002528968832178841,https://doi.org/10.6028/NBS.TN.653
158.0,33.803,0.0025303031637190156,https://doi.org/10.6028/NBS.TN.653
122.0,0.3482,0.002455847303666303,https://doi.org/10.6028/NBS.TN.653
124.0,2.6168,0.0024595289431463157,https://doi.org/10.6028/NBS.TN.653
126.0,4.8814,0.002462248801377282,https://doi.org/10.6028/NBS.TN.653
128.0,7.0363,0.0024648772249583977,https://doi.org/10.6028/NBS.TN.653
130.0,9.2218,0.0024675112661629367,https://doi.org/10.6028/NBS.TN.653
132.0,11.4039,0.0024701509430196445,https://doi.org/10.6028/NBS.TN.653
134.0,13.5786,0.0024727962736344894,https://doi.org/10.6028/NBS.TN.653
134.0,13.5814,0.002472894357656291,https://doi.org/10.6028/NBS.TN.653
136.0,15.7173,0.002475545570635038,https://doi.org/10.6028/NBS.TN.653
138.0,17.3801,0.002477906981354246,https://doi.org/10.6028/NBS.TN.653
140.0,20.043,0.002480174231247675,https://doi.org/10.6028/NBS.TN.653
142.0,22.2144,0.002482247955521291,https://doi.org/10.6028/NBS.TN.653
144.0,24.3665,0.0024841271726051997,https://doi.org/10.6028/NBS.TN.653
146.0,26.5643,0.002485810990864146,https://doi.org/10.6028/NBS.TN.653
148.0,28.7462,0.0024873978475451934,https://doi.org/10.6028/NBS.TN.653
150.0,30.9282,0.002488887366795991,https://doi.org/10.6028/NBS.TN.653
152.0,33.0937,0.0024902791951616834,https://doi.org/10.6028/NBS.TN.653
154.0,35.2726,0.002491573001793329,https://doi.org/10.6028/NBS.TN.653
118.0,0.474,0.002418595633738323,https://doi.org/10.6028/NBS.TN.653
120.0,2.8487,0.0024221663487654053,https://doi.org/10.6028/NBS.TN.653
122.0,5.1814,0.0024248984695010786,https://doi.org/10.6028/NBS.TN.653
124.0,7.4303,0.002427542233894277,https://doi.org/10.6028/NBS.TN.653
126.0,9.7196,0.002430191769348747,https://doi.org/10.6028/NBS.TN.653
128.0,12.001,0.002491274311723186,https://doi.org/10.6028/NBS.TN.653
130.0,14.2846,0.002435508229192625,https://doi.org/10.6028/NBS.TN.653
132.0,16.5554,0.002437793839480437,https://doi.org/10.6028/NBS.TN.653
134.0,18.832,0.002440083743674077,https://doi.org/10.6028/NBS.TN.653
136.0,21.1062,0.0024425693328190214,https://doi.org/10.6028/NBS.TN.653
138.0,23.3855,0.0024445806238823945,https://doi.org/10.6028/NBS.TN.653
138.0,23.3445,0.0024445806238823945,https://doi.org/10.6028/NBS.TN.653
140.0,25.6331,0.0024464032197014903,https://doi.org/10.6028/NBS.TN.653
142.0,27.933,0.002448132398133697,https://doi.org/10.6028/NBS.TN.653
144.0,30.2209,0.0024496714990519764,https://doi.org/10.6028/NBS.TN.653
146.0,32.5227,0.0024511161647679494,https://doi.org/10.6028/NBS.TN.653
148.0,34.8148,0.002452369587399608,https://doi.org/10.6028/NBS.TN.653
114.0,0.4106,0.0023848267022749878,https://doi.org/10.6028/NBS.TN.653
116.0,2.8896,0.002388389826873261,https://doi.org/10.6028/NBS.TN.653
118.0,5.2908,0.0023912296582875377,https://doi.org/10.6028/NBS.TN.653
120.0,7.6358,0.0023938004780706796,https://doi.org/10.6028/NBS.TN.653
122.0,10.0162,0.002396561069073298,https://doi.org/10.6028/NBS.TN.653
124.0,12.3929,0.002399235699475574,https://doi.org/10.6028/NBS.TN.653
126.0,14.7655,0.0024019163064752935,https://doi.org/10.6028/NBS.TN.653
128.0,17.1338,0.002404417434180755,https://doi.org/10.6028/NBS.TN.653
130.0,19.5123,0.002406737942050368,https://doi.org/10.6028/NBS.TN.653
132.0,21.8955,0.002408876768705717,https://doi.org/10.6028/NBS.TN.653
132.0,21.8534,0.0024089698474062103,https://doi.org/10.6028/NBS.TN.653
134.0,24.2441,0.0024109261630717647,https://doi.org/10.6028/NBS.TN.653
136.0,26.644,0.00241269890289755,https://doi.org/10.6028/NBS.TN.653
138.0,29.0474,0.00241438074707121,https://doi.org/10.6028/NBS.TN.653
140.0,31.4577,0.0024157840760597013,https://doi.org/10.6028/NBS.TN.653
142.0,33.829,0.0024171890373322264,https://doi.org/10.6028/NBS.TN.653
110.0,0.5935,0.0023509234756541645,https://doi.org/10.6028/NBS.TN.653
112.0,3.1839,0.0023543859384770704,https://doi.org/10.6028/NBS.TN.653
114.0,5.6444,0.0023571454365334294,https://doi.org/10.6028/NBS.TN.653
116.0,8.1054,0.002359822084517687,https://doi.org/10.6028/NBS.TN.653
118.0,10.587,0.0023625943478426813,https://doi.org/10.6028/NBS.TN.653
120.0,13.0659,0.002365373132407812,https://doi.org/10.6028/NBS.TN.653
122.0,15.54,0.0023680685095480987,https://doi.org/10.6028/NBS.TN.653
124.0,18.0154,0.00237058974298919,https://doi.org/10.6028/NBS.TN.653
126.0,20.4975,0.002372845385204869,https://doi.org/10.6028/NBS.TN.653
128.0,22.9892,0.002374924370533417,https://doi.org/10.6028/NBS.TN.653
130.0,25.4906,0.0023768257587065468,https://doi.org/10.6028/NBS.TN.653
132.0,28.0025,0.0023785486876072136,https://doi.org/10.6028/NBS.TN.653
134.0,30.5214,0.0023801832417391215,https://doi.org/10.6028/NBS.TN.653
134.0,30.4967,0.0023802741161756545,https://doi.org/10.6028/NBS.TN.653
136.0,33.0185,0.002381729051454489,https://doi.org/10.6028/NBS.TN.653
106.0,1.2022,0.002317539855428155,https://doi.org/10.6028/NBS.TN.653
108.0,3.8986,0.0023207318214291525,https://doi.org/10.6028/NBS.TN.653
110.0,6.4591,0.0023234129486405797,https://doi.org/10.6028/NBS.TN.653
112.0,9.03,0.002326187069544894,https://doi.org/10.6028/NBS.TN.653
114.0,11.6122,0.0023290548285592023,https://doi.org/10.6028/NBS.TN.653
116.0,14.1871,0.0023318424465467087,https://doi.org/10.6028/NBS.TN.653
119.0,16.7653,0.0023344619055969706,https://doi.org/10.6028/NBS.TN.653
120.0,19.3539,0.0023368244555970136,https://doi.org/10.6028/NBS.TN.653
122.0,21.9542,0.002339104027721933,https://doi.org/10.6028/NBS.TN.653
124.0,24.582,0.002341097909181372,https://doi.org/10.6028/NBS.TN.653
124.0,24.5676,0.0023410363730566896,https://doi.org/10.6028/NBS.TN.653
126.0,27.2049,0.0023969296290224065,https://doi.org/10.6028/NBS.TN.653
128.0,29.351,0.002344469752213928,https://doi.org/10.6028/NBS.TN.653
130.0,32.502,0.0023460577877200566,https://doi.org/10.6028/NBS.TN.653
132.0,35.1423,0.002347382794942307,https://doi.org/10.6028/NBS.TN.653
102.0,0.8474,0.0022893705805990274,https://doi.org/10.6028/NBS.TN.653
104.0,3.6489,0.0022927382925446017,https://doi.org/10.6028/NBS.TN.653
106.0,6.3034,0.0022954396042294827,https://doi.org/10.6028/NBS.TN.653
108.0,8.9515,0.0022982320068888097,https://doi.org/10.6028/NBS.TN.653
110.0,11.6218,0.0023011161425782606,https://doi.org/10.6028/NBS.TN.653
112.0,14.2937,0.0023039223817765218,https://doi.org/10.6028/NBS.TN.653
114.0,16.9612,0.0023065647878527805,https://doi.org/10.6028/NBS.TN.653
116.0,19.648,0.0023089566923770516,https://doi.org/10.6028/NBS.TN.653
116.0,19.6471,0.0023089566923770516,https://doi.org/10.6028/NBS.TN.653
118.0,22.3568,0.0023110965173069637,https://doi.org/10.6028/NBS.TN.653
120.0,25.0862,0.0023131544839296823,https://doi.org/10.6028/NBS.TN.653
122.0,27.6278,0.0023149582136152685,https://doi.org/10.6028/NBS.TN.653
124.0,33.5898,0.0023165925851245826,https://doi.org/10.6028/NBS.TN.653
126.0,33.3424,0.0023180568749162594,https://doi.org/10.6028/NBS.TN.653
98.0,1.2457,0.0022599920122842268,https://doi.org/10.6028/NBS.TN.653
100.0,4.1407,0.002279659925803448,https://doi.org/10.6028/NBS.TN.653
102.0,6.8696,0.002265741374141328,https://doi.org/10.6028/NBS.TN.653
104.0,9.627,0.00226862703871303,https://doi.org/10.6028/NBS.TN.653
106.0,12.4002,0.00227143730283356,https://doi.org/10.6028/NBS.TN.653
108.0,15.1756,0.002274254538024757,https://doi.org/10.6028/NBS.TN.653
110.0,17.9649,0.002276829291172039,https://doi.org/10.6028/NBS.TN.653
112.0,20.7794,0.002279243214670156,https://doi.org/10.6028/NBS.TN.653
114.0,23.6148,0.0022813282951870887,https://doi.org/10.6028/NBS.TN.653
116.0,26.4752,0.002283249941434639,https://doi.org/10.6028/NBS.TN.653
116.0,26.4894,0.002283249941434639,https://doi.org/10.6028/NBS.TN.653
118.0,29.3612,0.002284923571591453,https://doi.org/10.6028/NBS.TN.653
120.0,32.2446,0.002286515794427961,https://doi.org/10.6028/NBS.TN.653
94.0,0.7513,0.002234556976733791,https://doi.org/10.6028/NBS.TN.653
96.0,3.7517,0.002278826655854695,https://doi.org/10.6028/NBS.TN.653
98.0,6.5617,0.002256801435325711,https://doi.org/10.6028/NBS.TN.653
100.0,9.4061,0.0022434826604366027,https://doi.org/10.6028/NBS.TN.653
102.0,12.2725,0.0022463928098177747,https://doi.org/10.6028/NBS.TN.653
104.0,15.1363,0.0022491482250756797,https://doi.org/10.6028/NBS.TN.653
106.0,13.0222,0.002251829070680948,https://doi.org/10.6028/NBS.TN.653
108.0,20.9351,0.002254190246623741,https://doi.org/10.6028/NBS.TN.653
110.0,23.3728,0.002256393038395686,https://doi.org/10.6028/NBS.TN.653
112.0,26.8394,0.00225827288915394,https://doi.org/10.6028/NBS.TN.653
114.0,29.8261,0.0022599920122842268,https://doi.org/10.6028/NBS.TN.653
116.0,32.6347,0.0022615496662992955,https://doi.org/10.6028/NBS.TN.653
92.0,4.4123,0.0022100797494017084,https://doi.org/10.6028/NBS.TN.653
94.0,7.2852,0.0023818200439683977,https://doi.org/10.6028/NBS.TN.653
96.0,10.2543,0.002215735140593267,https://doi.org/10.6028/NBS.TN.653
98.0,13.2363,0.002388572838238872,https://doi.org/10.6028/NBS.TN.653
100.0,16.218,0.0022213403994467583,https://doi.org/10.6028/NBS.TN.653
100.0,16.219,0.0022213403994467583,https://doi.org/10.6028/NBS.TN.653
102.0,19.2243,0.0022238759952512223,https://doi.org/10.6028/NBS.TN.653
104.0,22.2687,0.0022262583791912843,https://doi.org/10.6028/NBS.TN.653
106.0,26.3551,0.0022284865474289654,https://doi.org/10.6028/NBS.TN.653
106.0,28.4641,0.0022301606027856488,https://doi.org/10.6028/NBS.TN.653
110.0,31.5018,0.002231757281219713,https://doi.org/10.6028/NBS.TN.653
112.0,34.7627,0.0022332762448371074,https://doi.org/10.6028/NBS.TN.653
94.0,12.8133,0.0021959120725184977,https://doi.org/10.6028/NBS.TN.653
96.0,15.8893,0.0021987775852039468,https://doi.org/10.6028/NBS.TN.653
96.0,18.9886,0.0023686083222853494,https://doi.org/10.6028/NBS.TN.653
100.0,22.1338,0.0022037518434384162,https://doi.org/10.6028/NBS.TN.653
102.0,25.3222,0.002373748844459059,https://doi.org/10.6028/NBS.TN.653
104.0,28.544,0.0022076536703566833,https://doi.org/10.6028/NBS.TN.653
106.0,31.8049,0.002209296560858741,https://doi.org/10.6028/NBS.TN.653
108.0,35.0306,0.0023795473149188094,https://doi.org/10.6028/NBS.TN.653
95.5,22.4938,0.002183529687968367,https://doi.org/10.6028/NBS.TN.653
37.0,23.3128,0.002348620819396222,https://doi.org/10.6028/NBS.TN.653
98.0,24.9643,0.0021851368564324005,https://doi.org/10.6028/NBS.TN.653
100.0,28.2843,0.0021869765198327686,https://doi.org/10.6028/NBS.TN.653
100.0,28.2935,0.0021869765198327686,https://doi.org/10.6028/NBS.TN.653
104.0,35.0093,0.0021901264543972695,https://doi.org/10.6028/NBS.TN.653
