Temperature (K),Pressure (MPa),Sound Spd (m/s),Reference
323.15,24.6,574.27,Douslin-1976
298.15,2.38,441.93,Douslin-1976
298.15,5.63,437.14,Douslin-1976
298.15,10.49,444.61,Douslin-1976
298.15,15.2,474.5,Douslin-1976
298.15,19.42,518.25,Douslin-1976
298.15,20.7,533.88,Douslin-1976
273.15,16.18,478.36,Douslin-1976
248.15,12.82,430.91,Douslin-1976
223.15,9.32,371.56,Douslin-1976
198.15,5.7,282.59,Douslin-1976
193.05,0.78,353.2,Douslin-1976
193.05,1.56,340.64,Douslin-1976
193.05,2.24,328.69,Douslin-1976
193.05,2.82,317.71,Douslin-1976
193.05,3.31,307.52,Douslin-1976
193.05,3.7,298.27,Douslin-1976
193.05,4.03,289.92,Douslin-1976
193.05,4.28,282.39,Douslin-1976
193.05,4.48,275.65,Douslin-1976
193.05,4.63,269.52,Douslin-1976
193.05,4.73,264.17,Douslin-1976
193.05,4.81,258.94,Douslin-1976
193.05,4.86,254.08,Douslin-1976
193.05,4.9,249.85,Douslin-1976
193.05,4.92,246.74,Douslin-1976
193.05,4.95,245.67,Douslin-1976
193.05,4.96,246.82,Douslin-1976
193.05,4.97,247.51,Douslin-1976
193.05,4.99,253.1,Douslin-1976
193.05,5.02,263.07,Douslin-1976
191.45,4.59,258.44,Douslin-1976
191.45,4.65,251.75,Douslin-1976
191.45,4.68,244.53,Douslin-1976
191.45,4.7,236.83,Douslin-1976
191.45,4.72,229.47,Douslin-1976
191.45,4.72,224.5,Douslin-1976
191.45,4.73,223.72,Douslin-1976
191.45,4.73,224.11,Douslin-1976
191.45,4.74,229.21,Douslin-1976
191.45,4.75,240.22,Douslin-1976
190.85,4.53,256.12,Douslin-1976
190.85,4.59,248.6,Douslin-1976
190.85,4.62,239.79,Douslin-1976
190.85,4.63,228.87,Douslin-1976
190.85,4.64,215.77,Douslin-1976
190.85,4.64,205.06,Douslin-1976
190.85,4.64,204.44,Douslin-1976
190.85,4.64,205.09,Douslin-1976
190.85,4.65,212.88,Douslin-1976
190.85,4.65,225.87,Douslin-1976
190.63,4.51,255.24,Douslin-1976
190.63,4.56,247.35,Douslin-1976
190.63,4.59,237.69,Douslin-1976
190.63,4.6,224.47,Douslin-1976
190.63,4.61,204.09,Douslin-1976
190.63,4.61,191.26,Douslin-1976
190.63,4.61,195.16,Douslin-1976
190.63,4.61,195.54,Douslin-1976
190.63,4.61,205.87,Douslin-1976
190.63,4.61,219.05,Douslin-1976
190.56,4.51,254.96,Douslin-1976
190.56,4.56,246.93,Douslin-1976
190.56,4.58,236.96,Douslin-1976
190.56,4.6,222.77,Douslin-1976
190.56,4.6,199.11,Douslin-1976
190.56,4.6,184.18,Douslin-1976
190.56,4.6,197.98,Douslin-1976
190.56,4.6,196.62,Douslin-1976
190.56,4.6,205.44,Douslin-1976
190.56,4.6,217.04,Douslin-1976
190.5,0.77,350.52,Douslin-1976
190.5,1.54,337.6,Douslin-1976
190.5,2.2,325.27,Douslin-1976
190.5,2.76,313.88,Douslin-1976
190.5,3.23,303.22,Douslin-1976
190.5,3.6,293.55,Douslin-1976
190.5,3.9,284.67,Douslin-1976
190.5,4.13,276.52,Douslin-1976
190.5,4.3,269.0,Douslin-1976
190.5,4.42,261.72,Douslin-1976
190.5,4.5,254.7,Douslin-1976
190.5,4.55,246.57,Douslin-1976
190.5,4.58,236.29,Douslin-1976
190.5,4.59,221.0,Douslin-1976
190.5,4.59,200.0,Douslin-1976
190.43,4.49,254.42,Douslin-1976
190.43,4.54,246.11,Douslin-1976
190.43,4.57,235.52,Douslin-1976
190.43,4.58,218.3,Douslin-1976
190.25,4.29,268.32,Douslin-1976
190.25,4.4,260.91,Douslin-1976
190.25,4.48,253.66,Douslin-1976
190.25,4.52,244.96,Douslin-1976
190.25,4.55,233.23,Douslin-1976
189.65,3.86,282.86,Douslin-1976
189.65,4.08,274.5,Douslin-1976
189.65,4.25,266.69,Douslin-1976
189.65,4.36,258.91,Douslin-1976
189.65,4.42,251.02,Douslin-1976
189.65,4.46,240.54,Douslin-1976
188.15,0.76,348.02,Douslin-1976
188.15,1.51,334.75,Douslin-1976
188.15,2.16,322.08,Douslin-1976
188.15,2.71,310.3,Douslin-1976
188.15,3.15,299.23,Douslin-1976
188.15,3.51,289.08,Douslin-1976
188.15,3.79,279.65,Douslin-1976
188.15,3.99,270.87,Douslin-1976
188.15,4.14,262.39,Douslin-1976
188.15,4.23,253.45,Douslin-1976
183.15,0.74,342.63,Douslin-1976
183.15,1.46,328.61,Douslin-1976
183.15,2.08,315.1,Douslin-1976
183.15,2.59,302.41,Douslin-1976
183.15,2.99,290.4,Douslin-1976
183.15,3.31,279.15,Douslin-1976
183.15,3.54,268.39,Douslin-1976
173.15,0.69,331.52,Douslin-1976
173.15,1.36,315.82,Douslin-1976
173.15,1.91,300.42,Douslin-1976
173.15,2.34,285.72,Douslin-1976
163.15,0.65,319.9,Douslin-1976
163.15,1.26,302.22,Douslin-1976
163.15,1.74,284.62,Douslin-1976
153.15,0.6,307.74,Douslin-1976
143.15,0.56,294.87,Douslin-1976
190.43,4.58,206.83,Douslin-1976
190.37,4.57,215.77,Douslin-1976
190.35,4.57,215.59,Douslin-1976
190.25,4.56,220.83,Douslin-1976
190.03,4.52,229.71,Douslin-1976
189.97,4.52,230.01,Douslin-1976
189.65,4.47,235.9,Douslin-1976
189.65,4.47,235.9,Douslin-1976
189.5,4.45,239.29,Douslin-1976
189.4,4.44,239.11,Douslin-1976
188.7,4.34,246.17,Douslin-1976
188.6,4.33,245.95,Douslin-1976
188.15,4.27,248.23,Douslin-1976
187.6,4.19,251.27,Douslin-1976
187.45,4.17,251.24,Douslin-1976
186.1,3.99,256.15,Douslin-1976
185.9,3.97,256.0,Douslin-1976
184.15,3.75,260.5,Douslin-1976
183.9,3.73,260.36,Douslin-1976
183.15,3.64,261.71,Douslin-1976
181.55,3.45,264.74,Douslin-1976
181.3,3.43,264.78,Douslin-1976
178.25,3.1,269.02,Douslin-1976
178.05,3.08,269.13,Douslin-1976
174.25,2.7,273.68,Douslin-1976
173.95,2.68,273.64,Douslin-1976
173.15,2.6,274.44,Douslin-1976
169.15,2.24,278.64,Douslin-1976
168.55,2.21,278.32,Douslin-1976
163.15,1.8,281.89,Douslin-1976
162.65,1.73,283.81,Douslin-1976
161.45,1.69,282.77,Douslin-1976
155.05,1.17,290.52,Douslin-1976
153.15,1.2,285.79,Douslin-1976
150.65,1.07,286.26,Douslin-1976
148.15,0.96,286.57,Douslin-1976
143.15,0.75,286.6,Douslin-1976
138.15,0.53,288.18,Douslin-1976
133.15,0.44,284.57,Douslin-1976
123.15,0.24,279.9,Douslin-1976
113.15,0.11,272.83,Douslin-1976
190.5,4.59,200.33,Douslin-1976
190.5,4.59,203.11,Douslin-1976
190.5,4.59,203.44,Douslin-1976
190.5,4.59,203.65,Douslin-1976
190.5,4.59,215.45,Douslin-1976
190.43,4.58,209.06,Douslin-1976
190.43,4.58,217.73,Douslin-1976
190.25,4.56,224.45,Douslin-1976
190.25,4.56,227.13,Douslin-1976
189.65,4.47,259.03,Douslin-1976
189.65,4.47,259.71,Douslin-1976
188.15,4.27,314.12,Douslin-1976
188.15,4.27,314.18,Douslin-1976
185.91,3.98,374.24,Douslin-1976
183.15,3.64,434.92,Douslin-1976
183.15,3.64,435.02,Douslin-1976
178.15,3.09,528.37,Douslin-1976
173.15,2.61,610.01,Douslin-1976
170.75,2.39,646.47,Douslin-1976
163.15,1.8,754.1,Douslin-1976
155.44,1.32,854.36,Douslin-1976
153.15,1.2,882.78,Douslin-1976
143.15,0.75,1001.89,Douslin-1976
140.02,0.64,1037.59,Douslin-1976
133.15,0.44,1113.92,Douslin-1976
125.09,0.27,1200.31,Douslin-1976
123.15,0.24,1220.56,Douslin-1976
113.15,0.12,1322.65,Douslin-1976
150.0,4.0,980.7,Baidakov-1982
150.0,3.81,977.2,Baidakov-1982
150.0,3.62,973.5,Baidakov-1982
150.0,3.42,970.0,Baidakov-1982
150.0,3.22,965.7,Baidakov-1982
150.0,3.02,962.3,Baidakov-1982
150.0,2.83,958.1,Baidakov-1982
150.0,2.63,954.5,Baidakov-1982
150.0,2.44,950.5,Baidakov-1982
150.0,2.24,946.3,Baidakov-1982
150.0,2.04,942.1,Baidakov-1982
150.0,1.85,938.3,Baidakov-1982
150.0,1.66,934.2,Baidakov-1982
155.0,4.0,922.5,Baidakov-1982
155.0,3.81,918.3,Baidakov-1982
155.0,3.61,914.4,Baidakov-1982
155.0,3.42,909.9,Baidakov-1982
155.0,3.22,905.8,Baidakov-1982
155.0,3.02,901.3,Baidakov-1982
155.0,2.83,896.8,Baidakov-1982
155.0,2.63,892.2,Baidakov-1982
155.0,2.44,887.7,Baidakov-1982
155.0,2.24,883.0,Baidakov-1982
155.0,2.05,878.3,Baidakov-1982
160.0,4.0,861.2,Baidakov-1982
160.0,3.98,861.1,Baidakov-1982
160.0,3.81,856.5,Baidakov-1982
160.0,3.79,856.4,Baidakov-1982
160.0,3.62,852.2,Baidakov-1982
160.0,3.61,851.9,Baidakov-1982
160.0,3.59,851.3,Baidakov-1982
160.0,3.42,847.3,Baidakov-1982
160.0,3.23,842.3,Baidakov-1982
160.0,3.03,837.0,Baidakov-1982
160.0,2.83,831.3,Baidakov-1982
160.0,2.61,825.4,Baidakov-1982
160.0,2.43,820.4,Baidakov-1982
160.0,2.24,814.8,Baidakov-1982
160.0,2.04,809.0,Baidakov-1982
160.0,1.85,803.4,Baidakov-1982
160.0,1.74,799.8,Baidakov-1982
160.0,1.66,797.3,Baidakov-1982
150.0,1.46,930.0,Baidakov-1982
150.0,1.26,925.8,Baidakov-1982
150.0,1.07,921.5,Baidakov-1982
150.0,0.95,918.7,Baidakov-1982
150.0,0.87,917.1,Baidakov-1982
150.0,0.76,914.4,Baidakov-1982
150.0,0.68,912.7,Baidakov-1982
150.0,0.56,910.0,Baidakov-1982
150.0,0.48,908.3,Baidakov-1982
150.0,0.29,903.7,Baidakov-1982
150.0,0.17,900.7,Baidakov-1982
150.0,0.1,899.2,Baidakov-1982
150.0,0.1,899.1,Baidakov-1982
155.0,1.85,873.4,Baidakov-1982
155.0,1.66,868.5,Baidakov-1982
155.0,1.46,863.7,Baidakov-1982
155.0,1.26,858.5,Baidakov-1982
155.0,1.15,855.5,Baidakov-1982
155.0,1.07,853.4,Baidakov-1982
155.0,0.95,850.3,Baidakov-1982
155.0,0.87,848.2,Baidakov-1982
155.0,0.76,845.1,Baidakov-1982
155.0,0.68,843.0,Baidakov-1982
155.0,0.48,837.3,Baidakov-1982
160.0,1.64,797.2,Baidakov-1982
160.0,1.54,793.8,Baidakov-1982
160.0,1.54,793.7,Baidakov-1982
160.0,1.46,791.5,Baidakov-1982
160.0,1.46,791.2,Baidakov-1982
160.0,1.44,790.8,Baidakov-1982
160.0,1.34,787.7,Baidakov-1982
160.0,1.27,785.3,Baidakov-1982
160.0,1.26,785.1,Baidakov-1982
160.0,1.19,782.6,Baidakov-1982
160.0,1.15,781.3,Baidakov-1982
160.0,1.07,778.4,Baidakov-1982
160.0,1.0,776.3,Baidakov-1982
160.0,0.95,774.7,Baidakov-1982
160.0,0.87,772.1,Baidakov-1982
160.0,0.87,771.8,Baidakov-1982
160.0,0.79,769.8,Baidakov-1982
163.0,4.0,823.3,Baidakov-1982
163.0,3.81,818.0,Baidakov-1982
163.0,3.61,812.7,Baidakov-1982
163.0,3.42,807.3,Baidakov-1982
163.0,3.22,801.5,Baidakov-1982
163.0,3.02,795.5,Baidakov-1982
163.0,2.83,789.6,Baidakov-1982
163.0,7.63,783.7,Baidakov-1982
163.0,2.44,777.3,Baidakov-1982
163.0,7.24,771.2,Baidakov-1982
163.0,2.05,764.7,Baidakov-1982
163.0,1.85,757.9,Baidakov-1982
163.0,1.79,755.7,Baidakov-1982
163.0,1.74,753.9,Baidakov-1982
163.0,1.74,753.8,Baidakov-1982
163.0,1.66,751.1,Baidakov-1982
163.0,1.59,748.6,Baidakov-1982
163.0,1.54,746.7,Baidakov-1982
163.0,1.46,743.8,Baidakov-1982
163.0,1.4,741.6,Baidakov-1982
163.0,1.34,739.7,Baidakov-1982
163.0,1.26,737.1,Baidakov-1982
167.0,4.0,769.5,Baidakov-1982
167.0,3.8,763.1,Baidakov-1982
167.0,3.62,757.2,Baidakov-1982
167.0,3.49,752.9,Baidakov-1982
167.0,3.42,750.6,Baidakov-1982
167.0,3.22,743.8,Baidakov-1982
167.0,3.04,737.1,Baidakov-1982
167.0,2.82,729.7,Baidakov-1982
167.0,2.63,722.2,Baidakov-1982
167.0,7.46,715.8,Baidakov-1982
167.0,1.44,714.9,Baidakov-1982
167.0,7.33,710.3,Baidakov-1982
167.0,7.27,708.2,Baidakov-1982
167.0,2.24,707.1,Baidakov-1982
167.0,2.12,702.2,Baidakov-1982
167.0,2.1,701.5,Baidakov-1982
167.0,2.07,700.2,Baidakov-1982
167.0,2.04,698.9,Baidakov-1982
167.0,2.04,698.7,Baidakov-1982
167.0,1.97,695.8,Baidakov-1982
167.0,1.89,692.5,Baidakov-1982
167.0,1.85,690.8,Baidakov-1982
167.0,1.78,687.7,Baidakov-1982
167.0,1.62,680.4,Baidakov-1982
167.0,1.55,677.2,Baidakov-1982
167.0,1.53,676.5,Baidakov-1982
167.0,1.52,675.8,Baidakov-1982
167.0,1.46,673.1,Baidakov-1982
170.0,4.0,726.4,Baidakov-1982
170.0,3.81,719.3,Baidakov-1982
170.0,3.61,711.5,Baidakov-1982
170.0,3.41,704.2,Baidakov-1982
170.0,3.22,696.7,Baidakov-1982
170.0,3.03,688.8,Baidakov-1982
170.0,2.83,680.4,Baidakov-1982
170.0,2.63,671.4,Baidakov-1982
170.0,2.43,662.4,Baidakov-1982
170.0,2.35,658.6,Baidakov-1982
170.0,2.28,655.0,Baidakov-1982
170.0,2.24,653.2,Baidakov-1982
170.0,2.2,651.0,Baidakov-1982
170.0,2.17,649.3,Baidakov-1982
170.0,2.16,649.1,Baidakov-1982
170.0,2.05,643.4,Baidakov-1982
170.0,1.94,637.5,Baidakov-1982
173.0,4.0,680.2,Baidakov-1982
173.0,3.81,671.9,Baidakov-1982
173.0,3.61,663.2,Baidakov-1982
173.0,3.42,554.7,Baidakov-1982
173.0,3.22,645.2,Baidakov-1982
173.0,3.02,635.4,Baidakov-1982
173.0,2.82,624.9,Baidakov-1982
173.0,2.63,614.0,Baidakov-1982
173.0,2.55,609.6,Baidakov-1982
173.0,2.51,607.3,Baidakov-1982
173.0,2.48,605.0,Baidakov-1982
173.0,2.44,602.6,Baidakov-1982
173.0,2.38,599.5,Baidakov-1982
173.0,2.36,597.9,Baidakov-1982
173.0,2.32,595.6,Baidakov-1982
173.0,2.28,593.7,Baidakov-1982
173.0,2.26,592.4,Baidakov-1982
177.0,4.0,612.2,Baidakov-1982
177.0,3.81,601.4,Baidakov-1982
177.0,3.62,590.4,Baidakov-1982
177.0,3.61,590.0,Baidakov-1982
177.0,3.41,578.0,Baidakov-1982
177.0,3.22,565.0,Baidakov-1982
177.0,3.02,551.0,Baidakov-1982
177.0,2.98,547.9,Baidakov-1982
177.0,2.94,544.9,Baidakov-1982
177.0,2.94,544.8,Baidakov-1982
177.0,2.9,541.7,Baidakov-1982
177.0,2.86,538.7,Baidakov-1982
177.0,2.83,536.1,Baidakov-1982
177.0,2.5,533.6,Baidakov-1982
177.0,2.77,531.1,Baidakov-1982
180.0,4.0,553.3,Baidakov-1982
180.0,3.91,547.0,Baidakov-1982
180.0,3.81,540.0,Baidakov-1982
180.0,3.72,532.9,Baidakov-1982
180.0,3.61,524.3,Baidakov-1982
180.0,3.52,516.8,Baidakov-1982
180.0,3.42,507.4,Baidakov-1982
180.0,3.35,500.9,Baidakov-1982
180.0,3.34,500.0,Baidakov-1982
180.0,3.28,494.7,Baidakov-1982
180.0,3.26,492.1,Baidakov-1982
180.0,3.25,491.6,Baidakov-1982
180.0,3.23,488.8,Baidakov-1982
180.0,3.22,488.1,Baidakov-1982
180.0,3.18,483.7,Baidakov-1982
180.0,3.15,480.1,Baidakov-1982
183.0,4.0,482.4,Baidakov-1982
183.0,3.98,481.2,Baidakov-1982
183.0,3.91,474.4,Baidakov-1982
183.0,3.81,462.1,Baidakov-1982
183.0,3.73,452.8,Baidakov-1982
183.0,3.69,447.1,Baidakov-1982
183.0,3.65,441.7,Baidakov-1982
183.0,3.61,436.3,Baidakov-1982
183.0,3.61,435.8,Baidakov-1982
183.0,3.6,434.2,Baidakov-1982
183.0,3.58,432.0,Baidakov-1982
183.0,3.58,430.5,Baidakov-1982
183.0,3.56,427.7,Baidakov-1982
183.0,3.54,424.4,Baidakov-1982
298.15,100.0,1272.95,Kortbeek-1990
298.15,150.0,1534.0,Kortbeek-1990
298.15,200.0,1737.35,Kortbeek-1990
298.15,250.0,1906.53,Kortbeek-1990
298.15,300.0,2052.75,Kortbeek-1990
298.15,350.0,2182.31,Kortbeek-1990
298.15,400.0,2299.14,Kortbeek-1990
298.15,450.0,2405.88,Kortbeek-1990
298.15,500.0,2504.38,Kortbeek-1990
298.15,550.0,2596.04,Kortbeek-1990
298.15,600.0,2681.88,Kortbeek-1990
298.15,650.0,2762.71,Kortbeek-1990
298.15,700.0,2839.18,Kortbeek-1990
298.15,750.0,2911.82,Kortbeek-1990
298.15,800.0,2981.04,Kortbeek-1990
298.15,850.0,3047.22,Kortbeek-1990
298.15,900.0,3110.65,Kortbeek-1990
298.15,950.0,3171.59,Kortbeek-1990
298.15,1000.0,3230.26,Kortbeek-1990
273.15,100.0,1330.39,Kortbeek-1990
273.15,150.0,1586.05,Kortbeek-1990
273.15,200.0,1787.0,Kortbeek-1990
273.15,250.0,1954.27,Kortbeek-1990
273.15,300.0,2098.68,Kortbeek-1990
273.15,350.0,2226.47,Kortbeek-1990
273.15,400.0,2341.61,Kortbeek-1990
273.15,450.0,2446.75,Kortbeek-1990
273.15,500.0,2543.76,Kortbeek-1990
273.15,550.0,2634.03,Kortbeek-1990
273.15,600.0,2718.58,Kortbeek-1990
273.15,650.0,2798.25,Kortbeek-1990
273.15,700.0,2873.66,Kortbeek-1990
273.15,750.0,2945.33,Kortbeek-1990
273.15,800.0,3013.7,Kortbeek-1990
273.15,850.0,3079.11,Kortbeek-1990
273.15,900.0,3141.85,Kortbeek-1990
273.15,950.0,3202.2,Kortbeek-1990
273.15,1000.0,3260.35,Kortbeek-1990
248.15,100.0,1392.99,Kortbeek-1990
248.15,150.0,1644.94,Kortbeek-1990
248.15,200.0,1841.12,Kortbeek-1990
248.15,250.0,2004.6,Kortbeek-1990
248.15,300.0,2146.11,Kortbeek-1990
248.15,350.0,2271.66,Kortbeek-1990
248.15,400.0,2385.0,Kortbeek-1990
248.15,450.0,2488.63,Kortbeek-1990
248.15,500.0,2584.34,Kortbeek-1990
248.15,550.0,2673.42,Kortbeek-1990
248.15,600.0,2756.88,Kortbeek-1990
248.15,650.0,2835.5,Kortbeek-1990
248.15,700.0,2909.88,Kortbeek-1990
248.15,750.0,2980.54,Kortbeek-1990
248.15,800.0,3047.88,Kortbeek-1990
248.15,850.0,3112.25,Kortbeek-1990
248.15,900.0,3173.95,Kortbeek-1990
223.15,100.0,1469.28,Kortbeek-1990
223.15,150.0,1711.44,Kortbeek-1990
223.15,200.0,1901.92,Kortbeek-1990
223.15,250.0,2060.43,Kortbeek-1990
223.15,300.0,2197.71,Kortbeek-1990
223.15,350.0,2319.82,Kortbeek-1990
223.15,400.0,2430.43,Kortbeek-1990
223.15,450.0,2531.9,Kortbeek-1990
223.15,500.0,2625.89,Kortbeek-1990
223.15,550.0,2713.54,Kortbeek-1990
223.15,600.0,2795.73,Kortbeek-1990
223.15,650.0,2873.13,Kortbeek-1990
223.15,700.0,2946.26,Kortbeek-1990
223.15,750.0,3015.55,Kortbeek-1990
198.15,100.0,1546.83,Kortbeek-1990
198.15,150.0,1778.11,Kortbeek-1990
198.15,200.0,1961.04,Kortbeek-1990
198.15,250.0,2114.82,Kortbeek-1990
198.15,300.0,2248.76,Kortbeek-1990
198.15,350.0,2368.13,Kortbeek-1990
198.15,400.0,2476.3,Kortbeek-1990
198.15,450.0,2575.52,Kortbeek-1990
198.15,500.0,2667.41,Kortbeek-1990
198.15,550.0,2753.15,Kortbeek-1990
173.15,100.0,1639.66,Kortbeek-1990
173.15,150.0,1858.04,Kortbeek-1990
173.15,200.0,2032.48,Kortbeek-1990
173.15,250.0,2180.37,Kortbeek-1990
173.15,300.0,2309.96,Kortbeek-1990
173.15,350.0,2425.96,Kortbeek-1990
173.15,400.0,2531.37,Kortbeek-1990
148.15,100.0,1739.99,Kortbeek-1990
148.15,150.0,1941.04,Kortbeek-1990
148.15,200.0,2105.03,Kortbeek-1990
148.15,250.0,2245.54,Kortbeek-1990
252.54,0.1,410.83,Quigley-1945
252.85,0.1,410.83,Quigley-1945
253.1,0.1,410.76,Quigley-1945
226.09,0.1,389.45,Quigley-1945
225.74,0.1,389.35,Quigley-1945
226.47,0.1,389.35,Quigley-1945
226.05,0.1,389.37,Quigley-1945
203.53,0.1,370.02,Quigley-1945
186.62,0.1,352.53,Quigley-1945
186.3,0.1,352.55,Quigley-1945
184.8,0.1,352.49,Quigley-1945
170.34,0.1,336.59,Quigley-1945
168.62,0.1,336.55,Quigley-1945
154.77,0.1,321.97,Quigley-1945
144.18,0.1,308.61,Quigley-1945
144.26,0.1,308.56,Quigley-1945
133.55,0.1,296.29,Quigley-1945
124.21,0.1,284.91,Quigley-1945
115.58,0.1,274.4,Quigley-1945
111.33,0.11,1340.9,van Itterbeek-1967
111.33,0.5,1345.0,van Itterbeek-1967
111.33,0.98,1349.6,van Itterbeek-1967
111.33,1.97,1358.7,van Itterbeek-1967
111.33,2.94,1367.0,van Itterbeek-1967
111.33,3.93,1376.6,van Itterbeek-1967
111.33,4.91,1384.8,van Itterbeek-1967
111.33,5.88,1393.1,van Itterbeek-1967
111.33,6.82,1402.1,van Itterbeek-1967
111.33,7.57,1408.5,van Itterbeek-1967
125.1,0.28,1200.6,van Itterbeek-1967
125.1,0.53,1202.9,van Itterbeek-1967
125.1,1.01,1209.0,van Itterbeek-1967
125.1,1.99,1220.8,van Itterbeek-1967
125.1,2.96,1232.1,van Itterbeek-1967
125.1,3.92,1242.7,van Itterbeek-1967
125.1,4.86,1253.8,van Itterbeek-1967
125.1,5.92,1265.1,van Itterbeek-1967
125.1,6.85,1275.0,van Itterbeek-1967
125.1,7.8,1285.0,van Itterbeek-1967
125.1,8.77,1295.0,van Itterbeek-1967
125.1,9.79,1305.2,van Itterbeek-1967
140.03,0.65,1038.5,van Itterbeek-1967
140.03,1.11,1045.0,van Itterbeek-1967
140.03,1.99,1059.5,van Itterbeek-1967
140.03,2.98,1075.0,van Itterbeek-1967
140.03,3.93,1089.1,van Itterbeek-1967
140.03,4.93,1104.0,van Itterbeek-1967
140.03,5.9,1117.9,van Itterbeek-1967
140.03,6.84,1130.6,van Itterbeek-1967
140.03,7.89,1145.3,van Itterbeek-1967
140.03,8.84,1157.0,van Itterbeek-1967
140.03,9.79,1169.5,van Itterbeek-1967
140.03,10.61,1178.7,van Itterbeek-1967
140.03,11.03,1183.9,van Itterbeek-1967
155.43,1.37,854.0,van Itterbeek-1967
155.43,2.15,872.9,van Itterbeek-1967
155.43,2.92,891.3,van Itterbeek-1967
155.43,3.98,915.1,van Itterbeek-1967
155.43,4.95,935.5,van Itterbeek-1967
155.43,5.93,954.5,van Itterbeek-1967
155.43,6.74,970.5,van Itterbeek-1967
155.43,7.84,990.5,van Itterbeek-1967
155.43,8.88,1007.7,van Itterbeek-1967
155.43,9.78,1022.5,van Itterbeek-1967
155.43,10.84,1038.6,van Itterbeek-1967
155.43,11.81,1053.6,van Itterbeek-1967
155.43,12.78,1068.6,van Itterbeek-1967
155.43,13.77,1080.9,van Itterbeek-1967
155.43,14.77,1094.9,van Itterbeek-1967
155.43,15.59,1105.5,van Itterbeek-1967
170.73,2.4,646.8,van Itterbeek-1967
170.73,3.0,672.2,van Itterbeek-1967
170.73,3.96,710.2,van Itterbeek-1967
170.73,4.92,743.7,van Itterbeek-1967
170.73,6.2,782.7,van Itterbeek-1967
170.73,7.84,826.0,van Itterbeek-1967
170.73,8.88,849.9,van Itterbeek-1967
170.73,9.83,871.1,van Itterbeek-1967
170.73,10.69,890.3,van Itterbeek-1967
170.73,11.67,909.0,van Itterbeek-1967
170.73,12.7,927.0,van Itterbeek-1967
170.73,13.58,944.1,van Itterbeek-1967
170.73,14.61,261.4,van Itterbeek-1967
170.73,15.61,977.9,van Itterbeek-1967
170.73,16.87,995.3,van Itterbeek-1967
170.73,18.29,1015.6,van Itterbeek-1967
185.88,3.97,373.6,van Itterbeek-1967
185.88,4.52,450.0,van Itterbeek-1967
185.88,5.0,494.8,van Itterbeek-1967
185.88,5.93,556.2,van Itterbeek-1967
185.88,6.89,603.0,van Itterbeek-1967
185.88,7.89,646.6,van Itterbeek-1967
185.88,8.93,685.6,van Itterbeek-1967
185.88,9.81,707.4,van Itterbeek-1967
185.88,10.81,738.7,van Itterbeek-1967
185.88,11.82,766.8,van Itterbeek-1967
185.88,13.25,800.6,van Itterbeek-1967
185.88,14.81,836.3,van Itterbeek-1967
185.88,15.89,856.1,van Itterbeek-1967
185.88,17.36,884.2,van Itterbeek-1967
185.88,18.34,901.8,van Itterbeek-1967
190.0,4.55,264.2,van Itterbeek-1967
190.0,4.78,340.2,van Itterbeek-1967
190.0,5.3,415.6,van Itterbeek-1967
190.0,5.95,482.3,van Itterbeek-1967
190.0,6.84,539.8,van Itterbeek-1967
190.0,7.79,590.9,van Itterbeek-1967
190.0,8.86,634.5,van Itterbeek-1967
190.0,10.1,677.7,van Itterbeek-1967
190.0,11.35,715.7,van Itterbeek-1967
190.0,12.57,748.8,van Itterbeek-1967
190.0,13.79,778.2,van Itterbeek-1967
190.0,15.04,807.2,van Itterbeek-1967
190.0,16.33,833.3,van Itterbeek-1967
190.0,17.51,855.1,van Itterbeek-1967
190.0,18.73,878.5,van Itterbeek-1967
190.0,19.97,900.5,van Itterbeek-1967
115.0,0.98,1311.0,van Itterbeek-1967
115.0,1.96,1323.0,van Itterbeek-1967
115.0,2.94,1331.0,van Itterbeek-1967
115.0,3.92,1341.0,van Itterbeek-1967
115.0,4.9,1345.0,van Itterbeek-1967
115.0,5.88,1359.0,van Itterbeek-1967
115.0,6.86,1367.0,van Itterbeek-1967
115.0,7.84,1377.0,van Itterbeek-1967
125.0,0.98,1209.0,van Itterbeek-1967
125.0,1.96,1221.0,van Itterbeek-1967
125.0,2.94,1232.0,van Itterbeek-1967
125.0,3.92,1243.0,van Itterbeek-1967
125.0,4.9,1255.0,van Itterbeek-1967
125.0,5.88,1266.0,van Itterbeek-1967
125.0,6.86,1275.0,van Itterbeek-1967
125.0,7.84,1286.0,van Itterbeek-1967
125.0,8.82,1296.0,van Itterbeek-1967
125.0,9.8,1306.0,van Itterbeek-1967
125.0,10.78,1315.0,van Itterbeek-1967
140.0,0.98,1043.0,van Itterbeek-1967
140.0,1.96,1059.0,van Itterbeek-1967
140.0,2.94,1074.0,van Itterbeek-1967
140.0,3.92,1089.0,van Itterbeek-1967
140.0,4.9,1103.0,van Itterbeek-1967
140.0,5.88,1118.0,van Itterbeek-1967
140.0,6.86,1131.0,van Itterbeek-1967
140.0,7.84,1144.0,van Itterbeek-1967
140.0,8.82,1156.0,van Itterbeek-1967
140.0,9.8,1169.0,van Itterbeek-1967
140.0,10.78,1180.0,van Itterbeek-1967
155.0,1.96,873.0,van Itterbeek-1967
155.0,2.94,895.0,van Itterbeek-1967
155.0,3.92,918.0,van Itterbeek-1967
155.0,4.9,939.0,van Itterbeek-1967
155.0,5.88,958.0,van Itterbeek-1967
155.0,6.86,977.0,van Itterbeek-1967
155.0,7.84,994.0,van Itterbeek-1967
155.0,8.82,1011.0,van Itterbeek-1967
155.0,9.8,1026.0,van Itterbeek-1967
155.0,10.78,1041.0,van Itterbeek-1967
155.0,11.76,1056.0,van Itterbeek-1967
155.0,12.74,1070.0,van Itterbeek-1967
155.0,13.72,1084.0,van Itterbeek-1967
155.0,14.7,1096.0,van Itterbeek-1967
145.6,0.86,970.0,Siger-1969
145.6,1.82,980.0,Siger-1969
145.6,3.06,1020.0,Siger-1969
145.6,5.02,1050.0,Siger-1969
145.6,7.2,1080.0,Siger-1969
145.6,8.58,1100.0,Siger-1969
125.0,0.34,1200.0,Siger-1969
125.1,1.02,1210.0,Siger-1969
125.0,3.54,1240.0,Siger-1969
124.9,5.88,1260.0,Siger-1969
125.0,7.94,1282.0,Siger-1969
125.1,8.73,1295.0,Siger-1969
113.0,0.24,1330.0,Siger-1969
113.6,0.77,1332.0,Siger-1969
114.0,1.38,1335.0,Siger-1969
115.0,2.65,1340.0,Siger-1969
117.0,5.1,1345.0,Siger-1969
112.0,0.16,1350.0,Siger-1969
111.9,3.02,1380.0,Siger-1969
112.1,6.12,1400.0,Siger-1969
112.0,8.72,1430.0,Siger-1969
105.0,0.16,1485.0,Siger-1969
94.0,0.16,1520.0,Siger-1969
274.15,0.1,429.2,Dixon-1921
374.15,0.1,487.4,Dixon-1921
474.15,0.1,540.0,Dixon-1921
574.15,0.1,587.3,Dixon-1921
674.15,0.1,630.8,Dixon-1921
774.15,0.1,671.4,Dixon-1921
874.15,0.1,709.2,Dixon-1921
300.15,1.3,411.0,Cardamone-1970
300.15,1.55,417.0,Cardamone-1970
300.15,1.79,417.0,Cardamone-1970
300.15,2.03,417.0,Cardamone-1970
300.15,2.28,417.0,Cardamone-1970
300.15,2.52,423.0,Cardamone-1970
300.15,2.9,424.0,Cardamone-1970
300.15,3.0,420.0,Cardamone-1970
300.15,4.14,409.0,Cardamone-1970
300.15,5.17,407.0,Cardamone-1970
300.15,6.21,407.0,Cardamone-1970
300.15,7.58,411.0,Cardamone-1970
300.15,8.83,419.0,Cardamone-1970
300.15,9.65,426.0,Cardamone-1970
300.15,10.76,430.0,Cardamone-1970
300.15,10.76,434.0,Cardamone-1970
100.0,33.38,1672.6,Straty-1974
100.0,26.08,1630.7,Straty-1974
100.0,19.12,1588.1,Straty-1974
100.0,13.09,1548.5,Straty-1974
100.0,7.24,1507.4,Straty-1974
100.0,1.66,1465.1,Straty-1974
120.0,31.16,1517.2,Straty-1974
120.0,26.23,1482.8,Straty-1974
120.0,19.98,1436.0,Straty-1974
120.0,15.15,1397.0,Straty-1974
120.0,9.26,1345.2,Straty-1974
120.0,4.37,1290.5,Straty-1974
150.0,34.53,1339.6,Straty-1974
150.0,28.84,1290.0,Straty-1974
150.0,23.67,1240.3,Straty-1974
150.0,18.43,1184.6,Straty-1974
150.0,12.67,1114.5,Straty-1974
150.0,7.26,1036.6,Straty-1974
150.0,3.02,962.1,Straty-1974
170.0,31.46,1183.8,Straty-1974
170.0,26.99,1135.5,Straty-1974
170.0,20.77,1059.2,Straty-1974
170.0,17.54,1013.9,Straty-1974
170.0,13.01,940.7,Straty-1974
170.0,7.77,833.5,Straty-1974
170.0,4.53,742.9,Straty-1974
184.0,34.25,1129.0,Straty-1974
184.0,27.88,1055.1,Straty-1974
184.0,22.51,282.8,Straty-1974
184.0,17.86,909.0,Straty-1974
184.0,13.84,831.9,Straty-1974
184.0,10.44,751.2,Straty-1974
184.0,7.72,666.6,Straty-1974
184.0,5.77,579.9,Straty-1974
184.0,5.3,552.8,Straty-1974
210.0,34.07,987.0,Straty-1974
210.0,27.6,898.0,Straty-1974
210.0,22.26,809.8,Straty-1974
210.0,17.49,711.5,Straty-1974
210.0,14.83,643.9,Straty-1974
210.0,12.7,577.5,Straty-1974
210.0,10.94,511.5,Straty-1974
210.0,10.17,477.0,Straty-1974
210.0,9.65,451.2,Straty-1974
240.0,34.64,863.5,Straty-1974
240.0,29.11,782.7,Straty-1974
240.0,24.66,707.0,Straty-1974
240.0,20.89,632.6,Straty-1974
240.0,18.89,588.8,Straty-1974
240.0,16.84,540.2,Straty-1974
240.0,15.19,498.4,Straty-1974
240.0,14.07,469.8,Straty-1974
270.0,34.77,771.5,Straty-1974
270.0,30.49,711.2,Straty-1974
270.0,25.97,641.6,Straty-1974
270.0,21.84,572.8,Straty-1974
300.0,34.84,713.9,Straty-1974
300.0,29.73,649.5,Straty-1974
300.0,27.3,618.0,Straty-1974
300.0,24.63,580.4,Straty-1974
300.0,20.98,537.3,Straty-1974
300.0,17.59,507.4,Straty-1975
300.0,12.57,463.5,Straty-1975
300.0,7.8,445.6,Straty-1975
300.0,2.46,447.7,Straty-1975
240.0,14.47,480.8,Straty-1975
240.0,12.54,433.1,Straty-1975
240.0,12.5,431.5,Straty-1975
240.0,10.18,387.6,Straty-1975
240.0,9.78,381.6,Straty-1975
240.0,8.11,370.6,Straty-1975
240.0,7.64,368.2,Straty-1975
240.0,6.23,369.0,Straty-1975
240.0,5.45,371.9,Straty-1975
240.0,3.53,380.3,Straty-1975
240.0,3.42,380.3,Straty-1975
240.0,2.12,389.7,Straty-1975
240.0,1.82,393.5,Straty-1975
210.0,9.87,462.9,Straty-1975
210.0,8.72,400.4,Straty-1975
210.0,7.95,357.5,Straty-1975
210.0,6.81,313.1,Straty-1975
210.0,5.81,311.6,Straty-1975
210.0,4.42,326.0,Straty-1975
210.0,2.3,352.2,Straty-1975
255.0,6.94,388.39,Goodwin-1988
255.0,6.33,388.99,Goodwin-1988
255.0,5.73,390.17,Goodwin-1988
255.0,5.08,391.99,Goodwin-1988
255.0,4.38,394.47,Goodwin-1988
255.0,3.61,397.74,Goodwin-1988
255.0,2.7,402.22,Goodwin-1988
255.0,1.75,407.26,Goodwin-1988
255.0,0.96,411.74,Goodwin-1988
255.0,0.23,416.07,Goodwin-1988
255.0,0.17,416.46,Goodwin-1988
255.0,0.1,415.89,Goodwin-1988
255.0,0.05,418.96,Goodwin-1988
273.16,7.09,410.82,Goodwin-1988
273.16,6.56,410.92,Goodwin-1988
273.16,5.68,411.76,Goodwin-1988
273.16,4.84,413.3,Goodwin-1988
273.16,4.37,414.43,Goodwin-1988
273.16,3.67,416.4,Goodwin-1988
273.16,3.02,418.53,Goodwin-1988
273.16,2.07,422.1,Goodwin-1988
273.16,1.58,424.09,Goodwin-1988
273.16,1.55,424.19,Goodwin-1988
273.16,1.0,426.6,Goodwin-1988
273.16,0.6,428.37,Goodwin-1988
273.16,0.22,430.09,Goodwin-1988
300.0,7.12,439.02,Goodwin-1988
300.0,6.25,438.72,Goodwin-1988
300.0,5.53,438.9,Goodwin-1988
300.0,4.89,439.37,Goodwin-1988
300.0,4.09,440.29,Goodwin-1988
300.0,3.39,441.42,Goodwin-1988
300.0,2.63,442.93,Goodwin-1988
300.0,1.85,444.75,Goodwin-1988
300.0,1.14,466.65,Goodwin-1988
300.0,0.24,449.28,Goodwin-1988
300.0,0.17,449.49,Goodwin-1988
300.0,0.1,449.69,Goodwin-1988
350.0,7.18,481.44,Goodwin-1988
350.0,6.2,480.31,Goodwin-1988
350.0,5.13,479.51,Goodwin-1988
350.0,4.14,479.21,Goodwin-1988
350.0,3.16,479.29,Goodwin-1988
350.0,3.16,479.29,Goodwin-1988
350.0,2.08,479.78,Goodwin-1988
350.0,1.26,480.39,Goodwin-1988
350.0,0.66,480.99,Goodwin-1988
350.0,0.21,481.47,Goodwin-1988
293.15,0.1,446.2,Terres-1957
293.15,0.98,444.0,Terres-1957
293.15,1.96,441.3,Terres-1957
293.15,2.94,439.2,Terres-1957
293.15,3.92,437.0,Terres-1957
293.15,4.9,435.4,Terres-1957
293.15,5.88,434.8,Terres-1957
293.15,6.86,434.5,Terres-1957
293.15,7.84,435.0,Terres-1957
293.15,8.82,436.2,Terres-1957
293.15,9.8,439.1,Terres-1957
293.15,10.78,442.8,Terres-1957
293.15,11.76,447.7,Terres-1957
323.15,0.1,466.0,Terres-1957
323.15,0.98,464.3,Terres-1957
323.15,1.96,462.0,Terres-1957
323.15,2.94,460.4,Terres-1957
323.15,3.92,459.8,Terres-1957
323.15,4.9,459.6,Terres-1957
323.15,5.88,459.9,Terres-1957
323.15,6.86,461.0,Terres-1957
323.15,7.84,462.5,Terres-1957
323.15,8.82,464.2,Terres-1957
323.15,9.8,4.6,Terres-1957
323.15,10.78,470.0,Terres-1957
323.15,11.76,473.8,Terres-1957
348.15,0.1,482.0,Terres-1957
348.15,0.98,480.7,Terres-1957
348.15,1.96,479.5,Terres-1957
348.15,2.94,478.9,Terres-1957
348.15,3.92,478.3,Terres-1957
348.15,4.9,478.4,Terres-1957
348.15,5.88,479.0,Terres-1957
348.15,6.86,479.9,Terres-1957
348.15,7.84,481.5,Terres-1957
348.15,8.82,483.8,Terres-1957
348.15,9.8,486.4,Terres-1957
348.15,10.78,489.8,Terres-1957
348.15,11.76,494.8,Terres-1957
373.15,0.1,496.8,Terres-1957
373.15,0.98,495.8,Terres-1957
373.15,1.96,494.8,Terres-1957
373.15,2.94,494.5,Terres-1957
373.15,3.92,494.8,Terres-1957
373.15,4.9,495.7,Terres-1957
373.15,5.88,496.6,Terres-1957
373.15,6.86,498.1,Terres-1957
373.15,7.84,499.9,Terres-1957
373.15,8.82,501.8,Terres-1957
373.15,9.8,504.1,Terres-1957
373.15,10.78,507.7,Terres-1957
373.15,11.76,510.8,Terres-1957
398.15,0.1,510.9,Terres-1957
398.15,0.98,509.7,Terres-1957
398.15,1.96,509.1,Terres-1957
398.15,2.94,509.2,Terres-1957
398.15,3.92,510.0,Terres-1957
398.15,4.9,511.1,Terres-1957
398.15,5.88,512.6,Terres-1957
398.15,6.86,513.9,Terres-1957
398.15,7.84,515.9,Terres-1957
398.15,8.82,518.2,Terres-1957
398.15,9.8,520.3,Terres-1957
398.15,10.78,523.3,Terres-1957
398.15,11.76,526.8,Terres-1957
423.15,0.1,523.4,Terres-1957
423.15,0.98,522.9,Terres-1957
423.15,1.96,522.9,Terres-1957
423.15,2.94,523.2,Terres-1957
423.15,3.92,523.9,Terres-1957
423.15,4.9,525.2,Terres-1957
423.15,5.88,526.8,Terres-1957
423.15,6.86,528.2,Terres-1957
423.15,7.84,530.2,Terres-1957
423.15,8.82,532.6,Terres-1957
423.15,9.8,535.0,Terres-1957
423.15,10.78,538.0,Terres-1957
423.15,11.76,542.0,Terres-1957