Temperature (K),Pressure (MPa),Viscosity (uPa*s),Reference
292.96,0.34,10.926,Vogel-2011
297.08,0.34,11.062,Vogel-2011
323.86,0.34,11.914,Vogel-2011
350.55,0.34,12.735,Vogel-2011
378.15,0.34,13.562,Vogel-2011
405.88,0.34,14.365,Vogel-2011
433.83,0.34,15.149,Vogel-2011
461.85,0.34,15.912,Vogel-2011
490.13,0.34,16.663,Vogel-2011
518.83,0.34,17.398,Vogel-2011
542.6,0.34,17.996,Vogel-2011
565.38,0.34,18.564,Vogel-2011
594.08,0.34,19.261,Vogel-2011
623.33,0.34,19.953,Vogel-2011
652.41,0.34,20.626,Vogel-2011
682.14,0.34,21.31,Vogel-2011
291.93,0.34,10.891,Vogel-2011
296.43,0.34,11.029,Vogel-2011
289.05,0.34,10.813,Vogel-2011
296.57,0.34,11.048,Vogel-2011
323.43,0.34,11.886,Vogel-2011
350.64,0.34,12.725,Vogel-2011
378.25,0.34,13.552,Vogel-2011
406.03,0.34,14.36,Vogel-2011
434.02,0.34,15.141,Vogel-2011
461.75,0.34,15.901,Vogel-2011
490.15,0.34,16.649,Vogel-2011
518.8,0.34,17.403,Vogel-2011
542.36,0.34,17.981,Vogel-2011
565.1,0.34,18.544,Vogel-2011
593.84,0.34,19.239,Vogel-2011
623.05,0.34,19.934,Vogel-2011
652.07,0.34,20.605,Vogel-2011
681.93,0.34,21.273,Vogel-2011
290.41,0.34,10.833,Vogel-2011
210.76,0.0,8.08,May-2007
225.81,0.0,8.622,May-2007
248.25,0.0,9.408,May-2007
273.16,0.0,10.254,May-2007
298.14,0.0,11.075,May-2007
298.15,0.0,11.073,May-2007
298.15,0.0,11.075,May-2007
313.22,0.0,11.557,May-2007
331.55,0.0,12.132,May-2007
352.57,0.0,12.775,May-2007
371.19,0.0,13.329,May-2007
391.54,0.0,13.923,May-2007
391.55,0.0,13.923,May-2007
210.76,0.1,8.067,May-2007
225.81,0.1,8.609,May-2007
248.25,0.1,9.395,May-2007
273.16,0.1,10.242,May-2007
298.14,0.1,11.064,May-2007
298.15,0.1,11.061,May-2007
298.15,0.1,11.064,May-2007
313.22,0.1,11.546,May-2007
331.55,0.1,12.121,May-2007
352.57,0.1,12.764,May-2007
371.19,0.1,13.319,May-2007
391.54,0.1,13.914,May-2007
391.55,0.1,13.914,May-2007
260.0,0.1,9.815,Schley-2004
260.0,0.2,9.836,Schley-2004
260.0,0.3,9.851,Schley-2004
260.0,0.4,9.865,Schley-2004
260.0,0.5,9.879,Schley-2004
260.0,0.6,9.896,Schley-2004
260.0,0.7,9.906,Schley-2004
260.0,0.8,9.924,Schley-2004
260.0,0.9,9.939,Schley-2004
260.0,1.0,9.954,Schley-2004
260.0,1.25,10.0,Schley-2004
260.0,1.5,10.042,Schley-2004
260.0,1.75,10.088,Schley-2004
260.0,2.0,10.135,Schley-2004
260.0,2.26,10.196,Schley-2004
260.0,2.5,10.249,Schley-2004
260.0,2.73,10.302,Schley-2004
260.0,2.99,10.362,Schley-2004
260.0,3.25,10.429,Schley-2004
260.0,3.48,10.499,Schley-2004
260.0,3.74,10.568,Schley-2004
260.0,3.99,10.642,Schley-2004
260.0,4.26,10.733,Schley-2004
260.0,4.48,10.807,Schley-2004
260.0,4.75,10.896,Schley-2004
260.0,5.0,10.988,Schley-2004
260.0,5.5,11.182,Schley-2004
260.0,6.0,11.394,Schley-2004
260.0,6.5,11.623,Schley-2004
260.0,7.0,11.871,Schley-2004
260.0,7.5,12.141,Schley-2004
260.0,7.99,12.428,Schley-2004
260.0,8.48,12.726,Schley-2004
260.0,9.01,13.072,Schley-2004
260.0,9.46,13.389,Schley-2004
260.0,9.99,13.791,Schley-2004
260.0,10.5,14.185,Schley-2004
260.0,11.01,14.597,Schley-2004
260.0,11.48,15.004,Schley-2004
260.0,12.01,15.482,Schley-2004
260.0,12.48,15.903,Schley-2004
260.0,13.02,16.396,Schley-2004
260.0,13.5,16.846,Schley-2004
260.0,13.99,17.326,Schley-2004
260.0,14.5,17.8,Schley-2004
260.0,15.01,18.292,Schley-2004
260.0,15.53,18.786,Schley-2004
260.0,16.01,19.24,Schley-2004
260.0,16.54,19.735,Schley-2004
260.0,17.02,20.192,Schley-2004
260.0,17.39,20.532,Schley-2004
260.0,17.99,21.062,Schley-2004
260.0,18.47,21.496,Schley-2004
260.0,18.99,21.943,Schley-2004
260.0,19.47,22.359,Schley-2004
260.0,19.82,22.652,Schley-2004
280.0,0.1,10.484,Schley-2004
280.0,0.2,10.504,Schley-2004
280.0,0.3,10.519,Schley-2004
280.0,0.4,10.536,Schley-2004
280.0,0.5,10.547,Schley-2004
280.0,0.6,10.564,Schley-2004
280.0,0.7,10.574,Schley-2004
280.0,0.8,10.589,Schley-2004
280.0,0.9,10.604,Schley-2004
280.0,1.0,10.619,Schley-2004
280.0,1.24,10.656,Schley-2004
280.0,1.5,10.699,Schley-2004
280.0,1.75,10.742,Schley-2004
280.0,1.99,10.789,Schley-2004
280.0,2.23,10.832,Schley-2004
280.0,2.5,10.887,Schley-2004
280.0,2.74,10.939,Schley-2004
280.0,3.0,10.99,Schley-2004
280.0,3.25,11.048,Schley-2004
280.0,10.48,11.107,Schley-2004
280.0,10.5,11.162,Schley-2004
280.0,10.52,11.235,Schley-2004
280.0,10.54,11.295,Schley-2004
280.0,10.55,11.368,Schley-2004
280.0,10.56,11.44,Schley-2004
280.0,10.57,11.514,Schley-2004
280.0,10.59,11.676,Schley-2004
280.0,10.6,11.845,Schley-2004
280.0,10.62,12.027,Schley-2004
280.0,10.66,12.218,Schley-2004
280.0,10.7,12.421,Schley-2004
280.0,10.74,12.627,Schley-2004
280.0,10.79,12.875,Schley-2004
280.0,10.83,13.105,Schley-2004
280.0,10.89,13.361,Schley-2004
280.0,10.94,13.625,Schley-2004
280.0,10.99,13.902,Schley-2004
280.0,11.05,14.19,Schley-2004
280.0,11.5,14.482,Schley-2004
280.0,12.0,14.795,Schley-2004
280.0,12.48,15.098,Schley-2004
280.0,13.0,15.44,Schley-2004
280.0,13.5,15.766,Schley-2004
280.0,13.93,16.059,Schley-2004
280.0,14.47,16.431,Schley-2004
280.0,15.0,16.807,Schley-2004
280.0,15.5,17.167,Schley-2004
280.0,16.0,17.523,Schley-2004
280.0,16.51,17.877,Schley-2004
280.0,17.0,18.247,Schley-2004
280.0,17.5,18.596,Schley-2004
280.0,17.99,18.961,Schley-2004
280.0,18.51,19.331,Schley-2004
280.0,19.01,19.686,Schley-2004
280.0,19.47,20.006,Schley-2004
280.0,19.84,20.268,Schley-2004
300.0,0.1,11.142,Schley-2004
300.0,0.2,11.161,Schley-2004
300.0,0.3,11.173,Schley-2004
300.0,0.4,11.19,Schley-2004
300.0,0.5,11.204,Schley-2004
300.0,0.6,11.216,Schley-2004
300.0,0.7,11.228,Schley-2004
300.0,0.8,11.238,Schley-2004
300.0,0.9,11.253,Schley-2004
300.0,1.0,11.268,Schley-2004
300.0,1.25,11.306,Schley-2004
300.0,1.49,11.342,Schley-2004
300.0,1.75,11.383,Schley-2004
300.0,2.0,11.424,Schley-2004
300.0,2.25,11.468,Schley-2004
300.0,2.49,11.511,Schley-2004
300.0,2.74,11.558,Schley-2004
300.0,2.99,11.605,Schley-2004
300.0,3.25,11.657,Schley-2004
300.0,3.5,11.711,Schley-2004
300.0,3.75,11.767,Schley-2004
300.0,3.99,11.82,Schley-2004
300.0,4.25,11.879,Schley-2004
300.0,4.5,11.939,Schley-2004
300.0,4.75,12.001,Schley-2004
300.0,4.99,12.064,Schley-2004
300.0,5.49,12.197,Schley-2004
300.0,5.97,12.332,Schley-2004
300.0,6.47,12.482,Schley-2004
300.0,7.0,12.648,Schley-2004
300.0,7.5,12.813,Schley-2004
300.0,7.98,12.979,Schley-2004
300.0,8.46,13.155,Schley-2004
300.0,9.0,13.357,Schley-2004
300.0,9.5,13.554,Schley-2004
300.0,9.99,13.755,Schley-2004
300.0,10.49,13.968,Schley-2004
300.0,10.95,14.172,Schley-2004
300.0,11.51,14.426,Schley-2004
300.0,12.0,14.658,Schley-2004
300.0,12.5,14.898,Schley-2004
300.0,12.98,15.135,Schley-2004
300.0,13.46,15.38,Schley-2004
300.0,14.02,15.672,Schley-2004
300.0,14.52,15.939,Schley-2004
300.0,14.97,16.178,Schley-2004
300.0,15.48,16.457,Schley-2004
300.0,15.96,16.718,Schley-2004
300.0,16.47,17.003,Schley-2004
300.0,16.98,17.296,Schley-2004
300.0,17.48,17.58,Schley-2004
300.0,17.96,17.86,Schley-2004
300.0,18.47,18.151,Schley-2004
300.0,18.94,18.42,Schley-2004
300.0,19.52,18.755,Schley-2004
300.0,20.03,19.048,Schley-2004
320.0,0.1,11.773,Schley-2004
320.0,0.2,11.795,Schley-2004
320.0,0.3,11.809,Schley-2004
320.0,0.4,11.821,Schley-2004
320.0,0.5,11.835,Schley-2004
320.0,0.6,11.846,Schley-2004
320.0,0.7,11.859,Schley-2004
320.0,0.8,11.871,Schley-2004
320.0,0.9,11.882,Schley-2004
320.0,1.0,11.898,Schley-2004
320.0,1.25,11.932,Schley-2004
320.0,1.5,11.967,Schley-2004
320.0,1.75,12.003,Schley-2004
320.0,2.0,12.044,Schley-2004
320.0,2.25,12.084,Schley-2004
320.0,2.49,12.123,Schley-2004
320.0,2.74,12.167,Schley-2004
320.0,3.0,12.21,Schley-2004
320.0,3.26,12.26,Schley-2004
320.0,3.49,12.303,Schley-2004
320.0,3.76,12.353,Schley-2004
320.0,4.01,12.406,Schley-2004
320.0,4.25,12.455,Schley-2004
320.0,4.51,12.513,Schley-2004
320.0,4.75,12.564,Schley-2004
320.0,5.0,12.62,Schley-2004
320.0,5.49,12.734,Schley-2004
320.0,6.0,12.859,Schley-2004
320.0,6.49,12.987,Schley-2004
320.0,7.0,13.125,Schley-2004
320.0,7.48,13.257,Schley-2004
320.0,8.01,13.41,Schley-2004
320.0,8.49,13.56,Schley-2004
320.0,8.99,13.715,Schley-2004
320.0,9.5,13.88,Schley-2004
320.0,10.0,14.051,Schley-2004
320.0,10.49,14.221,Schley-2004
320.0,11.0,14.401,Schley-2004
320.0,11.5,14.586,Schley-2004
320.0,11.87,14.733,Schley-2004
320.0,12.48,14.966,Schley-2004
320.0,12.98,15.168,Schley-2004
320.0,13.5,15.379,Schley-2004
320.0,14.0,15.589,Schley-2004
320.0,14.5,15.802,Schley-2004
320.0,15.0,16.01,Schley-2004
320.0,15.5,16.232,Schley-2004
320.0,16.02,16.464,Schley-2004
320.0,16.53,16.704,Schley-2004
320.0,17.04,16.928,Schley-2004
320.0,17.54,17.159,Schley-2004
320.0,18.01,17.384,Schley-2004
320.0,18.52,17.622,Schley-2004
320.0,19.02,17.86,Schley-2004
320.0,19.5,18.092,Schley-2004
320.0,19.93,18.293,Schley-2004
340.0,0.1,12.402,Schley-2004
340.0,0.2,12.421,Schley-2004
340.0,0.3,12.439,Schley-2004
340.0,0.4,12.452,Schley-2004
340.0,0.5,12.461,Schley-2004
340.0,0.6,12.472,Schley-2004
340.0,0.7,12.484,Schley-2004
340.0,0.8,12.496,Schley-2004
340.0,0.91,12.509,Schley-2004
340.0,1.0,12.521,Schley-2004
340.0,1.26,12.558,Schley-2004
340.0,1.49,12.584,Schley-2004
340.0,1.75,12.616,Schley-2004
340.0,1.99,12.654,Schley-2004
340.0,2.25,12.69,Schley-2004
340.0,2.5,12.728,Schley-2004
340.0,2.75,12.763,Schley-2004
340.0,3.0,12.804,Schley-2004
340.0,3.24,12.844,Schley-2004
340.0,3.51,12.89,Schley-2004
340.0,3.75,12.932,Schley-2004
340.0,4.0,12.978,Schley-2004
340.0,4.25,13.026,Schley-2004
340.0,4.49,13.069,Schley-2004
340.0,4.74,13.121,Schley-2004
340.0,4.92,13.157,Schley-2004
340.0,5.5,13.275,Schley-2004
340.0,5.99,13.38,Schley-2004
340.0,6.47,13.492,Schley-2004
340.0,7.01,13.618,Schley-2004
340.0,7.48,13.737,Schley-2004
340.0,7.94,13.85,Schley-2004
340.0,8.01,13.869,Schley-2004
340.0,8.49,13.996,Schley-2004
340.0,9.0,14.132,Schley-2004
340.0,9.5,14.272,Schley-2004
340.0,9.99,14.414,Schley-2004
340.0,10.47,14.557,Schley-2004
340.0,10.99,14.715,Schley-2004
340.0,11.49,14.873,Schley-2004
340.0,11.88,14.994,Schley-2004
340.0,12.5,15.197,Schley-2004
340.0,12.97,15.356,Schley-2004
340.0,13.5,15.537,Schley-2004
340.0,14.01,15.722,Schley-2004
340.0,14.5,15.895,Schley-2004
340.0,15.01,16.076,Schley-2004
340.0,16.0,16.44,Schley-2004
340.0,17.02,16.826,Schley-2004
340.0,17.99,17.202,Schley-2004
340.0,19.02,17.611,Schley-2004
340.0,20.09,18.039,Schley-2004
340.0,20.99,18.409,Schley-2004
340.0,21.99,18.82,Schley-2004
340.0,22.95,19.219,Schley-2004
340.0,23.88,19.603,Schley-2004
340.0,24.96,20.054,Schley-2004
340.0,25.96,20.479,Schley-2004
340.0,26.95,20.888,Schley-2004
340.0,27.8,21.244,Schley-2004
340.0,28.77,21.647,Schley-2004
360.0,0.1,12.995,Schley-2004
360.0,0.2,13.018,Schley-2004
360.0,0.3,13.032,Schley-2004
360.0,0.4,13.044,Schley-2004
360.0,0.5,13.058,Schley-2004
360.0,0.6,13.067,Schley-2004
360.0,0.7,13.079,Schley-2004
360.0,0.8,13.092,Schley-2004
360.0,0.9,13.1,Schley-2004
360.0,1.0,13.114,Schley-2004
360.0,1.25,13.145,Schley-2004
360.0,1.5,13.176,Schley-2004
360.0,1.75,13.207,Schley-2004
360.0,2.0,13.238,Schley-2004
360.0,2.25,13.275,Schley-2004
360.0,2.5,13.31,Schley-2004
360.0,2.74,13.34,Schley-2004
360.0,3.0,13.377,Schley-2004
360.0,3.25,13.416,Schley-2004
360.0,3.5,13.454,Schley-2004
360.0,3.75,13.496,Schley-2004
360.0,4.0,13.539,Schley-2004
360.0,4.25,13.58,Schley-2004
360.0,4.5,13.624,Schley-2004
360.0,4.75,13.672,Schley-2004
360.0,5.0,13.715,Schley-2004
360.0,5.5,13.806,Schley-2004
360.0,6.01,13.906,Schley-2004
360.0,6.5,14.004,Schley-2004
360.0,7.0,14.113,Schley-2004
360.0,7.5,14.217,Schley-2004
360.0,8.02,14.333,Schley-2004
360.0,8.51,14.45,Schley-2004
360.0,8.98,14.561,Schley-2004
360.0,9.48,14.684,Schley-2004
360.0,10.0,14.814,Schley-2004
360.0,10.48,14.941,Schley-2004
360.0,10.99,15.076,Schley-2004
360.0,11.5,15.213,Schley-2004
360.0,11.98,15.346,Schley-2004
360.0,12.49,15.487,Schley-2004
360.0,12.99,15.632,Schley-2004
360.0,13.48,15.778,Schley-2004
360.0,13.98,15.927,Schley-2004
360.0,14.49,16.082,Schley-2004
360.0,14.99,16.241,Schley-2004
360.0,16.0,16.562,Schley-2004
360.0,17.04,16.897,Schley-2004
360.0,18.02,17.222,Schley-2004
360.0,18.99,17.55,Schley-2004
360.0,19.94,17.882,Schley-2004
360.0,20.98,18.248,Schley-2004
360.0,21.98,18.605,Schley-2004
360.0,22.88,18.93,Schley-2004
360.0,24.02,19.328,Schley-2004
360.0,24.99,19.689,Schley-2004
360.0,25.98,20.052,Schley-2004
360.0,26.9,20.38,Schley-2004
360.0,28.03,20.8,Schley-2004
360.0,29.18,21.225,Schley-2004
293.15,3324.0,11.44,Hurly-2003
293.15,3166.9,11.41,Hurly-2003
293.15,3009.4,11.37,Hurly-2003
293.15,2862.1,11.34,Hurly-2003
293.15,2718.5,11.31,Hurly-2003
293.15,2580.7,11.29,Hurly-2003
293.15,2449.5,11.26,Hurly-2003
293.15,2324.6,11.24,Hurly-2003
293.15,2167.3,11.21,Hurly-2003
293.15,2020.1,11.18,Hurly-2003
293.15,1882.5,11.16,Hurly-2003
293.15,1753.9,11.14,Hurly-2003
293.15,1633.7,11.12,Hurly-2003
293.15,1633.7,11.12,Hurly-2003
293.15,1494.6,11.1,Hurly-2003
293.15,1366.9,11.08,Hurly-2003
293.15,1227.6,11.06,Hurly-2003
293.15,1102.0,11.04,Hurly-2003
293.15,971.3,11.02,Hurly-2003
293.15,840.3,11.01,Hurly-2003
293.15,713.6,10.99,Hurly-2003
293.15,583.9,10.98,Hurly-2003
293.15,460.4,10.97,Hurly-2003
293.15,337.0,10.95,Hurly-2003
293.15,216.6,10.93,Hurly-2003
293.15,118.2,10.92,Hurly-2003
233.15,0.13,8.941,Evers-2002
233.15,3.15,9.743,Evers-2002
233.15,5.51,10.88,Evers-2002
233.15,7.34,12.361,Evers-2002
233.15,8.84,14.197,Evers-2002
233.15,10.35,16.581,Evers-2002
233.15,12.01,19.332,Evers-2002
233.15,14.3,22.679,Evers-2002
233.15,17.76,26.631,Evers-2002
233.15,23.23,31.278,Evers-2002
263.15,0.13,9.969,Evers-2002
263.15,3.69,10.798,Evers-2002
263.15,6.72,11.94,Evers-2002
263.15,9.35,13.422,Evers-2002
263.15,11.77,15.25,Evers-2002
263.15,14.35,17.546,Evers-2002
263.15,17.38,20.308,Evers-2002
263.15,21.3,23.547,Evers-2002
263.15,25.64,26.568,Evers-2002
293.15,0.15,10.979,Evers-2002
293.15,0.16,10.977,Evers-2002
293.15,4.22,11.807,Evers-2002
293.15,7.91,12.966,Evers-2002
293.15,11.3,14.428,Evers-2002
293.15,11.31,14.442,Evers-2002
293.15,14.7,16.293,Evers-2002
293.15,18.35,18.535,Evers-2002
293.15,22.68,21.211,Evers-2002
293.15,28.11,24.304,Evers-2002
293.15,28.25,24.382,Evers-2002
333.15,0.17,12.261,Evers-2002
333.15,4.91,13.106,Evers-2002
333.15,9.47,14.279,Evers-2002
333.15,13.91,15.768,Evers-2002
333.15,18.52,17.608,Evers-2002
333.15,23.65,19.829,Evers-2002
333.15,29.67,22.428,Evers-2002
373.15,0.19,13.479,Evers-2002
373.15,0.2,13.482,Evers-2002
373.15,5.6,14.346,Evers-2002
373.15,10.98,15.531,Evers-2002
373.15,16.44,17.028,Evers-2002
373.15,16.48,17.047,Evers-2002
373.15,22.23,18.854,Evers-2002
373.15,28.85,21.067,Evers-2002
373.15,28.88,21.079,Evers-2002
423.15,0.21,14.901,Evers-2002
423.15,6.46,15.812,Evers-2002
423.15,12.9,17.023,Evers-2002
423.15,26.96,20.384,Evers-2002
423.15,19.6,18.534,Evers-2002
473.15,0.23,16.28,Evers-2002
473.15,14.8,18.379,Evers-2002
473.15,22.79,19.872,Evers-2002
473.15,7.31,17.165,Evers-2002
523.15,0.26,17.577,Evers-2002
523.15,0.27,17.59,Evers-2002
523.15,8.29,18.482,Evers-2002
523.15,16.61,19.656,Evers-2002
523.15,25.86,21.154,Evers-2002
523.15,25.96,21.177,Evers-2002
273.1,90.26,53.35,van der Gulik-1992
273.1,100.6,56.75,van der Gulik-1992
273.1,119.2,62.98,van der Gulik-1992
273.1,140.3,70.32,van der Gulik-1992
273.1,160.9,76.46,van der Gulik-1992
273.1,180.5,82.98,van der Gulik-1992
273.1,201.6,90.59,van der Gulik-1992
273.1,202.6,90.33,van der Gulik-1992
273.1,250.2,106.5,van der Gulik-1992
273.1,250.5,106.5,van der Gulik-1992
273.1,299.3,123.1,van der Gulik-1992
273.1,300.2,123.5,van der Gulik-1992
273.1,350.5,139.8,van der Gulik-1992
273.1,401.5,157.8,van der Gulik-1992
273.1,450.5,175.2,van der Gulik-1992
273.1,499.5,194.0,van der Gulik-1992
273.1,551.2,214.7,van der Gulik-1992
273.1,601.8,234.1,van der Gulik-1992
273.1,652.8,257.1,van der Gulik-1992
273.1,697.6,278.9,van der Gulik-1992
273.1,750.6,302.9,van der Gulik-1992
273.1,750.6,303.8,van der Gulik-1992
273.1,797.1,327.5,van der Gulik-1992
273.1,800.5,329.1,van der Gulik-1992
273.1,851.9,357.1,van der Gulik-1992
273.1,901.5,385.4,van der Gulik-1992
273.1,950.7,414.0,van der Gulik-1992
273.1,950.7,415.8,van der Gulik-1992
273.1,1.06,10.53,van der Gulik-1992
273.1,1.43,10.58,van der Gulik-1992
273.1,1.81,10.59,van der Gulik-1992
273.1,2.61,10.82,van der Gulik-1992
273.1,3.01,10.79,van der Gulik-1992
273.1,3.57,11.0,van der Gulik-1992
273.1,4.24,11.16,van der Gulik-1992
273.1,4.62,11.24,van der Gulik-1992
273.1,5.12,11.51,van der Gulik-1992
273.1,5.42,11.78,van der Gulik-1992
273.1,5.75,11.75,van der Gulik-1992
273.1,6.13,11.96,van der Gulik-1992
273.1,6.4,12.17,van der Gulik-1992
273.1,6.75,12.27,van der Gulik-1992
273.1,7.13,12.43,van der Gulik-1992
273.1,7.47,12.68,van der Gulik-1992
273.1,7.96,12.74,van der Gulik-1992
273.1,8.5,13.09,van der Gulik-1992
273.1,9.0,13.26,van der Gulik-1992
273.1,9.54,13.52,van der Gulik-1992
273.1,10.03,13.92,van der Gulik-1992
273.1,10.75,14.33,van der Gulik-1992
273.1,11.5,14.71,van der Gulik-1992
273.1,12.46,15.45,van der Gulik-1992
273.1,13.49,16.07,van der Gulik-1992
273.1,14.56,17.04,van der Gulik-1992
273.1,15.47,17.65,van der Gulik-1992
273.1,17.14,18.97,van der Gulik-1992
273.1,18.52,20.15,van der Gulik-1992
273.1,20.05,21.2,van der Gulik-1992
273.1,21.47,22.34,van der Gulik-1992
273.1,22.77,23.23,van der Gulik-1992
273.1,24.5,24.53,van der Gulik-1992
273.1,26.07,25.51,van der Gulik-1992
273.1,27.98,26.69,van der Gulik-1992
273.1,30.0,27.95,van der Gulik-1992
273.1,32.56,29.28,van der Gulik-1992
273.1,35.4,31.08,van der Gulik-1992
273.1,38.66,32.76,van der Gulik-1992
273.1,40.52,33.67,van der Gulik-1992
273.1,44.19,35.55,van der Gulik-1992
273.1,46.99,36.57,van der Gulik-1992
273.1,50.11,38.3,van der Gulik-1992
273.1,55.27,39.97,van der Gulik-1992
273.1,60.22,42.09,van der Gulik-1992
273.15,65.24,44.16,van der Gulik-1992
273.15,70.24,46.21,van der Gulik-1992
273.15,75.3,48.06,van der Gulik-1992
273.15,80.57,49.86,van der Gulik-1992
273.15,80.57,49.75,van der Gulik-1992
273.15,85.25,51.82,van der Gulik-1992
273.15,90.27,53.73,van der Gulik-1992
273.15,202.1,90.16,van der Gulik-1992
273.15,225.3,97.34,van der Gulik-1992
273.15,250.6,106.1,van der Gulik-1992
273.15,274.8,114.6,van der Gulik-1992
273.15,299.9,122.2,van der Gulik-1992
273.15,324.3,130.6,van der Gulik-1992
273.15,349.1,139.2,van der Gulik-1992
273.15,373.5,148.2,van der Gulik-1992
273.15,400.9,157.4,van der Gulik-1992
273.15,425.4,166.1,van der Gulik-1992
273.15,449.9,175.6,van der Gulik-1992
273.15,459.7,178.5,van der Gulik-1992
273.15,474.4,184.5,van der Gulik-1992
273.15,500.3,194.9,van der Gulik-1992
273.15,523.5,203.5,van der Gulik-1992
273.15,548.8,213.6,van der Gulik-1992
273.15,573.6,223.5,van der Gulik-1992
273.15,598.2,233.1,van der Gulik-1992
273.15,623.9,243.8,van der Gulik-1992
273.15,648.4,256.8,van der Gulik-1992
273.15,674.1,269.3,van der Gulik-1992
273.15,699.0,278.9,van der Gulik-1992
273.15,699.0,281.3,van der Gulik-1992
273.15,701.5,280.6,van der Gulik-1992
273.15,896.8,381.1,van der Gulik-1992
273.15,953.0,414.3,van der Gulik-1992
273.15,95.06,56.0,van der Gulik-1992
273.15,100.59,57.08,van der Gulik-1992
273.15,109.99,60.72,van der Gulik-1992
273.15,120.09,63.39,van der Gulik-1992
273.15,129.87,67.58,van der Gulik-1992
273.15,140.33,70.82,van der Gulik-1992
273.15,150.12,74.43,van der Gulik-1992
273.15,160.94,77.79,van der Gulik-1992
273.15,180.51,83.97,van der Gulik-1992
273.15,201.59,90.55,van der Gulik-1992
273.15,251.0,107.2,van der Gulik-1992
273.15,301.6,123.4,van der Gulik-1992
273.15,350.5,139.7,van der Gulik-1992
273.15,400.3,157.3,van der Gulik-1992
273.15,450.4,175.1,van der Gulik-1992
273.15,500.7,193.9,van der Gulik-1992
273.15,551.2,213.3,van der Gulik-1992
273.15,600.2,234.7,van der Gulik-1992
273.15,649.9,256.1,van der Gulik-1992
298.15,0.1,11.18,Kongo-1988
298.15,0.12,11.19,Kongo-1988
298.15,0.17,11.19,Kongo-1988
298.15,0.29,11.19,Kongo-1988
298.15,0.5,11.23,Kongo-1988
298.15,1.02,11.3,Kongo-1988
298.15,1.51,11.33,Kongo-1988
298.15,2.03,11.41,Kongo-1988
298.15,2.52,11.53,Kongo-1988
298.15,3.0,11.59,Kongo-1988
298.15,3.53,11.71,Kongo-1988
298.15,4.02,11.82,Kongo-1988
298.15,4.99,12.01,Kongo-1988
323.15,0.1,11.98,Kongo-1988
323.15,0.52,12.03,Kongo-1988
323.15,0.97,12.08,Kongo-1988
323.15,1.97,12.23,Kongo-1988
323.15,3.52,12.51,Kongo-1988
323.15,4.72,12.75,Kongo-1988
348.15,0.1,12.79,Kongo-1988
348.15,0.52,12.83,Kongo-1988
348.15,1.54,12.94,Kongo-1988
348.15,2.6,13.1,Kongo-1988
348.15,3.58,13.27,Kongo-1988
348.15,4.74,13.45,Kongo-1988
373.15,0.1,13.51,Kongo-1988
373.15,0.52,13.56,Kongo-1988
373.15,1.01,13.58,Kongo-1988
373.15,2.03,13.72,Kongo-1988
373.15,2.94,13.84,Kongo-1988
373.15,4.09,14.0,Kongo-1988
373.15,4.94,14.14,Kongo-1988
298.15,0.11,11.05,van der Gulik-1988
298.15,0.97,11.04,van der Gulik-1988
298.15,3.21,11.55,van der Gulik-1988
298.15,5.22,12.31,van der Gulik-1988
298.15,7.47,13.27,van der Gulik-1988
298.15,9.54,14.04,van der Gulik-1988
298.15,12.22,15.24,van der Gulik-1988
298.15,15.17,16.91,van der Gulik-1988
298.15,17.67,18.35,van der Gulik-1988
298.15,20.49,20.15,van der Gulik-1988
298.15,25.06,22.98,van der Gulik-1988
298.15,30.47,26.07,van der Gulik-1988
298.15,34.01,27.98,van der Gulik-1988
298.15,40.24,31.22,van der Gulik-1988
298.15,50.45,35.68,van der Gulik-1988
298.15,59.95,39.85,van der Gulik-1988
298.15,69.92,44.1,van der Gulik-1988
298.15,81.02,48.01,van der Gulik-1988
298.15,92.06,51.82,van der Gulik-1988
298.15,103.15,55.61,van der Gulik-1988
298.15,124.35,62.88,van der Gulik-1988
298.15,150.12,71.23,van der Gulik-1988
298.15,175.88,78.76,van der Gulik-1988
298.15,201.59,86.5,van der Gulik-1988
298.15,249.8,101.9,van der Gulik-1988
298.15,300.0,116.4,van der Gulik-1988
298.15,348.6,132.1,van der Gulik-1988
298.15,400.4,148.4,van der Gulik-1988
298.15,450.4,164.0,van der Gulik-1988
298.15,500.2,180.3,van der Gulik-1988
298.15,550.7,197.5,van der Gulik-1988
298.15,600.4,215.0,van der Gulik-1988
298.15,650.1,232.6,van der Gulik-1988
298.15,700.7,253.3,van der Gulik-1988
298.15,751.5,273.9,van der Gulik-1988
298.15,799.8,292.9,van der Gulik-1988
298.15,852.8,316.6,van der Gulik-1988
298.15,902.1,336.7,van der Gulik-1988
298.15,951.2,360.5,van der Gulik-1988
298.15,1002.4,385.1,van der Gulik-1988
300.0,27.52,23.08,Diller-1980
300.0,24.61,21.63,Diller-1980
300.0,21.98,20.11,Diller-1980
300.0,19.86,18.89,Diller-1980
300.0,17.59,17.6,Diller-1980
300.0,14.22,16.17,Diller-1980
300.0,10.66,14.1,Diller-1980
300.0,8.59,13.43,Diller-1980
300.0,6.58,12.57,Diller-1980
300.0,4.46,12.13,Diller-1980
300.0,2.35,11.67,Diller-1980
250.0,33.11,33.91,Diller-1980
250.0,30.21,32.12,Diller-1980
250.0,26.26,29.56,Diller-1980
250.0,23.43,27.44,Diller-1980
250.0,19.91,24.55,Diller-1980
250.0,15.64,20.33,Diller-1980
250.0,14.22,19.3,Diller-1980
250.0,12.83,17.24,Diller-1980
250.0,11.49,15.87,Diller-1980
250.0,10.1,14.56,Diller-1980
250.0,8.69,13.12,Diller-1980
250.0,7.25,12.31,Diller-1980
250.0,5.8,11.36,Diller-1980
250.0,4.51,10.84,Diller-1980
250.0,3.04,10.57,Diller-1980
200.0,26.07,45.55,Diller-1980
200.0,22.79,43.26,Diller-1980
200.0,17.15,38.47,Diller-1980
200.0,13.49,34.49,Diller-1980
200.0,10.75,31.18,Diller-1980
200.0,8.98,28.11,Diller-1980
200.0,7.93,26.03,Diller-1980
200.0,7.1,23.25,Diller-1980
200.0,6.09,17.73,Diller-1980
200.0,5.72,13.97,Diller-1980
200.0,5.34,12.28,Diller-1980
200.0,5.06,11.44,Diller-1980
200.0,4.69,10.71,Diller-1980
200.0,4.18,10.06,Diller-1980
200.0,3.51,9.58,Diller-1980
200.0,2.54,9.05,Diller-1980
180.0,29.62,58.06,Diller-1980
180.0,26.09,55.35,Diller-1980
180.0,22.56,52.91,Diller-1980
180.0,18.94,50.0,Diller-1980
180.0,18.0,49.05,Diller-1980
180.0,15.53,47.34,Diller-1980
180.0,14.36,46.07,Diller-1980
180.0,10.97,42.77,Diller-1980
180.0,6.68,37.64,Diller-1980
180.0,4.73,34.47,Diller-1980
180.0,3.53,31.78,Diller-1980
170.0,31.36,65.87,Diller-1980
170.0,28.01,63.5,Diller-1980
170.0,24.63,61.26,Diller-1980
170.0,21.44,58.2,Diller-1980
170.0,17.78,55.66,Diller-1980
170.0,14.77,53.31,Diller-1980
170.0,14.65,53.26,Diller-1980
170.0,11.62,50.26,Diller-1980
170.0,8.59,47.07,Diller-1980
170.0,5.92,43.65,Diller-1980
170.0,3.21,40.24,Diller-1980
170.0,2.33,38.78,Diller-1980
170.0,2.33,38.72,Diller-1980
140.0,32.17,97.32,Diller-1980
140.0,28.69,93.95,Diller-1980
140.0,25.51,91.1,Diller-1980
140.0,21.98,88.47,Diller-1980
140.0,18.37,85.03,Diller-1980
140.0,16.71,82.61,Diller-1980
140.0,14.82,81.7,Diller-1980
140.0,14.39,81.05,Diller-1980
140.0,11.7,78.46,Diller-1980
140.0,11.55,78.5,Diller-1980
140.0,8.8,75.33,Diller-1980
140.0,8.11,75.22,Diller-1980
140.0,5.93,71.93,Diller-1980
140.0,4.62,71.39,Diller-1980
140.0,3.6,69.54,Diller-1980
140.0,3.58,69.59,Diller-1980
140.0,1.02,67.74,Diller-1980
140.0,0.64,66.18,Diller-1980
120.0,29.68,135.66,Diller-1980
120.0,26.09,132.02,Diller-1980
120.0,22.89,126.93,Diller-1980
120.0,18.55,121.87,Diller-1980
120.0,14.97,117.36,Diller-1980
120.0,11.86,112.56,Diller-1980
120.0,10.07,110.98,Diller-1980
120.0,8.29,109.04,Diller-1980
120.0,6.49,105.48,Diller-1980
120.0,4.73,103.04,Diller-1980
120.0,3.01,101.69,Diller-1980
120.0,1.19,99.49,Diller-1980
100.0,31.33,218.49,Diller-1980
100.0,29.11,215.48,Diller-1980
100.0,27.67,212.13,Diller-1980
100.0,26.88,210.75,Diller-1980
100.0,25.26,206.8,Diller-1980
100.0,24.05,205.58,Diller-1980
100.0,23.34,203.68,Diller-1980
100.0,22.05,201.56,Diller-1980
100.0,20.43,198.4,Diller-1980
100.0,18.54,193.94,Diller-1980
100.0,16.56,190.05,Diller-1980
100.0,12.6,181.94,Diller-1980
100.0,9.87,174.37,Diller-1980
100.0,9.41,175.95,Diller-1980
100.0,7.38,169.5,Diller-1980
100.0,5.9,169.32,Diller-1980
100.0,45249.0,164.74,Diller-1980
100.0,3.3,161.63,Diller-1980
100.0,2.33,162.62,Diller-1980
100.0,1.8,159.99,Diller-1980
23.0,0.1,11.03,Kestin-1977
50.0,0.1,11.95,Kestin-1977
100.0,0.1,13.47,Kestin-1977
149.0,0.1,14.89,Kestin-1977
150.0,0.1,14.92,Kestin-1977
200.0,0.1,16.27,Kestin-1977
201.0,0.1,16.3,Kestin-1977
273.15,0.41,10.207,Chuang-1976
273.15,1.01,10.295,Chuang-1976
273.15,2.03,10.454,Chuang-1976
273.15,4.05,10.963,Chuang-1976
273.15,6.06,11.597,Chuang-1976
273.15,10.12,13.308,Chuang-1976
273.15,14.17,16.381,Chuang-1976
273.15,20.24,21.04,Chuang-1976
273.15,30.32,27.663,Chuang-1976
273.15,40.48,33.086,Chuang-1976
273.15,50.57,37.68,Chuang-1976
223.15,0.41,8.502,Chuang-1976
223.15,1.01,8.585,Chuang-1976
223.15,4.05,9.514,Chuang-1976
223.15,8.1,13.765,Chuang-1976
223.15,10.12,18.175,Chuang-1976
223.15,14.17,24.848,Chuang-1976
223.15,20.23,31.203,Chuang-1976
223.15,30.34,38.568,Chuang-1976
223.15,40.48,44.583,Chuang-1976
223.15,50.58,49.875,Chuang-1976
198.15,0.41,7.639,Chuang-1976
198.15,1.01,7.754,Chuang-1976
198.15,2.03,8.022,Chuang-1976
198.15,4.05,9.219,Chuang-1976
198.15,6.08,19.506,Chuang-1976
198.15,7.1,24.362,Chuang-1976
198.15,10.11,30.679,Chuang-1976
198.15,14.08,35.742,Chuang-1976
198.15,20.23,41.115,Chuang-1976
198.15,30.34,48.505,Chuang-1976
198.15,40.46,54.773,Chuang-1976
198.15,50.2,60.755,Chuang-1976
173.15,0.41,6.672,Chuang-1976
173.15,1.01,6.766,Chuang-1976
173.15,2.02,7.059,Chuang-1976
23.0,0.1,11.03,Kestin-1976
99.0,0.1,13.44,Kestin-1976
204.0,0.1,16.4,Kestin-1976
23.07,0.1,11.02,Kestin-1971
29.29,0.1,11.22,Kestin-1971
30.0,2.28,11.59,Kestin-1968
30.0,1.92,11.526,Kestin-1968
30.0,1.53,11.462,Kestin-1968
30.0,1.01,11.387,Kestin-1968
30.0,0.51,11.318,Kestin-1968
30.0,0.51,11.318,Kestin-1968
30.0,0.51,11.322,Kestin-1968
30.0,0.12,11.276,Kestin-1968
30.0,0.11,11.268,Kestin-1968
30.0,0.11,11.267,Kestin-1968
20.0,2.55,11.321,Kestin-1968
20.0,2.03,11.217,Kestin-1968
20.0,1.52,11.137,Kestin-1968
20.0,1.02,11.054,Kestin-1968
20.0,0.51,10.986,Kestin-1968
20.0,0.11,10.936,Kestin-1968
10.0,0.1,106.7,Giddings-1966
10.0,0.69,107.4,Giddings-1966
10.0,1.38,108.6,Giddings-1966
10.0,2.07,109.0,Giddings-1966
10.0,2.76,111.4,Giddings-1966
10.0,3.45,113.1,Giddings-1966
10.0,4.14,114.8,Giddings-1966
10.0,5.52,119.3,Giddings-1966
10.0,6.9,123.7,Giddings-1966
10.0,8.62,131.2,Giddings-1966
10.0,10.34,140.8,Giddings-1966
10.0,12.07,149.6,Giddings-1966
10.0,13.79,160.6,Giddings-1966
10.0,17.24,183.2,Giddings-1966
10.0,20.68,207.0,Giddings-1966
10.0,27.58,250.5,Giddings-1966
10.0,34.47,288.0,Giddings-1966
10.0,41.37,322.5,Giddings-1966
10.0,48.26,355.0,Giddings-1966
10.0,55.16,385.0,Giddings-1966
37.78,0.1,116.2,Giddings-1966
37.78,0.69,116.8,Giddings-1966
37.78,1.38,117.9,Giddings-1966
37.78,2.07,119.0,Giddings-1966
37.78,2.76,120.2,Giddings-1966
37.78,3.45,121.6,Giddings-1966
37.78,4.14,123.1,Giddings-1966
37.78,5.52,126.5,Giddings-1966
37.78,6.9,130.3,Giddings-1966
37.78,8.62,136.8,Giddings-1966
37.78,10.34,142.2,Giddings-1966
37.78,12.07,149.4,Giddings-1966
37.78,13.79,157.1,Giddings-1966
37.78,17.24,175.2,Giddings-1966
37.78,20.68,193.0,Giddings-1966
37.78,27.58,228.0,Giddings-1966
37.78,34.47,261.0,Giddings-1966
37.78,41.37,292.0,Giddings-1966
37.78,48.26,318.0,Giddings-1966
37.78,55.16,342.0,Giddings-1966
71.11,0.1,126.9,Giddings-1966
71.11,0.69,127.5,Giddings-1966
71.11,1.38,128.4,Giddings-1966
71.11,2.07,129.4,Giddings-1966
71.11,2.76,130.5,Giddings-1966
71.11,3.45,131.5,Giddings-1966
71.11,4.14,132.8,Giddings-1966
71.11,5.52,135.5,Giddings-1966
71.11,6.9,138.6,Giddings-1966
71.11,8.62,142.9,Giddings-1966
71.11,10.34,147.9,Giddings-1966
71.11,12.07,153.3,Giddings-1966
71.11,13.79,158.9,Giddings-1966
71.11,17.24,171.2,Giddings-1966
71.11,20.68,184.2,Giddings-1966
71.11,27.58,212.3,Giddings-1966
71.11,34.47,239.4,Giddings-1966
71.11,41.37,265.0,Giddings-1966
71.11,48.26,291.0,Giddings-1966
71.11,55.16,313.0,Giddings-1966
104.44,0.1,137.0,Giddings-1966
104.44,0.69,137.6,Giddings-1966
104.44,1.38,138.4,Giddings-1966
104.44,2.07,139.3,Giddings-1966
104.44,2.76,140.3,Giddings-1966
104.44,3.45,141.2,Giddings-1966
104.44,4.14,142.3,Giddings-1966
104.44,5.52,144.5,Giddings-1966
104.44,6.9,147.1,Giddings-1966
104.44,8.62,150.7,Giddings-1966
104.44,10.34,154.7,Giddings-1966
104.44,12.07,158.0,Giddings-1966
104.44,13.79,163.6,Giddings-1966
104.44,17.24,173.4,Giddings-1966
104.44,20.68,183.9,Giddings-1966
104.44,27.58,206.2,Giddings-1966
104.44,34.47,228.6,Giddings-1966
104.44,41.37,251.0,Giddings-1966
104.44,48.26,272.0,Giddings-1966
104.44,55.16,294.0,Giddings-1966
137.78,0.1,146.5,Giddings-1966
137.78,0.69,147.0,Giddings-1966
137.78,1.38,147.8,Giddings-1966
137.78,2.07,148.6,Giddings-1966
137.78,2.76,149.4,Giddings-1966
137.78,3.45,150.3,Giddings-1966
137.78,4.14,151.2,Giddings-1966
137.78,5.52,153.2,Giddings-1966
137.78,6.9,155.4,Giddings-1966
137.78,8.62,158.4,Giddings-1966
137.78,10.34,161.7,Giddings-1966
137.78,12.07,163.3,Giddings-1966
137.78,13.79,169.1,Giddings-1966
137.78,17.24,177.4,Giddings-1966
137.78,20.68,186.1,Giddings-1966
137.78,27.58,204.9,Giddings-1966
137.78,34.47,224.0,Giddings-1966
137.78,41.37,243.0,Giddings-1966
137.78,48.26,261.0,Giddings-1966
137.78,55.16,280.0,Giddings-1966
277.59,1.64,10.479,Carmichael-1965
277.59,1.64,10.552,Carmichael-1965
277.59,1.64,10.558,Carmichael-1965
277.59,102.41,12.438,Carmichael-1965
277.59,102.41,12.459,Carmichael-1965
277.59,102.41,12.445,Carmichael-1965
277.59,207.66,16.99,Carmichael-1965
277.59,207.91,17.008,Carmichael-1965
277.59,208.14,16.881,Carmichael-1965
277.59,407.15,26.417,Carmichael-1965
277.59,407.61,26.429,Carmichael-1965
277.59,407.61,26.446,Carmichael-1965
277.59,407.71,26.436,Carmichael-1965
277.59,523.72,30.814,Carmichael-1965
277.59,523.98,30.77,Carmichael-1965
277.59,524.23,30.833,Carmichael-1965
310.93,1.77,11.685,Carmichael-1965
310.93,1.8,11.602,Carmichael-1965
310.93,1.82,11.603,Carmichael-1965
310.93,1.82,11.614,Carmichael-1965
310.93,1.82,11.629,Carmichael-1965
310.93,1.85,11.684,Carmichael-1965
310.93,1.94,11.569,Carmichael-1965
310.93,1.94,11.616,Carmichael-1965
310.93,1.94,11.644,Carmichael-1965
310.93,92.35,12.823,Carmichael-1965
310.93,92.35,12.835,Carmichael-1965
310.93,150.01,14.287,Carmichael-1965
310.93,150.01,14.249,Carmichael-1965
310.93,150.0,14.328,Carmichael-1965
310.93,196.98,15.536,Carmichael-1965
310.93,196.98,15.536,Carmichael-1965
310.93,196.98,15.634,Carmichael-1965
310.93,196.98,15.642,Carmichael-1965
310.93,403.31,22.952,Carmichael-1965
310.93,403.63,22.924,Carmichael-1965
310.93,403.67,22.741,Carmichael-1965
310.93,404.33,22.697,Carmichael-1965
310.93,508.12,26.489,Carmichael-1965
310.93,508.67,26.454,Carmichael-1965
310.93,509.14,26.414,Carmichael-1965
310.93,517.1,26.436,Carmichael-1965
310.93,517.46,26.362,Carmichael-1965
310.93,517.46,26.434,Carmichael-1965
310.93,517.46,26.522,Carmichael-1965
377.59,1.86,13.62,Carmichael-1965
377.59,1.86,13.621,Carmichael-1965
377.59,1.86,13.653,Carmichael-1965
377.59,103.67,14.639,Carmichael-1965
377.59,103.68,14.658,Carmichael-1965
377.59,103.68,14.656,Carmichael-1965
377.59,203.94,16.389,Carmichael-1965
377.59,206.64,16.368,Carmichael-1965
377.59,206.76,16.363,Carmichael-1965
377.59,406.7,20.85,Carmichael-1965
377.59,406.85,20.94,Carmichael-1965
377.59,406.95,20.712,Carmichael-1965
377.59,406.95,20.641,Carmichael-1965
377.59,406.95,20.622,Carmichael-1965
377.59,410.14,20.743,Carmichael-1965
377.59,410.52,20.849,Carmichael-1965
377.59,411.42,20.776,Carmichael-1965
377.59,515.09,23.278,Carmichael-1965
377.59,515.09,23.406,Carmichael-1965
377.59,515.09,23.382,Carmichael-1965
377.59,515.09,23.335,Carmichael-1965
444.26,1.97,15.579,Carmichael-1965
444.26,1.97,15.602,Carmichael-1965
444.26,1.97,15.604,Carmichael-1965
444.26,1.97,15.605,Carmichael-1965
444.26,102.74,16.377,Carmichael-1965
444.26,102.77,16.357,Carmichael-1965
444.26,102.81,16.358,Carmichael-1965
444.26,206.4,17.589,Carmichael-1965
444.26,206.43,17.552,Carmichael-1965
444.26,206.43,17.594,Carmichael-1965
444.26,420.63,20.976,Carmichael-1965
444.26,421.22,20.918,Carmichael-1965
444.26,421.34,20.915,Carmichael-1965
444.26,511.68,22.208,Carmichael-1965
444.26,511.73,22.165,Carmichael-1965
444.26,511.73,22.179,Carmichael-1965
444.26,518.76,22.513,Carmichael-1965
444.26,519.15,22.499,Carmichael-1965
444.26,519.41,22.581,Carmichael-1965
477.59,3.17,16.526,Carmichael-1965
477.59,3.17,16.551,Carmichael-1965
477.59,3.17,16.553,Carmichael-1965
477.59,104.04,17.242,Carmichael-1965
477.59,104.08,17.253,Carmichael-1965
477.59,104.13,17.214,Carmichael-1965
477.59,206.68,18.338,Carmichael-1965
477.59,206.72,18.354,Carmichael-1965
477.59,206.72,18.389,Carmichael-1965
477.59,409.09,20.909,Carmichael-1965
477.59,409.23,20.921,Carmichael-1965
477.59,410.92,21.058,Carmichael-1965
477.59,410.92,21.104,Carmichael-1965
477.59,410.92,20.991,Carmichael-1965
477.59,410.92,20.939,Carmichael-1965
477.59,513.4,22.285,Carmichael-1965
477.59,513.7,22.32,Carmichael-1965
477.59,513.7,22.271,Carmichael-1965
227.59,2.03,8.82,Barua-1964
227.59,6.08,10.875,Barua-1964
227.59,8.11,13.528,Barua-1964
227.59,12.16,21.641,Barua-1964
227.59,14.19,25.013,Barua-1964
241.48,1.01,9.555,Barua-1964
241.48,3.04,9.98,Barua-1964
241.48,6.08,11.117,Barua-1964
241.48,8.11,12.39,Barua-1964
241.48,10.13,14.144,Barua-1964
241.48,14.19,18.692,Barua-1964
241.48,16.21,20.865,Barua-1964
255.37,2.62,10.644,Barua-1964
255.37,4.94,11.264,Barua-1964
255.37,7.01,12.01,Barua-1964
255.37,9.89,13.454,Barua-1964
255.37,13.35,15.799,Barua-1964
255.37,16.89,18.487,Barua-1964
269.26,2.9,11.479,Barua-1964
269.26,5.55,12.123,Barua-1964
269.26,7.98,12.923,Barua-1964
269.26,11.5,14.384,Barua-1964
269.26,15.94,16.731,Barua-1964
269.26,17.76,17.709,Barua-1964
297.04,2.9,13.037,Barua-1964
297.04,5.56,13.504,Barua-1964
297.04,8.14,14.119,Barua-1964
297.04,12.12,15.222,Barua-1964
297.04,14.68,16.066,Barua-1964
297.04,17.65,17.1,Barua-1964
338.71,1.17,15.063,Barua-1964
338.71,2.85,15.233,Barua-1964
338.71,5.68,15.62,Barua-1964
338.71,8.51,16.055,Barua-1964
338.71,12.72,16.831,Barua-1964
338.71,15.78,17.496,Barua-1964
338.71,17.23,17.827,Barua-1964
