Temperature (K),Pressure (MPa),Sound Spd (m/s),DOI
323.15,24.6,574.27,https://doi.org/10.1063/1.431952
298.15,2.38,441.93,https://doi.org/10.1063/1.431952
298.15,5.63,437.14,https://doi.org/10.1063/1.431952
298.15,10.49,444.61,https://doi.org/10.1063/1.431952
298.15,15.2,474.5,https://doi.org/10.1063/1.431952
298.15,19.42,518.25,https://doi.org/10.1063/1.431952
298.15,20.7,533.88,https://doi.org/10.1063/1.431952
273.15,16.18,478.36,https://doi.org/10.1063/1.431952
248.15,12.82,430.91,https://doi.org/10.1063/1.431952
223.15,9.32,371.56,https://doi.org/10.1063/1.431952
198.15,5.7,282.59,https://doi.org/10.1063/1.431952
193.05,0.78,353.2,https://doi.org/10.1063/1.431952
193.05,1.56,340.64,https://doi.org/10.1063/1.431952
193.05,2.24,328.69,https://doi.org/10.1063/1.431952
193.05,2.82,317.71,https://doi.org/10.1063/1.431952
193.05,3.31,307.52,https://doi.org/10.1063/1.431952
193.05,3.7,298.27,https://doi.org/10.1063/1.431952
193.05,4.03,289.92,https://doi.org/10.1063/1.431952
193.05,4.28,282.39,https://doi.org/10.1063/1.431952
193.05,4.48,275.65,https://doi.org/10.1063/1.431952
193.05,4.63,269.52,https://doi.org/10.1063/1.431952
193.05,4.73,264.17,https://doi.org/10.1063/1.431952
193.05,4.81,258.94,https://doi.org/10.1063/1.431952
193.05,4.86,254.08,https://doi.org/10.1063/1.431952
193.05,4.9,249.85,https://doi.org/10.1063/1.431952
193.05,4.92,246.74,https://doi.org/10.1063/1.431952
193.05,4.95,245.67,https://doi.org/10.1063/1.431952
193.05,4.96,246.82,https://doi.org/10.1063/1.431952
193.05,4.97,247.51,https://doi.org/10.1063/1.431952
193.05,4.99,253.1,https://doi.org/10.1063/1.431952
193.05,5.02,263.07,https://doi.org/10.1063/1.431952
191.45,4.59,258.44,https://doi.org/10.1063/1.431952
191.45,4.65,251.75,https://doi.org/10.1063/1.431952
191.45,4.68,244.53,https://doi.org/10.1063/1.431952
191.45,4.7,236.83,https://doi.org/10.1063/1.431952
191.45,4.72,229.47,https://doi.org/10.1063/1.431952
191.45,4.72,224.5,https://doi.org/10.1063/1.431952
191.45,4.73,223.72,https://doi.org/10.1063/1.431952
191.45,4.73,224.11,https://doi.org/10.1063/1.431952
191.45,4.74,229.21,https://doi.org/10.1063/1.431952
191.45,4.75,240.22,https://doi.org/10.1063/1.431952
190.85,4.53,256.12,https://doi.org/10.1063/1.431952
190.85,4.59,248.6,https://doi.org/10.1063/1.431952
190.85,4.62,239.79,https://doi.org/10.1063/1.431952
190.85,4.63,228.87,https://doi.org/10.1063/1.431952
190.85,4.64,215.77,https://doi.org/10.1063/1.431952
190.85,4.64,205.06,https://doi.org/10.1063/1.431952
190.85,4.64,204.44,https://doi.org/10.1063/1.431952
190.85,4.64,205.09,https://doi.org/10.1063/1.431952
190.85,4.65,212.88,https://doi.org/10.1063/1.431952
190.85,4.65,225.87,https://doi.org/10.1063/1.431952
190.63,4.51,255.24,https://doi.org/10.1063/1.431952
190.63,4.56,247.35,https://doi.org/10.1063/1.431952
190.63,4.59,237.69,https://doi.org/10.1063/1.431952
190.63,4.6,224.47,https://doi.org/10.1063/1.431952
190.63,4.61,204.09,https://doi.org/10.1063/1.431952
190.63,4.61,191.26,https://doi.org/10.1063/1.431952
190.63,4.61,195.16,https://doi.org/10.1063/1.431952
190.63,4.61,195.54,https://doi.org/10.1063/1.431952
190.63,4.61,205.87,https://doi.org/10.1063/1.431952
190.63,4.61,219.05,https://doi.org/10.1063/1.431952
190.56,4.51,254.96,https://doi.org/10.1063/1.431952
190.56,4.56,246.93,https://doi.org/10.1063/1.431952
190.56,4.58,236.96,https://doi.org/10.1063/1.431952
190.56,4.6,222.77,https://doi.org/10.1063/1.431952
190.56,4.6,199.11,https://doi.org/10.1063/1.431952
190.56,4.6,184.18,https://doi.org/10.1063/1.431952
190.56,4.6,197.98,https://doi.org/10.1063/1.431952
190.56,4.6,196.62,https://doi.org/10.1063/1.431952
190.56,4.6,205.44,https://doi.org/10.1063/1.431952
190.56,4.6,217.04,https://doi.org/10.1063/1.431952
190.5,0.77,350.52,https://doi.org/10.1063/1.431952
190.5,1.54,337.6,https://doi.org/10.1063/1.431952
190.5,2.2,325.27,https://doi.org/10.1063/1.431952
190.5,2.76,313.88,https://doi.org/10.1063/1.431952
190.5,3.23,303.22,https://doi.org/10.1063/1.431952
190.5,3.6,293.55,https://doi.org/10.1063/1.431952
190.5,3.9,284.67,https://doi.org/10.1063/1.431952
190.5,4.13,276.52,https://doi.org/10.1063/1.431952
190.5,4.3,269.0,https://doi.org/10.1063/1.431952
190.5,4.42,261.72,https://doi.org/10.1063/1.431952
190.5,4.5,254.7,https://doi.org/10.1063/1.431952
190.5,4.55,246.57,https://doi.org/10.1063/1.431952
190.5,4.58,236.29,https://doi.org/10.1063/1.431952
190.5,4.59,221.0,https://doi.org/10.1063/1.431952
190.5,4.59,200.0,https://doi.org/10.1063/1.431952
190.43,4.49,254.42,https://doi.org/10.1063/1.431952
190.43,4.54,246.11,https://doi.org/10.1063/1.431952
190.43,4.57,235.52,https://doi.org/10.1063/1.431952
190.43,4.58,218.3,https://doi.org/10.1063/1.431952
190.25,4.29,268.32,https://doi.org/10.1063/1.431952
190.25,4.4,260.91,https://doi.org/10.1063/1.431952
190.25,4.48,253.66,https://doi.org/10.1063/1.431952
190.25,4.52,244.96,https://doi.org/10.1063/1.431952
190.25,4.55,233.23,https://doi.org/10.1063/1.431952
189.65,3.86,282.86,https://doi.org/10.1063/1.431952
189.65,4.08,274.5,https://doi.org/10.1063/1.431952
189.65,4.25,266.69,https://doi.org/10.1063/1.431952
189.65,4.36,258.91,https://doi.org/10.1063/1.431952
189.65,4.42,251.02,https://doi.org/10.1063/1.431952
189.65,4.46,240.54,https://doi.org/10.1063/1.431952
188.15,0.76,348.02,https://doi.org/10.1063/1.431952
188.15,1.51,334.75,https://doi.org/10.1063/1.431952
188.15,2.16,322.08,https://doi.org/10.1063/1.431952
188.15,2.71,310.3,https://doi.org/10.1063/1.431952
188.15,3.15,299.23,https://doi.org/10.1063/1.431952
188.15,3.51,289.08,https://doi.org/10.1063/1.431952
188.15,3.79,279.65,https://doi.org/10.1063/1.431952
188.15,3.99,270.87,https://doi.org/10.1063/1.431952
188.15,4.14,262.39,https://doi.org/10.1063/1.431952
188.15,4.23,253.45,https://doi.org/10.1063/1.431952
183.15,0.74,342.63,https://doi.org/10.1063/1.431952
183.15,1.46,328.61,https://doi.org/10.1063/1.431952
183.15,2.08,315.1,https://doi.org/10.1063/1.431952
183.15,2.59,302.41,https://doi.org/10.1063/1.431952
183.15,2.99,290.4,https://doi.org/10.1063/1.431952
183.15,3.31,279.15,https://doi.org/10.1063/1.431952
183.15,3.54,268.39,https://doi.org/10.1063/1.431952
173.15,0.69,331.52,https://doi.org/10.1063/1.431952
173.15,1.36,315.82,https://doi.org/10.1063/1.431952
173.15,1.91,300.42,https://doi.org/10.1063/1.431952
173.15,2.34,285.72,https://doi.org/10.1063/1.431952
163.15,0.65,319.9,https://doi.org/10.1063/1.431952
163.15,1.26,302.22,https://doi.org/10.1063/1.431952
163.15,1.74,284.62,https://doi.org/10.1063/1.431952
153.15,0.6,307.74,https://doi.org/10.1063/1.431952
143.15,0.56,294.87,https://doi.org/10.1063/1.431952
190.43,4.58,206.83,https://doi.org/10.1063/1.431952
190.37,4.57,215.77,https://doi.org/10.1063/1.431952
190.35,4.57,215.59,https://doi.org/10.1063/1.431952
190.25,4.56,220.83,https://doi.org/10.1063/1.431952
190.03,4.52,229.71,https://doi.org/10.1063/1.431952
189.97,4.52,230.01,https://doi.org/10.1063/1.431952
189.65,4.47,235.9,https://doi.org/10.1063/1.431952
189.65,4.47,235.9,https://doi.org/10.1063/1.431952
189.5,4.45,239.29,https://doi.org/10.1063/1.431952
189.4,4.44,239.11,https://doi.org/10.1063/1.431952
188.7,4.34,246.17,https://doi.org/10.1063/1.431952
188.6,4.33,245.95,https://doi.org/10.1063/1.431952
188.15,4.27,248.23,https://doi.org/10.1063/1.431952
187.6,4.19,251.27,https://doi.org/10.1063/1.431952
187.45,4.17,251.24,https://doi.org/10.1063/1.431952
186.1,3.99,256.15,https://doi.org/10.1063/1.431952
185.9,3.97,256.0,https://doi.org/10.1063/1.431952
184.15,3.75,260.5,https://doi.org/10.1063/1.431952
183.9,3.73,260.36,https://doi.org/10.1063/1.431952
183.15,3.64,261.71,https://doi.org/10.1063/1.431952
181.55,3.45,264.74,https://doi.org/10.1063/1.431952
181.3,3.43,264.78,https://doi.org/10.1063/1.431952
178.25,3.1,269.02,https://doi.org/10.1063/1.431952
178.05,3.08,269.13,https://doi.org/10.1063/1.431952
174.25,2.7,273.68,https://doi.org/10.1063/1.431952
173.95,2.68,273.64,https://doi.org/10.1063/1.431952
173.15,2.6,274.44,https://doi.org/10.1063/1.431952
169.15,2.24,278.64,https://doi.org/10.1063/1.431952
168.55,2.21,278.32,https://doi.org/10.1063/1.431952
163.15,1.8,281.89,https://doi.org/10.1063/1.431952
162.65,1.73,283.81,https://doi.org/10.1063/1.431952
161.45,1.69,282.77,https://doi.org/10.1063/1.431952
155.05,1.17,290.52,https://doi.org/10.1063/1.431952
153.15,1.2,285.79,https://doi.org/10.1063/1.431952
150.65,1.07,286.26,https://doi.org/10.1063/1.431952
148.15,0.96,286.57,https://doi.org/10.1063/1.431952
143.15,0.75,286.6,https://doi.org/10.1063/1.431952
138.15,0.53,288.18,https://doi.org/10.1063/1.431952
133.15,0.44,284.57,https://doi.org/10.1063/1.431952
123.15,0.24,279.9,https://doi.org/10.1063/1.431952
113.15,0.11,272.83,https://doi.org/10.1063/1.431952
190.5,4.59,200.33,https://doi.org/10.1063/1.431952
190.5,4.59,203.11,https://doi.org/10.1063/1.431952
190.5,4.59,203.44,https://doi.org/10.1063/1.431952
190.5,4.59,203.65,https://doi.org/10.1063/1.431952
190.5,4.59,215.45,https://doi.org/10.1063/1.431952
190.43,4.58,209.06,https://doi.org/10.1063/1.431952
190.43,4.58,217.73,https://doi.org/10.1063/1.431952
190.25,4.56,224.45,https://doi.org/10.1063/1.431952
190.25,4.56,227.13,https://doi.org/10.1063/1.431952
189.65,4.47,259.03,https://doi.org/10.1063/1.431952
189.65,4.47,259.71,https://doi.org/10.1063/1.431952
188.15,4.27,314.12,https://doi.org/10.1063/1.431952
188.15,4.27,314.18,https://doi.org/10.1063/1.431952
185.91,3.98,374.24,https://doi.org/10.1063/1.431952
183.15,3.64,434.92,https://doi.org/10.1063/1.431952
183.15,3.64,435.02,https://doi.org/10.1063/1.431952
178.15,3.09,528.37,https://doi.org/10.1063/1.431952
173.15,2.61,610.01,https://doi.org/10.1063/1.431952
170.75,2.39,646.47,https://doi.org/10.1063/1.431952
163.15,1.8,754.1,https://doi.org/10.1063/1.431952
155.44,1.32,854.36,https://doi.org/10.1063/1.431952
153.15,1.2,882.78,https://doi.org/10.1063/1.431952
143.15,0.75,1001.89,https://doi.org/10.1063/1.431952
140.02,0.64,1037.59,https://doi.org/10.1063/1.431952
133.15,0.44,1113.92,https://doi.org/10.1063/1.431952
125.09,0.27,1200.31,https://doi.org/10.1063/1.431952
123.15,0.24,1220.56,https://doi.org/10.1063/1.431952
113.15,0.12,1322.65,https://doi.org/10.1063/1.431952
150.0,4.0,980.7,https://doi.org/10.1016/0021-9614(82)90142-2
150.0,3.81,977.2,https://doi.org/10.1016/0021-9614(82)90142-2
150.0,3.62,973.5,https://doi.org/10.1016/0021-9614(82)90142-2
150.0,3.42,970.0,https://doi.org/10.1016/0021-9614(82)90142-2
150.0,3.22,965.7,https://doi.org/10.1016/0021-9614(82)90142-2
150.0,3.02,962.3,https://doi.org/10.1016/0021-9614(82)90142-2
150.0,2.83,958.1,https://doi.org/10.1016/0021-9614(82)90142-2
150.0,2.63,954.5,https://doi.org/10.1016/0021-9614(82)90142-2
150.0,2.44,950.5,https://doi.org/10.1016/0021-9614(82)90142-2
150.0,2.24,946.3,https://doi.org/10.1016/0021-9614(82)90142-2
150.0,2.04,942.1,https://doi.org/10.1016/0021-9614(82)90142-2
150.0,1.85,938.3,https://doi.org/10.1016/0021-9614(82)90142-2
150.0,1.66,934.2,https://doi.org/10.1016/0021-9614(82)90142-2
155.0,4.0,922.5,https://doi.org/10.1016/0021-9614(82)90142-2
155.0,3.81,918.3,https://doi.org/10.1016/0021-9614(82)90142-2
155.0,3.61,914.4,https://doi.org/10.1016/0021-9614(82)90142-2
155.0,3.42,909.9,https://doi.org/10.1016/0021-9614(82)90142-2
155.0,3.22,905.8,https://doi.org/10.1016/0021-9614(82)90142-2
155.0,3.02,901.3,https://doi.org/10.1016/0021-9614(82)90142-2
155.0,2.83,896.8,https://doi.org/10.1016/0021-9614(82)90142-2
155.0,2.63,892.2,https://doi.org/10.1016/0021-9614(82)90142-2
155.0,2.44,887.7,https://doi.org/10.1016/0021-9614(82)90142-2
155.0,2.24,883.0,https://doi.org/10.1016/0021-9614(82)90142-2
155.0,2.05,878.3,https://doi.org/10.1016/0021-9614(82)90142-2
160.0,4.0,861.2,https://doi.org/10.1016/0021-9614(82)90142-2
160.0,3.98,861.1,https://doi.org/10.1016/0021-9614(82)90142-2
160.0,3.81,856.5,https://doi.org/10.1016/0021-9614(82)90142-2
160.0,3.79,856.4,https://doi.org/10.1016/0021-9614(82)90142-2
160.0,3.62,852.2,https://doi.org/10.1016/0021-9614(82)90142-2
160.0,3.61,851.9,https://doi.org/10.1016/0021-9614(82)90142-2
160.0,3.59,851.3,https://doi.org/10.1016/0021-9614(82)90142-2
160.0,3.42,847.3,https://doi.org/10.1016/0021-9614(82)90142-2
160.0,3.23,842.3,https://doi.org/10.1016/0021-9614(82)90142-2
160.0,3.03,837.0,https://doi.org/10.1016/0021-9614(82)90142-2
160.0,2.83,831.3,https://doi.org/10.1016/0021-9614(82)90142-2
160.0,2.61,825.4,https://doi.org/10.1016/0021-9614(82)90142-2
160.0,2.43,820.4,https://doi.org/10.1016/0021-9614(82)90142-2
160.0,2.24,814.8,https://doi.org/10.1016/0021-9614(82)90142-2
160.0,2.04,809.0,https://doi.org/10.1016/0021-9614(82)90142-2
160.0,1.85,803.4,https://doi.org/10.1016/0021-9614(82)90142-2
160.0,1.74,799.8,https://doi.org/10.1016/0021-9614(82)90142-2
160.0,1.66,797.3,https://doi.org/10.1016/0021-9614(82)90142-2
150.0,1.46,930.0,https://doi.org/10.1016/0021-9614(82)90142-2
150.0,1.26,925.8,https://doi.org/10.1016/0021-9614(82)90142-2
150.0,1.07,921.5,https://doi.org/10.1016/0021-9614(82)90142-2
150.0,0.95,918.7,https://doi.org/10.1016/0021-9614(82)90142-2
150.0,0.87,917.1,https://doi.org/10.1016/0021-9614(82)90142-2
150.0,0.76,914.4,https://doi.org/10.1016/0021-9614(82)90142-2
150.0,0.68,912.7,https://doi.org/10.1016/0021-9614(82)90142-2
150.0,0.56,910.0,https://doi.org/10.1016/0021-9614(82)90142-2
150.0,0.48,908.3,https://doi.org/10.1016/0021-9614(82)90142-2
150.0,0.29,903.7,https://doi.org/10.1016/0021-9614(82)90142-2
150.0,0.17,900.7,https://doi.org/10.1016/0021-9614(82)90142-2
150.0,0.1,899.2,https://doi.org/10.1016/0021-9614(82)90142-2
150.0,0.1,899.1,https://doi.org/10.1016/0021-9614(82)90142-2
155.0,1.85,873.4,https://doi.org/10.1016/0021-9614(82)90142-2
155.0,1.66,868.5,https://doi.org/10.1016/0021-9614(82)90142-2
155.0,1.46,863.7,https://doi.org/10.1016/0021-9614(82)90142-2
155.0,1.26,858.5,https://doi.org/10.1016/0021-9614(82)90142-2
155.0,1.15,855.5,https://doi.org/10.1016/0021-9614(82)90142-2
155.0,1.07,853.4,https://doi.org/10.1016/0021-9614(82)90142-2
155.0,0.95,850.3,https://doi.org/10.1016/0021-9614(82)90142-2
155.0,0.87,848.2,https://doi.org/10.1016/0021-9614(82)90142-2
155.0,0.76,845.1,https://doi.org/10.1016/0021-9614(82)90142-2
155.0,0.68,843.0,https://doi.org/10.1016/0021-9614(82)90142-2
155.0,0.48,837.3,https://doi.org/10.1016/0021-9614(82)90142-2
160.0,1.64,797.2,https://doi.org/10.1016/0021-9614(82)90142-2
160.0,1.54,793.8,https://doi.org/10.1016/0021-9614(82)90142-2
160.0,1.54,793.7,https://doi.org/10.1016/0021-9614(82)90142-2
160.0,1.46,791.5,https://doi.org/10.1016/0021-9614(82)90142-2
160.0,1.46,791.2,https://doi.org/10.1016/0021-9614(82)90142-2
160.0,1.44,790.8,https://doi.org/10.1016/0021-9614(82)90142-2
160.0,1.34,787.7,https://doi.org/10.1016/0021-9614(82)90142-2
160.0,1.27,785.3,https://doi.org/10.1016/0021-9614(82)90142-2
160.0,1.26,785.1,https://doi.org/10.1016/0021-9614(82)90142-2
160.0,1.19,782.6,https://doi.org/10.1016/0021-9614(82)90142-2
160.0,1.15,781.3,https://doi.org/10.1016/0021-9614(82)90142-2
160.0,1.07,778.4,https://doi.org/10.1016/0021-9614(82)90142-2
160.0,1.0,776.3,https://doi.org/10.1016/0021-9614(82)90142-2
160.0,0.95,774.7,https://doi.org/10.1016/0021-9614(82)90142-2
160.0,0.87,772.1,https://doi.org/10.1016/0021-9614(82)90142-2
160.0,0.87,771.8,https://doi.org/10.1016/0021-9614(82)90142-2
160.0,0.79,769.8,https://doi.org/10.1016/0021-9614(82)90142-2
163.0,4.0,823.3,https://doi.org/10.1016/0021-9614(82)90142-2
163.0,3.81,818.0,https://doi.org/10.1016/0021-9614(82)90142-2
163.0,3.61,812.7,https://doi.org/10.1016/0021-9614(82)90142-2
163.0,3.42,807.3,https://doi.org/10.1016/0021-9614(82)90142-2
163.0,3.22,801.5,https://doi.org/10.1016/0021-9614(82)90142-2
163.0,3.02,795.5,https://doi.org/10.1016/0021-9614(82)90142-2
163.0,2.83,789.6,https://doi.org/10.1016/0021-9614(82)90142-2
163.0,7.63,783.7,https://doi.org/10.1016/0021-9614(82)90142-2
163.0,2.44,777.3,https://doi.org/10.1016/0021-9614(82)90142-2
163.0,7.24,771.2,https://doi.org/10.1016/0021-9614(82)90142-2
163.0,2.05,764.7,https://doi.org/10.1016/0021-9614(82)90142-2
163.0,1.85,757.9,https://doi.org/10.1016/0021-9614(82)90142-2
163.0,1.79,755.7,https://doi.org/10.1016/0021-9614(82)90142-2
163.0,1.74,753.9,https://doi.org/10.1016/0021-9614(82)90142-2
163.0,1.74,753.8,https://doi.org/10.1016/0021-9614(82)90142-2
163.0,1.66,751.1,https://doi.org/10.1016/0021-9614(82)90142-2
163.0,1.59,748.6,https://doi.org/10.1016/0021-9614(82)90142-2
163.0,1.54,746.7,https://doi.org/10.1016/0021-9614(82)90142-2
163.0,1.46,743.8,https://doi.org/10.1016/0021-9614(82)90142-2
163.0,1.4,741.6,https://doi.org/10.1016/0021-9614(82)90142-2
163.0,1.34,739.7,https://doi.org/10.1016/0021-9614(82)90142-2
163.0,1.26,737.1,https://doi.org/10.1016/0021-9614(82)90142-2
167.0,4.0,769.5,https://doi.org/10.1016/0021-9614(82)90142-2
167.0,3.8,763.1,https://doi.org/10.1016/0021-9614(82)90142-2
167.0,3.62,757.2,https://doi.org/10.1016/0021-9614(82)90142-2
167.0,3.49,752.9,https://doi.org/10.1016/0021-9614(82)90142-2
167.0,3.42,750.6,https://doi.org/10.1016/0021-9614(82)90142-2
167.0,3.22,743.8,https://doi.org/10.1016/0021-9614(82)90142-2
167.0,3.04,737.1,https://doi.org/10.1016/0021-9614(82)90142-2
167.0,2.82,729.7,https://doi.org/10.1016/0021-9614(82)90142-2
167.0,2.63,722.2,https://doi.org/10.1016/0021-9614(82)90142-2
167.0,7.46,715.8,https://doi.org/10.1016/0021-9614(82)90142-2
167.0,1.44,714.9,https://doi.org/10.1016/0021-9614(82)90142-2
167.0,7.33,710.3,https://doi.org/10.1016/0021-9614(82)90142-2
167.0,7.27,708.2,https://doi.org/10.1016/0021-9614(82)90142-2
167.0,2.24,707.1,https://doi.org/10.1016/0021-9614(82)90142-2
167.0,2.12,702.2,https://doi.org/10.1016/0021-9614(82)90142-2
167.0,2.1,701.5,https://doi.org/10.1016/0021-9614(82)90142-2
167.0,2.07,700.2,https://doi.org/10.1016/0021-9614(82)90142-2
167.0,2.04,698.9,https://doi.org/10.1016/0021-9614(82)90142-2
167.0,2.04,698.7,https://doi.org/10.1016/0021-9614(82)90142-2
167.0,1.97,695.8,https://doi.org/10.1016/0021-9614(82)90142-2
167.0,1.89,692.5,https://doi.org/10.1016/0021-9614(82)90142-2
167.0,1.85,690.8,https://doi.org/10.1016/0021-9614(82)90142-2
167.0,1.78,687.7,https://doi.org/10.1016/0021-9614(82)90142-2
167.0,1.62,680.4,https://doi.org/10.1016/0021-9614(82)90142-2
167.0,1.55,677.2,https://doi.org/10.1016/0021-9614(82)90142-2
167.0,1.53,676.5,https://doi.org/10.1016/0021-9614(82)90142-2
167.0,1.52,675.8,https://doi.org/10.1016/0021-9614(82)90142-2
167.0,1.46,673.1,https://doi.org/10.1016/0021-9614(82)90142-2
170.0,4.0,726.4,https://doi.org/10.1016/0021-9614(82)90142-2
170.0,3.81,719.3,https://doi.org/10.1016/0021-9614(82)90142-2
170.0,3.61,711.5,https://doi.org/10.1016/0021-9614(82)90142-2
170.0,3.41,704.2,https://doi.org/10.1016/0021-9614(82)90142-2
170.0,3.22,696.7,https://doi.org/10.1016/0021-9614(82)90142-2
170.0,3.03,688.8,https://doi.org/10.1016/0021-9614(82)90142-2
170.0,2.83,680.4,https://doi.org/10.1016/0021-9614(82)90142-2
170.0,2.63,671.4,https://doi.org/10.1016/0021-9614(82)90142-2
170.0,2.43,662.4,https://doi.org/10.1016/0021-9614(82)90142-2
170.0,2.35,658.6,https://doi.org/10.1016/0021-9614(82)90142-2
170.0,2.28,655.0,https://doi.org/10.1016/0021-9614(82)90142-2
170.0,2.24,653.2,https://doi.org/10.1016/0021-9614(82)90142-2
170.0,2.2,651.0,https://doi.org/10.1016/0021-9614(82)90142-2
170.0,2.17,649.3,https://doi.org/10.1016/0021-9614(82)90142-2
170.0,2.16,649.1,https://doi.org/10.1016/0021-9614(82)90142-2
170.0,2.05,643.4,https://doi.org/10.1016/0021-9614(82)90142-2
170.0,1.94,637.5,https://doi.org/10.1016/0021-9614(82)90142-2
173.0,4.0,680.2,https://doi.org/10.1016/0021-9614(82)90142-2
173.0,3.81,671.9,https://doi.org/10.1016/0021-9614(82)90142-2
173.0,3.61,663.2,https://doi.org/10.1016/0021-9614(82)90142-2
173.0,3.42,554.7,https://doi.org/10.1016/0021-9614(82)90142-2
173.0,3.22,645.2,https://doi.org/10.1016/0021-9614(82)90142-2
173.0,3.02,635.4,https://doi.org/10.1016/0021-9614(82)90142-2
173.0,2.82,624.9,https://doi.org/10.1016/0021-9614(82)90142-2
173.0,2.63,614.0,https://doi.org/10.1016/0021-9614(82)90142-2
173.0,2.55,609.6,https://doi.org/10.1016/0021-9614(82)90142-2
173.0,2.51,607.3,https://doi.org/10.1016/0021-9614(82)90142-2
173.0,2.48,605.0,https://doi.org/10.1016/0021-9614(82)90142-2
173.0,2.44,602.6,https://doi.org/10.1016/0021-9614(82)90142-2
173.0,2.38,599.5,https://doi.org/10.1016/0021-9614(82)90142-2
173.0,2.36,597.9,https://doi.org/10.1016/0021-9614(82)90142-2
173.0,2.32,595.6,https://doi.org/10.1016/0021-9614(82)90142-2
173.0,2.28,593.7,https://doi.org/10.1016/0021-9614(82)90142-2
173.0,2.26,592.4,https://doi.org/10.1016/0021-9614(82)90142-2
177.0,4.0,612.2,https://doi.org/10.1016/0021-9614(82)90142-2
177.0,3.81,601.4,https://doi.org/10.1016/0021-9614(82)90142-2
177.0,3.62,590.4,https://doi.org/10.1016/0021-9614(82)90142-2
177.0,3.61,590.0,https://doi.org/10.1016/0021-9614(82)90142-2
177.0,3.41,578.0,https://doi.org/10.1016/0021-9614(82)90142-2
177.0,3.22,565.0,https://doi.org/10.1016/0021-9614(82)90142-2
177.0,3.02,551.0,https://doi.org/10.1016/0021-9614(82)90142-2
177.0,2.98,547.9,https://doi.org/10.1016/0021-9614(82)90142-2
177.0,2.94,544.9,https://doi.org/10.1016/0021-9614(82)90142-2
177.0,2.94,544.8,https://doi.org/10.1016/0021-9614(82)90142-2
177.0,2.9,541.7,https://doi.org/10.1016/0021-9614(82)90142-2
177.0,2.86,538.7,https://doi.org/10.1016/0021-9614(82)90142-2
177.0,2.83,536.1,https://doi.org/10.1016/0021-9614(82)90142-2
177.0,2.5,533.6,https://doi.org/10.1016/0021-9614(82)90142-2
177.0,2.77,531.1,https://doi.org/10.1016/0021-9614(82)90142-2
180.0,4.0,553.3,https://doi.org/10.1016/0021-9614(82)90142-2
180.0,3.91,547.0,https://doi.org/10.1016/0021-9614(82)90142-2
180.0,3.81,540.0,https://doi.org/10.1016/0021-9614(82)90142-2
180.0,3.72,532.9,https://doi.org/10.1016/0021-9614(82)90142-2
180.0,3.61,524.3,https://doi.org/10.1016/0021-9614(82)90142-2
180.0,3.52,516.8,https://doi.org/10.1016/0021-9614(82)90142-2
180.0,3.42,507.4,https://doi.org/10.1016/0021-9614(82)90142-2
180.0,3.35,500.9,https://doi.org/10.1016/0021-9614(82)90142-2
180.0,3.34,500.0,https://doi.org/10.1016/0021-9614(82)90142-2
180.0,3.28,494.7,https://doi.org/10.1016/0021-9614(82)90142-2
180.0,3.26,492.1,https://doi.org/10.1016/0021-9614(82)90142-2
180.0,3.25,491.6,https://doi.org/10.1016/0021-9614(82)90142-2
180.0,3.23,488.8,https://doi.org/10.1016/0021-9614(82)90142-2
180.0,3.22,488.1,https://doi.org/10.1016/0021-9614(82)90142-2
180.0,3.18,483.7,https://doi.org/10.1016/0021-9614(82)90142-2
180.0,3.15,480.1,https://doi.org/10.1016/0021-9614(82)90142-2
183.0,4.0,482.4,https://doi.org/10.1016/0021-9614(82)90142-2
183.0,3.98,481.2,https://doi.org/10.1016/0021-9614(82)90142-2
183.0,3.91,474.4,https://doi.org/10.1016/0021-9614(82)90142-2
183.0,3.81,462.1,https://doi.org/10.1016/0021-9614(82)90142-2
183.0,3.73,452.8,https://doi.org/10.1016/0021-9614(82)90142-2
183.0,3.69,447.1,https://doi.org/10.1016/0021-9614(82)90142-2
183.0,3.65,441.7,https://doi.org/10.1016/0021-9614(82)90142-2
183.0,3.61,436.3,https://doi.org/10.1016/0021-9614(82)90142-2
183.0,3.61,435.8,https://doi.org/10.1016/0021-9614(82)90142-2
183.0,3.6,434.2,https://doi.org/10.1016/0021-9614(82)90142-2
183.0,3.58,432.0,https://doi.org/10.1016/0021-9614(82)90142-2
183.0,3.58,430.5,https://doi.org/10.1016/0021-9614(82)90142-2
183.0,3.56,427.7,https://doi.org/10.1016/0021-9614(82)90142-2
183.0,3.54,424.4,https://doi.org/10.1016/0021-9614(82)90142-2
298.15,100.0,1272.95,https://doi.org/10.1007/BF00500838
298.15,150.0,1534.0,https://doi.org/10.1007/BF00500838
298.15,200.0,1737.35,https://doi.org/10.1007/BF00500838
298.15,250.0,1906.53,https://doi.org/10.1007/BF00500838
298.15,300.0,2052.75,https://doi.org/10.1007/BF00500838
298.15,350.0,2182.31,https://doi.org/10.1007/BF00500838
298.15,400.0,2299.14,https://doi.org/10.1007/BF00500838
298.15,450.0,2405.88,https://doi.org/10.1007/BF00500838
298.15,500.0,2504.38,https://doi.org/10.1007/BF00500838
298.15,550.0,2596.04,https://doi.org/10.1007/BF00500838
298.15,600.0,2681.88,https://doi.org/10.1007/BF00500838
298.15,650.0,2762.71,https://doi.org/10.1007/BF00500838
298.15,700.0,2839.18,https://doi.org/10.1007/BF00500838
298.15,750.0,2911.82,https://doi.org/10.1007/BF00500838
298.15,800.0,2981.04,https://doi.org/10.1007/BF00500838
298.15,850.0,3047.22,https://doi.org/10.1007/BF00500838
298.15,900.0,3110.65,https://doi.org/10.1007/BF00500838
298.15,950.0,3171.59,https://doi.org/10.1007/BF00500838
298.15,1000.0,3230.26,https://doi.org/10.1007/BF00500838
273.15,100.0,1330.39,https://doi.org/10.1007/BF00500838
273.15,150.0,1586.05,https://doi.org/10.1007/BF00500838
273.15,200.0,1787.0,https://doi.org/10.1007/BF00500838
273.15,250.0,1954.27,https://doi.org/10.1007/BF00500838
273.15,300.0,2098.68,https://doi.org/10.1007/BF00500838
273.15,350.0,2226.47,https://doi.org/10.1007/BF00500838
273.15,400.0,2341.61,https://doi.org/10.1007/BF00500838
273.15,450.0,2446.75,https://doi.org/10.1007/BF00500838
273.15,500.0,2543.76,https://doi.org/10.1007/BF00500838
273.15,550.0,2634.03,https://doi.org/10.1007/BF00500838
273.15,600.0,2718.58,https://doi.org/10.1007/BF00500838
273.15,650.0,2798.25,https://doi.org/10.1007/BF00500838
273.15,700.0,2873.66,https://doi.org/10.1007/BF00500838
273.15,750.0,2945.33,https://doi.org/10.1007/BF00500838
273.15,800.0,3013.7,https://doi.org/10.1007/BF00500838
273.15,850.0,3079.11,https://doi.org/10.1007/BF00500838
273.15,900.0,3141.85,https://doi.org/10.1007/BF00500838
273.15,950.0,3202.2,https://doi.org/10.1007/BF00500838
273.15,1000.0,3260.35,https://doi.org/10.1007/BF00500838
248.15,100.0,1392.99,https://doi.org/10.1007/BF00500838
248.15,150.0,1644.94,https://doi.org/10.1007/BF00500838
248.15,200.0,1841.12,https://doi.org/10.1007/BF00500838
248.15,250.0,2004.6,https://doi.org/10.1007/BF00500838
248.15,300.0,2146.11,https://doi.org/10.1007/BF00500838
248.15,350.0,2271.66,https://doi.org/10.1007/BF00500838
248.15,400.0,2385.0,https://doi.org/10.1007/BF00500838
248.15,450.0,2488.63,https://doi.org/10.1007/BF00500838
248.15,500.0,2584.34,https://doi.org/10.1007/BF00500838
248.15,550.0,2673.42,https://doi.org/10.1007/BF00500838
248.15,600.0,2756.88,https://doi.org/10.1007/BF00500838
248.15,650.0,2835.5,https://doi.org/10.1007/BF00500838
248.15,700.0,2909.88,https://doi.org/10.1007/BF00500838
248.15,750.0,2980.54,https://doi.org/10.1007/BF00500838
248.15,800.0,3047.88,https://doi.org/10.1007/BF00500838
248.15,850.0,3112.25,https://doi.org/10.1007/BF00500838
248.15,900.0,3173.95,https://doi.org/10.1007/BF00500838
223.15,100.0,1469.28,https://doi.org/10.1007/BF00500838
223.15,150.0,1711.44,https://doi.org/10.1007/BF00500838
223.15,200.0,1901.92,https://doi.org/10.1007/BF00500838
223.15,250.0,2060.43,https://doi.org/10.1007/BF00500838
223.15,300.0,2197.71,https://doi.org/10.1007/BF00500838
223.15,350.0,2319.82,https://doi.org/10.1007/BF00500838
223.15,400.0,2430.43,https://doi.org/10.1007/BF00500838
223.15,450.0,2531.9,https://doi.org/10.1007/BF00500838
223.15,500.0,2625.89,https://doi.org/10.1007/BF00500838
223.15,550.0,2713.54,https://doi.org/10.1007/BF00500838
223.15,600.0,2795.73,https://doi.org/10.1007/BF00500838
223.15,650.0,2873.13,https://doi.org/10.1007/BF00500838
223.15,700.0,2946.26,https://doi.org/10.1007/BF00500838
223.15,750.0,3015.55,https://doi.org/10.1007/BF00500838
198.15,100.0,1546.83,https://doi.org/10.1007/BF00500838
198.15,150.0,1778.11,https://doi.org/10.1007/BF00500838
198.15,200.0,1961.04,https://doi.org/10.1007/BF00500838
198.15,250.0,2114.82,https://doi.org/10.1007/BF00500838
198.15,300.0,2248.76,https://doi.org/10.1007/BF00500838
198.15,350.0,2368.13,https://doi.org/10.1007/BF00500838
198.15,400.0,2476.3,https://doi.org/10.1007/BF00500838
198.15,450.0,2575.52,https://doi.org/10.1007/BF00500838
198.15,500.0,2667.41,https://doi.org/10.1007/BF00500838
198.15,550.0,2753.15,https://doi.org/10.1007/BF00500838
173.15,100.0,1639.66,https://doi.org/10.1007/BF00500838
173.15,150.0,1858.04,https://doi.org/10.1007/BF00500838
173.15,200.0,2032.48,https://doi.org/10.1007/BF00500838
173.15,250.0,2180.37,https://doi.org/10.1007/BF00500838
173.15,300.0,2309.96,https://doi.org/10.1007/BF00500838
173.15,350.0,2425.96,https://doi.org/10.1007/BF00500838
173.15,400.0,2531.37,https://doi.org/10.1007/BF00500838
148.15,100.0,1739.99,https://doi.org/10.1007/BF00500838
148.15,150.0,1941.04,https://doi.org/10.1007/BF00500838
148.15,200.0,2105.03,https://doi.org/10.1007/BF00500838
148.15,250.0,2245.54,https://doi.org/10.1007/BF00500838
252.54,0.1,410.83,https://doi.org/10.1103/PhysRev.67.298
252.85,0.1,410.83,https://doi.org/10.1103/PhysRev.67.298
253.1,0.1,410.76,https://doi.org/10.1103/PhysRev.67.298
226.09,0.1,389.45,https://doi.org/10.1103/PhysRev.67.298
225.74,0.1,389.35,https://doi.org/10.1103/PhysRev.67.298
226.47,0.1,389.35,https://doi.org/10.1103/PhysRev.67.298
226.05,0.1,389.37,https://doi.org/10.1103/PhysRev.67.298
203.53,0.1,370.02,https://doi.org/10.1103/PhysRev.67.298
186.62,0.1,352.53,https://doi.org/10.1103/PhysRev.67.298
186.3,0.1,352.55,https://doi.org/10.1103/PhysRev.67.298
184.8,0.1,352.49,https://doi.org/10.1103/PhysRev.67.298
170.34,0.1,336.59,https://doi.org/10.1103/PhysRev.67.298
168.62,0.1,336.55,https://doi.org/10.1103/PhysRev.67.298
154.77,0.1,321.97,https://doi.org/10.1103/PhysRev.67.298
144.18,0.1,308.61,https://doi.org/10.1103/PhysRev.67.298
144.26,0.1,308.56,https://doi.org/10.1103/PhysRev.67.298
133.55,0.1,296.29,https://doi.org/10.1103/PhysRev.67.298
124.21,0.1,284.91,https://doi.org/10.1103/PhysRev.67.298
115.58,0.1,274.4,https://doi.org/10.1103/PhysRev.67.298
111.33,0.11,1340.9,https://doi.org/10.1016/0031-8914(67)90147-4
111.33,0.5,1345.0,https://doi.org/10.1016/0031-8914(67)90147-4
111.33,0.98,1349.6,https://doi.org/10.1016/0031-8914(67)90147-4
111.33,1.97,1358.7,https://doi.org/10.1016/0031-8914(67)90147-4
111.33,2.94,1367.0,https://doi.org/10.1016/0031-8914(67)90147-4
111.33,3.93,1376.6,https://doi.org/10.1016/0031-8914(67)90147-4
111.33,4.91,1384.8,https://doi.org/10.1016/0031-8914(67)90147-4
111.33,5.88,1393.1,https://doi.org/10.1016/0031-8914(67)90147-4
111.33,6.82,1402.1,https://doi.org/10.1016/0031-8914(67)90147-4
111.33,7.57,1408.5,https://doi.org/10.1016/0031-8914(67)90147-4
125.1,0.28,1200.6,https://doi.org/10.1016/0031-8914(67)90147-4
125.1,0.53,1202.9,https://doi.org/10.1016/0031-8914(67)90147-4
125.1,1.01,1209.0,https://doi.org/10.1016/0031-8914(67)90147-4
125.1,1.99,1220.8,https://doi.org/10.1016/0031-8914(67)90147-4
125.1,2.96,1232.1,https://doi.org/10.1016/0031-8914(67)90147-4
125.1,3.92,1242.7,https://doi.org/10.1016/0031-8914(67)90147-4
125.1,4.86,1253.8,https://doi.org/10.1016/0031-8914(67)90147-4
125.1,5.92,1265.1,https://doi.org/10.1016/0031-8914(67)90147-4
125.1,6.85,1275.0,https://doi.org/10.1016/0031-8914(67)90147-4
125.1,7.8,1285.0,https://doi.org/10.1016/0031-8914(67)90147-4
125.1,8.77,1295.0,https://doi.org/10.1016/0031-8914(67)90147-4
125.1,9.79,1305.2,https://doi.org/10.1016/0031-8914(67)90147-4
140.03,0.65,1038.5,https://doi.org/10.1016/0031-8914(67)90147-4
140.03,1.11,1045.0,https://doi.org/10.1016/0031-8914(67)90147-4
140.03,1.99,1059.5,https://doi.org/10.1016/0031-8914(67)90147-4
140.03,2.98,1075.0,https://doi.org/10.1016/0031-8914(67)90147-4
140.03,3.93,1089.1,https://doi.org/10.1016/0031-8914(67)90147-4
140.03,4.93,1104.0,https://doi.org/10.1016/0031-8914(67)90147-4
140.03,5.9,1117.9,https://doi.org/10.1016/0031-8914(67)90147-4
140.03,6.84,1130.6,https://doi.org/10.1016/0031-8914(67)90147-4
140.03,7.89,1145.3,https://doi.org/10.1016/0031-8914(67)90147-4
140.03,8.84,1157.0,https://doi.org/10.1016/0031-8914(67)90147-4
140.03,9.79,1169.5,https://doi.org/10.1016/0031-8914(67)90147-4
140.03,10.61,1178.7,https://doi.org/10.1016/0031-8914(67)90147-4
140.03,11.03,1183.9,https://doi.org/10.1016/0031-8914(67)90147-4
155.43,1.37,854.0,https://doi.org/10.1016/0031-8914(67)90147-4
155.43,2.15,872.9,https://doi.org/10.1016/0031-8914(67)90147-4
155.43,2.92,891.3,https://doi.org/10.1016/0031-8914(67)90147-4
155.43,3.98,915.1,https://doi.org/10.1016/0031-8914(67)90147-4
155.43,4.95,935.5,https://doi.org/10.1016/0031-8914(67)90147-4
155.43,5.93,954.5,https://doi.org/10.1016/0031-8914(67)90147-4
155.43,6.74,970.5,https://doi.org/10.1016/0031-8914(67)90147-4
155.43,7.84,990.5,https://doi.org/10.1016/0031-8914(67)90147-4
155.43,8.88,1007.7,https://doi.org/10.1016/0031-8914(67)90147-4
155.43,9.78,1022.5,https://doi.org/10.1016/0031-8914(67)90147-4
155.43,10.84,1038.6,https://doi.org/10.1016/0031-8914(67)90147-4
155.43,11.81,1053.6,https://doi.org/10.1016/0031-8914(67)90147-4
155.43,12.78,1068.6,https://doi.org/10.1016/0031-8914(67)90147-4
155.43,13.77,1080.9,https://doi.org/10.1016/0031-8914(67)90147-4
155.43,14.77,1094.9,https://doi.org/10.1016/0031-8914(67)90147-4
155.43,15.59,1105.5,https://doi.org/10.1016/0031-8914(67)90147-4
170.73,2.4,646.8,https://doi.org/10.1016/0031-8914(67)90147-4
170.73,3.0,672.2,https://doi.org/10.1016/0031-8914(67)90147-4
170.73,3.96,710.2,https://doi.org/10.1016/0031-8914(67)90147-4
170.73,4.92,743.7,https://doi.org/10.1016/0031-8914(67)90147-4
170.73,6.2,782.7,https://doi.org/10.1016/0031-8914(67)90147-4
170.73,7.84,826.0,https://doi.org/10.1016/0031-8914(67)90147-4
170.73,8.88,849.9,https://doi.org/10.1016/0031-8914(67)90147-4
170.73,9.83,871.1,https://doi.org/10.1016/0031-8914(67)90147-4
170.73,10.69,890.3,https://doi.org/10.1016/0031-8914(67)90147-4
170.73,11.67,909.0,https://doi.org/10.1016/0031-8914(67)90147-4
170.73,12.7,927.0,https://doi.org/10.1016/0031-8914(67)90147-4
170.73,13.58,944.1,https://doi.org/10.1016/0031-8914(67)90147-4
170.73,14.61,261.4,https://doi.org/10.1016/0031-8914(67)90147-4
170.73,15.61,977.9,https://doi.org/10.1016/0031-8914(67)90147-4
170.73,16.87,995.3,https://doi.org/10.1016/0031-8914(67)90147-4
170.73,18.29,1015.6,https://doi.org/10.1016/0031-8914(67)90147-4
185.88,3.97,373.6,https://doi.org/10.1016/0031-8914(67)90147-4
185.88,4.52,450.0,https://doi.org/10.1016/0031-8914(67)90147-4
185.88,5.0,494.8,https://doi.org/10.1016/0031-8914(67)90147-4
185.88,5.93,556.2,https://doi.org/10.1016/0031-8914(67)90147-4
185.88,6.89,603.0,https://doi.org/10.1016/0031-8914(67)90147-4
185.88,7.89,646.6,https://doi.org/10.1016/0031-8914(67)90147-4
185.88,8.93,685.6,https://doi.org/10.1016/0031-8914(67)90147-4
185.88,9.81,707.4,https://doi.org/10.1016/0031-8914(67)90147-4
185.88,10.81,738.7,https://doi.org/10.1016/0031-8914(67)90147-4
185.88,11.82,766.8,https://doi.org/10.1016/0031-8914(67)90147-4
185.88,13.25,800.6,https://doi.org/10.1016/0031-8914(67)90147-4
185.88,14.81,836.3,https://doi.org/10.1016/0031-8914(67)90147-4
185.88,15.89,856.1,https://doi.org/10.1016/0031-8914(67)90147-4
185.88,17.36,884.2,https://doi.org/10.1016/0031-8914(67)90147-4
185.88,18.34,901.8,https://doi.org/10.1016/0031-8914(67)90147-4
190.0,4.55,264.2,https://doi.org/10.1016/0031-8914(67)90147-4
190.0,4.78,340.2,https://doi.org/10.1016/0031-8914(67)90147-4
190.0,5.3,415.6,https://doi.org/10.1016/0031-8914(67)90147-4
190.0,5.95,482.3,https://doi.org/10.1016/0031-8914(67)90147-4
190.0,6.84,539.8,https://doi.org/10.1016/0031-8914(67)90147-4
190.0,7.79,590.9,https://doi.org/10.1016/0031-8914(67)90147-4
190.0,8.86,634.5,https://doi.org/10.1016/0031-8914(67)90147-4
190.0,10.1,677.7,https://doi.org/10.1016/0031-8914(67)90147-4
190.0,11.35,715.7,https://doi.org/10.1016/0031-8914(67)90147-4
190.0,12.57,748.8,https://doi.org/10.1016/0031-8914(67)90147-4
190.0,13.79,778.2,https://doi.org/10.1016/0031-8914(67)90147-4
190.0,15.04,807.2,https://doi.org/10.1016/0031-8914(67)90147-4
190.0,16.33,833.3,https://doi.org/10.1016/0031-8914(67)90147-4
190.0,17.51,855.1,https://doi.org/10.1016/0031-8914(67)90147-4
190.0,18.73,878.5,https://doi.org/10.1016/0031-8914(67)90147-4
190.0,19.97,900.5,https://doi.org/10.1016/0031-8914(67)90147-4
115.0,0.98,1311.0,https://doi.org/10.1016/0031-8914(67)90147-4
115.0,1.96,1323.0,https://doi.org/10.1016/0031-8914(67)90147-4
115.0,2.94,1331.0,https://doi.org/10.1016/0031-8914(67)90147-4
115.0,3.92,1341.0,https://doi.org/10.1016/0031-8914(67)90147-4
115.0,4.9,1345.0,https://doi.org/10.1016/0031-8914(67)90147-4
115.0,5.88,1359.0,https://doi.org/10.1016/0031-8914(67)90147-4
115.0,6.86,1367.0,https://doi.org/10.1016/0031-8914(67)90147-4
115.0,7.84,1377.0,https://doi.org/10.1016/0031-8914(67)90147-4
125.0,0.98,1209.0,https://doi.org/10.1016/0031-8914(67)90147-4
125.0,1.96,1221.0,https://doi.org/10.1016/0031-8914(67)90147-4
125.0,2.94,1232.0,https://doi.org/10.1016/0031-8914(67)90147-4
125.0,3.92,1243.0,https://doi.org/10.1016/0031-8914(67)90147-4
125.0,4.9,1255.0,https://doi.org/10.1016/0031-8914(67)90147-4
125.0,5.88,1266.0,https://doi.org/10.1016/0031-8914(67)90147-4
125.0,6.86,1275.0,https://doi.org/10.1016/0031-8914(67)90147-4
125.0,7.84,1286.0,https://doi.org/10.1016/0031-8914(67)90147-4
125.0,8.82,1296.0,https://doi.org/10.1016/0031-8914(67)90147-4
125.0,9.8,1306.0,https://doi.org/10.1016/0031-8914(67)90147-4
125.0,10.78,1315.0,https://doi.org/10.1016/0031-8914(67)90147-4
140.0,0.98,1043.0,https://doi.org/10.1016/0031-8914(67)90147-4
140.0,1.96,1059.0,https://doi.org/10.1016/0031-8914(67)90147-4
140.0,2.94,1074.0,https://doi.org/10.1016/0031-8914(67)90147-4
140.0,3.92,1089.0,https://doi.org/10.1016/0031-8914(67)90147-4
140.0,4.9,1103.0,https://doi.org/10.1016/0031-8914(67)90147-4
140.0,5.88,1118.0,https://doi.org/10.1016/0031-8914(67)90147-4
140.0,6.86,1131.0,https://doi.org/10.1016/0031-8914(67)90147-4
140.0,7.84,1144.0,https://doi.org/10.1016/0031-8914(67)90147-4
140.0,8.82,1156.0,https://doi.org/10.1016/0031-8914(67)90147-4
140.0,9.8,1169.0,https://doi.org/10.1016/0031-8914(67)90147-4
140.0,10.78,1180.0,https://doi.org/10.1016/0031-8914(67)90147-4
155.0,1.96,873.0,https://doi.org/10.1016/0031-8914(67)90147-4
155.0,2.94,895.0,https://doi.org/10.1016/0031-8914(67)90147-4
155.0,3.92,918.0,https://doi.org/10.1016/0031-8914(67)90147-4
155.0,4.9,939.0,https://doi.org/10.1016/0031-8914(67)90147-4
155.0,5.88,958.0,https://doi.org/10.1016/0031-8914(67)90147-4
155.0,6.86,977.0,https://doi.org/10.1016/0031-8914(67)90147-4
155.0,7.84,994.0,https://doi.org/10.1016/0031-8914(67)90147-4
155.0,8.82,1011.0,https://doi.org/10.1016/0031-8914(67)90147-4
155.0,9.8,1026.0,https://doi.org/10.1016/0031-8914(67)90147-4
155.0,10.78,1041.0,https://doi.org/10.1016/0031-8914(67)90147-4
155.0,11.76,1056.0,https://doi.org/10.1016/0031-8914(67)90147-4
155.0,12.74,1070.0,https://doi.org/10.1016/0031-8914(67)90147-4
155.0,13.72,1084.0,https://doi.org/10.1016/0031-8914(67)90147-4
155.0,14.7,1096.0,https://doi.org/10.1016/0031-8914(67)90147-4
145.6,0.86,970.0,https://doi.org/10.1063/1.1671860
145.6,1.82,980.0,https://doi.org/10.1063/1.1671860
145.6,3.06,1020.0,https://doi.org/10.1063/1.1671860
145.6,5.02,1050.0,https://doi.org/10.1063/1.1671860
145.6,7.2,1080.0,https://doi.org/10.1063/1.1671860
145.6,8.58,1100.0,https://doi.org/10.1063/1.1671860
125.0,0.34,1200.0,https://doi.org/10.1063/1.1671860
125.1,1.02,1210.0,https://doi.org/10.1063/1.1671860
125.0,3.54,1240.0,https://doi.org/10.1063/1.1671860
124.9,5.88,1260.0,https://doi.org/10.1063/1.1671860
125.0,7.94,1282.0,https://doi.org/10.1063/1.1671860
125.1,8.73,1295.0,https://doi.org/10.1063/1.1671860
113.0,0.24,1330.0,https://doi.org/10.1063/1.1671860
113.6,0.77,1332.0,https://doi.org/10.1063/1.1671860
114.0,1.38,1335.0,https://doi.org/10.1063/1.1671860
115.0,2.65,1340.0,https://doi.org/10.1063/1.1671860
117.0,5.1,1345.0,https://doi.org/10.1063/1.1671860
112.0,0.16,1350.0,https://doi.org/10.1063/1.1671860
111.9,3.02,1380.0,https://doi.org/10.1063/1.1671860
112.1,6.12,1400.0,https://doi.org/10.1063/1.1671860
112.0,8.72,1430.0,https://doi.org/10.1063/1.1671860
105.0,0.16,1485.0,https://doi.org/10.1063/1.1671860
94.0,0.16,1520.0,https://doi.org/10.1063/1.1671860
274.15,0.1,429.2,https://doi.org/10.1098/rspa.1921.0066
374.15,0.1,487.4,https://doi.org/10.1098/rspa.1921.0066
474.15,0.1,540.0,https://doi.org/10.1098/rspa.1921.0066
574.15,0.1,587.3,https://doi.org/10.1098/rspa.1921.0066
674.15,0.1,630.8,https://doi.org/10.1098/rspa.1921.0066
774.15,0.1,671.4,https://doi.org/10.1098/rspa.1921.0066
874.15,0.1,709.2,https://doi.org/10.1098/rspa.1921.0066
300.15,1.3,411.0,https://doi.org/10.1364/JOSA.60.001264
300.15,1.55,417.0,https://doi.org/10.1364/JOSA.60.001264
300.15,1.79,417.0,https://doi.org/10.1364/JOSA.60.001264
300.15,2.03,417.0,https://doi.org/10.1364/JOSA.60.001264
300.15,2.28,417.0,https://doi.org/10.1364/JOSA.60.001264
300.15,2.52,423.0,https://doi.org/10.1364/JOSA.60.001264
300.15,2.9,424.0,https://doi.org/10.1364/JOSA.60.001264
300.15,3.0,420.0,https://doi.org/10.1364/JOSA.60.001264
300.15,4.14,409.0,https://doi.org/10.1364/JOSA.60.001264
300.15,5.17,407.0,https://doi.org/10.1364/JOSA.60.001264
300.15,6.21,407.0,https://doi.org/10.1364/JOSA.60.001264
300.15,7.58,411.0,https://doi.org/10.1364/JOSA.60.001264
300.15,8.83,419.0,https://doi.org/10.1364/JOSA.60.001264
300.15,9.65,426.0,https://doi.org/10.1364/JOSA.60.001264
300.15,10.76,430.0,https://doi.org/10.1364/JOSA.60.001264
300.15,10.76,434.0,https://doi.org/10.1364/JOSA.60.001264
100.0,33.38,1672.6,https://doi.org/10.1016/0011-2275(74)90075-7
100.0,26.08,1630.7,https://doi.org/10.1016/0011-2275(74)90075-7
100.0,19.12,1588.1,https://doi.org/10.1016/0011-2275(74)90075-7
100.0,13.09,1548.5,https://doi.org/10.1016/0011-2275(74)90075-7
100.0,7.24,1507.4,https://doi.org/10.1016/0011-2275(74)90075-7
100.0,1.66,1465.1,https://doi.org/10.1016/0011-2275(74)90075-7
120.0,31.16,1517.2,https://doi.org/10.1016/0011-2275(74)90075-7
120.0,26.23,1482.8,https://doi.org/10.1016/0011-2275(74)90075-7
120.0,19.98,1436.0,https://doi.org/10.1016/0011-2275(74)90075-7
120.0,15.15,1397.0,https://doi.org/10.1016/0011-2275(74)90075-7
120.0,9.26,1345.2,https://doi.org/10.1016/0011-2275(74)90075-7
120.0,4.37,1290.5,https://doi.org/10.1016/0011-2275(74)90075-7
150.0,34.53,1339.6,https://doi.org/10.1016/0011-2275(74)90075-7
150.0,28.84,1290.0,https://doi.org/10.1016/0011-2275(74)90075-7
150.0,23.67,1240.3,https://doi.org/10.1016/0011-2275(74)90075-7
150.0,18.43,1184.6,https://doi.org/10.1016/0011-2275(74)90075-7
150.0,12.67,1114.5,https://doi.org/10.1016/0011-2275(74)90075-7
150.0,7.26,1036.6,https://doi.org/10.1016/0011-2275(74)90075-7
150.0,3.02,962.1,https://doi.org/10.1016/0011-2275(74)90075-7
170.0,31.46,1183.8,https://doi.org/10.1016/0011-2275(74)90075-7
170.0,26.99,1135.5,https://doi.org/10.1016/0011-2275(74)90075-7
170.0,20.77,1059.2,https://doi.org/10.1016/0011-2275(74)90075-7
170.0,17.54,1013.9,https://doi.org/10.1016/0011-2275(74)90075-7
170.0,13.01,940.7,https://doi.org/10.1016/0011-2275(74)90075-7
170.0,7.77,833.5,https://doi.org/10.1016/0011-2275(74)90075-7
170.0,4.53,742.9,https://doi.org/10.1016/0011-2275(74)90075-7
184.0,34.25,1129.0,https://doi.org/10.1016/0011-2275(74)90075-7
184.0,27.88,1055.1,https://doi.org/10.1016/0011-2275(74)90075-7
184.0,22.51,282.8,https://doi.org/10.1016/0011-2275(74)90075-7
184.0,17.86,909.0,https://doi.org/10.1016/0011-2275(74)90075-7
184.0,13.84,831.9,https://doi.org/10.1016/0011-2275(74)90075-7
184.0,10.44,751.2,https://doi.org/10.1016/0011-2275(74)90075-7
184.0,7.72,666.6,https://doi.org/10.1016/0011-2275(74)90075-7
184.0,5.77,579.9,https://doi.org/10.1016/0011-2275(74)90075-7
184.0,5.3,552.8,https://doi.org/10.1016/0011-2275(74)90075-7
210.0,34.07,987.0,https://doi.org/10.1016/0011-2275(74)90075-7
210.0,27.6,898.0,https://doi.org/10.1016/0011-2275(74)90075-7
210.0,22.26,809.8,https://doi.org/10.1016/0011-2275(74)90075-7
210.0,17.49,711.5,https://doi.org/10.1016/0011-2275(74)90075-7
210.0,14.83,643.9,https://doi.org/10.1016/0011-2275(74)90075-7
210.0,12.7,577.5,https://doi.org/10.1016/0011-2275(74)90075-7
210.0,10.94,511.5,https://doi.org/10.1016/0011-2275(74)90075-7
210.0,10.17,477.0,https://doi.org/10.1016/0011-2275(74)90075-7
210.0,9.65,451.2,https://doi.org/10.1016/0011-2275(74)90075-7
240.0,34.64,863.5,https://doi.org/10.1016/0011-2275(74)90075-7
240.0,29.11,782.7,https://doi.org/10.1016/0011-2275(74)90075-7
240.0,24.66,707.0,https://doi.org/10.1016/0011-2275(74)90075-7
240.0,20.89,632.6,https://doi.org/10.1016/0011-2275(74)90075-7
240.0,18.89,588.8,https://doi.org/10.1016/0011-2275(74)90075-7
240.0,16.84,540.2,https://doi.org/10.1016/0011-2275(74)90075-7
240.0,15.19,498.4,https://doi.org/10.1016/0011-2275(74)90075-7
240.0,14.07,469.8,https://doi.org/10.1016/0011-2275(74)90075-7
270.0,34.77,771.5,https://doi.org/10.1016/0011-2275(74)90075-7
270.0,30.49,711.2,https://doi.org/10.1016/0011-2275(74)90075-7
270.0,25.97,641.6,https://doi.org/10.1016/0011-2275(74)90075-7
270.0,21.84,572.8,https://doi.org/10.1016/0011-2275(74)90075-7
300.0,34.84,713.9,https://doi.org/10.1016/0011-2275(74)90075-7
300.0,29.73,649.5,https://doi.org/10.1016/0011-2275(74)90075-7
300.0,27.3,618.0,https://doi.org/10.1016/0011-2275(74)90075-7
300.0,24.63,580.4,https://doi.org/10.1016/0011-2275(74)90075-7
300.0,20.98,537.3,https://doi.org/10.1016/0011-2275(74)90075-7
300.0,17.59,507.4,https://doi.org/10.1016/0011-2275(75)90088-0
300.0,12.57,463.5,https://doi.org/10.1016/0011-2275(75)90088-0
300.0,7.8,445.6,https://doi.org/10.1016/0011-2275(75)90088-0
300.0,2.46,447.7,https://doi.org/10.1016/0011-2275(75)90088-0
240.0,14.47,480.8,https://doi.org/10.1016/0011-2275(75)90088-0
240.0,12.54,433.1,https://doi.org/10.1016/0011-2275(75)90088-0
240.0,12.5,431.5,https://doi.org/10.1016/0011-2275(75)90088-0
240.0,10.18,387.6,https://doi.org/10.1016/0011-2275(75)90088-0
240.0,9.78,381.6,https://doi.org/10.1016/0011-2275(75)90088-0
240.0,8.11,370.6,https://doi.org/10.1016/0011-2275(75)90088-0
240.0,7.64,368.2,https://doi.org/10.1016/0011-2275(75)90088-0
240.0,6.23,369.0,https://doi.org/10.1016/0011-2275(75)90088-0
240.0,5.45,371.9,https://doi.org/10.1016/0011-2275(75)90088-0
240.0,3.53,380.3,https://doi.org/10.1016/0011-2275(75)90088-0
240.0,3.42,380.3,https://doi.org/10.1016/0011-2275(75)90088-0
240.0,2.12,389.7,https://doi.org/10.1016/0011-2275(75)90088-0
240.0,1.82,393.5,https://doi.org/10.1016/0011-2275(75)90088-0
210.0,9.87,462.9,https://doi.org/10.1016/0011-2275(75)90088-0
210.0,8.72,400.4,https://doi.org/10.1016/0011-2275(75)90088-0
210.0,7.95,357.5,https://doi.org/10.1016/0011-2275(75)90088-0
210.0,6.81,313.1,https://doi.org/10.1016/0011-2275(75)90088-0
210.0,5.81,311.6,https://doi.org/10.1016/0011-2275(75)90088-0
210.0,4.42,326.0,https://doi.org/10.1016/0011-2275(75)90088-0
210.0,2.3,352.2,https://doi.org/10.1016/0011-2275(75)90088-0
255.0,6.94,388.39,https://discovery.ucl.ac.uk/id/eprint/1317959/
255.0,6.33,388.99,https://discovery.ucl.ac.uk/id/eprint/1317959/
255.0,5.73,390.17,https://discovery.ucl.ac.uk/id/eprint/1317959/
255.0,5.08,391.99,https://discovery.ucl.ac.uk/id/eprint/1317959/
255.0,4.38,394.47,https://discovery.ucl.ac.uk/id/eprint/1317959/
255.0,3.61,397.74,https://discovery.ucl.ac.uk/id/eprint/1317959/
255.0,2.7,402.22,https://discovery.ucl.ac.uk/id/eprint/1317959/
255.0,1.75,407.26,https://discovery.ucl.ac.uk/id/eprint/1317959/
255.0,0.96,411.74,https://discovery.ucl.ac.uk/id/eprint/1317959/
255.0,0.23,416.07,https://discovery.ucl.ac.uk/id/eprint/1317959/
255.0,0.17,416.46,https://discovery.ucl.ac.uk/id/eprint/1317959/
255.0,0.1,415.89,https://discovery.ucl.ac.uk/id/eprint/1317959/
255.0,0.05,418.96,https://discovery.ucl.ac.uk/id/eprint/1317959/
273.16,7.09,410.82,https://discovery.ucl.ac.uk/id/eprint/1317959/
273.16,6.56,410.92,https://discovery.ucl.ac.uk/id/eprint/1317959/
273.16,5.68,411.76,https://discovery.ucl.ac.uk/id/eprint/1317959/
273.16,4.84,413.3,https://discovery.ucl.ac.uk/id/eprint/1317959/
273.16,4.37,414.43,https://discovery.ucl.ac.uk/id/eprint/1317959/
273.16,3.67,416.4,https://discovery.ucl.ac.uk/id/eprint/1317959/
273.16,3.02,418.53,https://discovery.ucl.ac.uk/id/eprint/1317959/
273.16,2.07,422.1,https://discovery.ucl.ac.uk/id/eprint/1317959/
273.16,1.58,424.09,https://discovery.ucl.ac.uk/id/eprint/1317959/
273.16,1.55,424.19,https://discovery.ucl.ac.uk/id/eprint/1317959/
273.16,1.0,426.6,https://discovery.ucl.ac.uk/id/eprint/1317959/
273.16,0.6,428.37,https://discovery.ucl.ac.uk/id/eprint/1317959/
273.16,0.22,430.09,https://discovery.ucl.ac.uk/id/eprint/1317959/
300.0,7.12,439.02,https://discovery.ucl.ac.uk/id/eprint/1317959/
300.0,6.25,438.72,https://discovery.ucl.ac.uk/id/eprint/1317959/
300.0,5.53,438.9,https://discovery.ucl.ac.uk/id/eprint/1317959/
300.0,4.89,439.37,https://discovery.ucl.ac.uk/id/eprint/1317959/
300.0,4.09,440.29,https://discovery.ucl.ac.uk/id/eprint/1317959/
300.0,3.39,441.42,https://discovery.ucl.ac.uk/id/eprint/1317959/
300.0,2.63,442.93,https://discovery.ucl.ac.uk/id/eprint/1317959/
300.0,1.85,444.75,https://discovery.ucl.ac.uk/id/eprint/1317959/
300.0,1.14,466.65,https://discovery.ucl.ac.uk/id/eprint/1317959/
300.0,0.24,449.28,https://discovery.ucl.ac.uk/id/eprint/1317959/
300.0,0.17,449.49,https://discovery.ucl.ac.uk/id/eprint/1317959/
300.0,0.1,449.69,https://discovery.ucl.ac.uk/id/eprint/1317959/
350.0,7.18,481.44,https://discovery.ucl.ac.uk/id/eprint/1317959/
350.0,6.2,480.31,https://discovery.ucl.ac.uk/id/eprint/1317959/
350.0,5.13,479.51,https://discovery.ucl.ac.uk/id/eprint/1317959/
350.0,4.14,479.21,https://discovery.ucl.ac.uk/id/eprint/1317959/
350.0,3.16,479.29,https://discovery.ucl.ac.uk/id/eprint/1317959/
350.0,3.16,479.29,https://discovery.ucl.ac.uk/id/eprint/1317959/
350.0,2.08,479.78,https://discovery.ucl.ac.uk/id/eprint/1317959/
350.0,1.26,480.39,https://discovery.ucl.ac.uk/id/eprint/1317959/
350.0,0.66,480.99,https://discovery.ucl.ac.uk/id/eprint/1317959/
350.0,0.21,481.47,https://discovery.ucl.ac.uk/id/eprint/1317959/
293.15,0.1,446.2,E.Terres-W.Jahn-andH.Reissmann-Brennstoff-Chemie38-129(1957)
293.15,0.98,444.0,E.Terres-W.Jahn-andH.Reissmann-Brennstoff-Chemie38-129(1957)
293.15,1.96,441.3,E.Terres-W.Jahn-andH.Reissmann-Brennstoff-Chemie38-129(1957)
293.15,2.94,439.2,E.Terres-W.Jahn-andH.Reissmann-Brennstoff-Chemie38-129(1957)
293.15,3.92,437.0,E.Terres-W.Jahn-andH.Reissmann-Brennstoff-Chemie38-129(1957)
293.15,4.9,435.4,E.Terres-W.Jahn-andH.Reissmann-Brennstoff-Chemie38-129(1957)
293.15,5.88,434.8,E.Terres-W.Jahn-andH.Reissmann-Brennstoff-Chemie38-129(1957)
293.15,6.86,434.5,E.Terres-W.Jahn-andH.Reissmann-Brennstoff-Chemie38-129(1957)
293.15,7.84,435.0,E.Terres-W.Jahn-andH.Reissmann-Brennstoff-Chemie38-129(1957)
293.15,8.82,436.2,E.Terres-W.Jahn-andH.Reissmann-Brennstoff-Chemie38-129(1957)
293.15,9.8,439.1,E.Terres-W.Jahn-andH.Reissmann-Brennstoff-Chemie38-129(1957)
293.15,10.78,442.8,E.Terres-W.Jahn-andH.Reissmann-Brennstoff-Chemie38-129(1957)
293.15,11.76,447.7,E.Terres-W.Jahn-andH.Reissmann-Brennstoff-Chemie38-129(1957)
323.15,0.1,466.0,E.Terres-W.Jahn-andH.Reissmann-Brennstoff-Chemie38-129(1957)
323.15,0.98,464.3,E.Terres-W.Jahn-andH.Reissmann-Brennstoff-Chemie38-129(1957)
323.15,1.96,462.0,E.Terres-W.Jahn-andH.Reissmann-Brennstoff-Chemie38-129(1957)
323.15,2.94,460.4,E.Terres-W.Jahn-andH.Reissmann-Brennstoff-Chemie38-129(1957)
323.15,3.92,459.8,E.Terres-W.Jahn-andH.Reissmann-Brennstoff-Chemie38-129(1957)
323.15,4.9,459.6,E.Terres-W.Jahn-andH.Reissmann-Brennstoff-Chemie38-129(1957)
323.15,5.88,459.9,E.Terres-W.Jahn-andH.Reissmann-Brennstoff-Chemie38-129(1957)
323.15,6.86,461.0,E.Terres-W.Jahn-andH.Reissmann-Brennstoff-Chemie38-129(1957)
323.15,7.84,462.5,E.Terres-W.Jahn-andH.Reissmann-Brennstoff-Chemie38-129(1957)
323.15,8.82,464.2,E.Terres-W.Jahn-andH.Reissmann-Brennstoff-Chemie38-129(1957)
323.15,9.8,4.6,E.Terres-W.Jahn-andH.Reissmann-Brennstoff-Chemie38-129(1957)
323.15,10.78,470.0,E.Terres-W.Jahn-andH.Reissmann-Brennstoff-Chemie38-129(1957)
323.15,11.76,473.8,E.Terres-W.Jahn-andH.Reissmann-Brennstoff-Chemie38-129(1957)
348.15,0.1,482.0,E.Terres-W.Jahn-andH.Reissmann-Brennstoff-Chemie38-129(1957)
348.15,0.98,480.7,E.Terres-W.Jahn-andH.Reissmann-Brennstoff-Chemie38-129(1957)
348.15,1.96,479.5,E.Terres-W.Jahn-andH.Reissmann-Brennstoff-Chemie38-129(1957)
348.15,2.94,478.9,E.Terres-W.Jahn-andH.Reissmann-Brennstoff-Chemie38-129(1957)
348.15,3.92,478.3,E.Terres-W.Jahn-andH.Reissmann-Brennstoff-Chemie38-129(1957)
348.15,4.9,478.4,E.Terres-W.Jahn-andH.Reissmann-Brennstoff-Chemie38-129(1957)
348.15,5.88,479.0,E.Terres-W.Jahn-andH.Reissmann-Brennstoff-Chemie38-129(1957)
348.15,6.86,479.9,E.Terres-W.Jahn-andH.Reissmann-Brennstoff-Chemie38-129(1957)
348.15,7.84,481.5,E.Terres-W.Jahn-andH.Reissmann-Brennstoff-Chemie38-129(1957)
348.15,8.82,483.8,E.Terres-W.Jahn-andH.Reissmann-Brennstoff-Chemie38-129(1957)
348.15,9.8,486.4,E.Terres-W.Jahn-andH.Reissmann-Brennstoff-Chemie38-129(1957)
348.15,10.78,489.8,E.Terres-W.Jahn-andH.Reissmann-Brennstoff-Chemie38-129(1957)
348.15,11.76,494.8,E.Terres-W.Jahn-andH.Reissmann-Brennstoff-Chemie38-129(1957)
373.15,0.1,496.8,E.Terres-W.Jahn-andH.Reissmann-Brennstoff-Chemie38-129(1957)
373.15,0.98,495.8,E.Terres-W.Jahn-andH.Reissmann-Brennstoff-Chemie38-129(1957)
373.15,1.96,494.8,E.Terres-W.Jahn-andH.Reissmann-Brennstoff-Chemie38-129(1957)
373.15,2.94,494.5,E.Terres-W.Jahn-andH.Reissmann-Brennstoff-Chemie38-129(1957)
373.15,3.92,494.8,E.Terres-W.Jahn-andH.Reissmann-Brennstoff-Chemie38-129(1957)
373.15,4.9,495.7,E.Terres-W.Jahn-andH.Reissmann-Brennstoff-Chemie38-129(1957)
373.15,5.88,496.6,E.Terres-W.Jahn-andH.Reissmann-Brennstoff-Chemie38-129(1957)
373.15,6.86,498.1,E.Terres-W.Jahn-andH.Reissmann-Brennstoff-Chemie38-129(1957)
373.15,7.84,499.9,E.Terres-W.Jahn-andH.Reissmann-Brennstoff-Chemie38-129(1957)
373.15,8.82,501.8,E.Terres-W.Jahn-andH.Reissmann-Brennstoff-Chemie38-129(1957)
373.15,9.8,504.1,E.Terres-W.Jahn-andH.Reissmann-Brennstoff-Chemie38-129(1957)
373.15,10.78,507.7,E.Terres-W.Jahn-andH.Reissmann-Brennstoff-Chemie38-129(1957)
373.15,11.76,510.8,E.Terres-W.Jahn-andH.Reissmann-Brennstoff-Chemie38-129(1957)
398.15,0.1,510.9,E.Terres-W.Jahn-andH.Reissmann-Brennstoff-Chemie38-129(1957)
398.15,0.98,509.7,E.Terres-W.Jahn-andH.Reissmann-Brennstoff-Chemie38-129(1957)
398.15,1.96,509.1,E.Terres-W.Jahn-andH.Reissmann-Brennstoff-Chemie38-129(1957)
398.15,2.94,509.2,E.Terres-W.Jahn-andH.Reissmann-Brennstoff-Chemie38-129(1957)
398.15,3.92,510.0,E.Terres-W.Jahn-andH.Reissmann-Brennstoff-Chemie38-129(1957)
398.15,4.9,511.1,E.Terres-W.Jahn-andH.Reissmann-Brennstoff-Chemie38-129(1957)
398.15,5.88,512.6,E.Terres-W.Jahn-andH.Reissmann-Brennstoff-Chemie38-129(1957)
398.15,6.86,513.9,E.Terres-W.Jahn-andH.Reissmann-Brennstoff-Chemie38-129(1957)
398.15,7.84,515.9,E.Terres-W.Jahn-andH.Reissmann-Brennstoff-Chemie38-129(1957)
398.15,8.82,518.2,E.Terres-W.Jahn-andH.Reissmann-Brennstoff-Chemie38-129(1957)
398.15,9.8,520.3,E.Terres-W.Jahn-andH.Reissmann-Brennstoff-Chemie38-129(1957)
398.15,10.78,523.3,E.Terres-W.Jahn-andH.Reissmann-Brennstoff-Chemie38-129(1957)
398.15,11.76,526.8,E.Terres-W.Jahn-andH.Reissmann-Brennstoff-Chemie38-129(1957)
423.15,0.1,523.4,E.Terres-W.Jahn-andH.Reissmann-Brennstoff-Chemie38-129(1957)
423.15,0.98,522.9,E.Terres-W.Jahn-andH.Reissmann-Brennstoff-Chemie38-129(1957)
423.15,1.96,522.9,E.Terres-W.Jahn-andH.Reissmann-Brennstoff-Chemie38-129(1957)
423.15,2.94,523.2,E.Terres-W.Jahn-andH.Reissmann-Brennstoff-Chemie38-129(1957)
423.15,3.92,523.9,E.Terres-W.Jahn-andH.Reissmann-Brennstoff-Chemie38-129(1957)
423.15,4.9,525.2,E.Terres-W.Jahn-andH.Reissmann-Brennstoff-Chemie38-129(1957)
423.15,5.88,526.8,E.Terres-W.Jahn-andH.Reissmann-Brennstoff-Chemie38-129(1957)
423.15,6.86,528.2,E.Terres-W.Jahn-andH.Reissmann-Brennstoff-Chemie38-129(1957)
423.15,7.84,530.2,E.Terres-W.Jahn-andH.Reissmann-Brennstoff-Chemie38-129(1957)
423.15,8.82,532.6,E.Terres-W.Jahn-andH.Reissmann-Brennstoff-Chemie38-129(1957)
423.15,9.8,535.0,E.Terres-W.Jahn-andH.Reissmann-Brennstoff-Chemie38-129(1957)
423.15,10.78,538.0,E.Terres-W.Jahn-andH.Reissmann-Brennstoff-Chemie38-129(1957)
423.15,11.76,542.0,E.Terres-W.Jahn-andH.Reissmann-Brennstoff-Chemie38-129(1957)